store_id,store_name,company,city,state,lat,lng
42985,Blinkit-42985,Blinkit,Thiruvananthapuram,Kerala,8.47825956126482,76.95471090994006
40038,Blinkit-40038,Blinkit,Thiruvananthapuram,Kerala,8.525198936758894,76.95539499964538
38514,Blinkit-38514,Blinkit,Kottayam,Kerala,9.587031219906576,76.53578187897484
38406,Blinkit-38406,Blinkit,Madurai,Tamil Nadu,9.92239097269134,78.09568564957308
39056,Blinkit-39056,Blinkit,Cochin,Kerala,9.949992891843332,76.25344163680757
36232,Blinkit-36232,Blinkit,Cochin,Kerala,9.954733883219548,76.34603971638177
37696,Blinkit-37696,Blinkit,Cochin,Kerala,9.95844390837226,76.30208214425558
35756,Blinkit-35756,Blinkit,Cochin,Kerala,9.984797174991018,76.30620908009283
35896,Blinkit-35896,Blinkit,Cochin,Kerala,10.001311534315484,76.27954568125936
36590,Blinkit-36590,Blinkit,Aluva,Kerala,10.016226899748473,76.36241301280216
36310,Blinkit-36310,Blinkit,Elur,Kerala,10.027027,76.3110593654827
35852,Blinkit-35852,Blinkit,Elur,Kerala,10.0087471512756,76.34228117571521
39110,Blinkit-39110,Blinkit,Aluva,Kerala,10.107542063959755,76.35266640058886
39824,Blinkit-39824,Blinkit,Trichur,Kerala,10.50708658354294,76.22367865971026
38405,Blinkit-38405,Blinkit,Trichur,Kerala,10.532675131512756,76.20261205417093
38044,Blinkit-38044,Blinkit,Tiruchirappalli,Tamil Nadu,10.821211351778656,78.68826731728282
47035,Blinkit-47035,Blinkit,Coimbatore,Tamil Nadu,10.99307402084082,76.95051071419608
35954,Blinkit-35954,Blinkit,Coimbatore,Tamil Nadu,11.018939799496948,76.98907646414291
45700,Blinkit-45700,Blinkit,Perur,Tamil Nadu,11.028525383039886,76.9018150156989
35956,Blinkit-35956,Blinkit,Coimbatore,Tamil Nadu,11.026353266618756,76.9369252945049
36692,Blinkit-36692,Blinkit,Singanallur,Tamil Nadu,11.012462975925262,77.021797
46973,Blinkit-46973,Blinkit,Coimbatore,Tamil Nadu,11.016229145526411,76.95681269511132
39366,Blinkit-39366,Blinkit,Irugur,Tamil Nadu,11.049733123248291,77.03666946579365
39048,Blinkit-39048,Blinkit,Periyanayakkanpalaiyam,Tamil Nadu,11.083892713977722,76.97997700309351
46959,Blinkit-46959,Blinkit,Coimbatore,Tamil Nadu,11.076944277039166,76.94263891662882
38606,Blinkit-38606,Blinkit,Kozhikode,Kerala,11.271478228530365,75.77788839982405
38452,Blinkit-38452,Blinkit,Erode,Tamil Nadu,11.33722265684513,77.71002539442775
40190,Blinkit-40190,Blinkit,Salem,Tamil Nadu,11.677176179662236,78.15467288926844
39044,Blinkit-39044,Blinkit,Puducherry,Pondicherry,11.940733488321955,79.82622962597024
35900,Blinkit-35900,Blinkit,Mysuru,Karnataka,12.26819490118577,76.64180497525668
37422,Blinkit-37422,Blinkit,Mysuru,Karnataka,12.296856827524255,76.63149132530273
45943,Blinkit-45943,Blinkit,Mysuru,Karnataka,12.30296758929213,76.69298986957187
37128,Blinkit-37128,Blinkit,Mysuru,Karnataka,12.344285782608695,76.61429612334933
38286,Blinkit-38286,Blinkit,Mysuru,Karnataka,12.326084689902984,76.66054235568888
37470,Blinkit-37470,Blinkit,Mysuru,Karnataka,12.332829915199426,76.63247344605129
45857,Blinkit-45857,Blinkit,Mandya,Karnataka,12.52113407869206,76.89722656464345
45783,Blinkit-45783,Blinkit,Anekal,Karnataka,12.722346656934963,77.7035079298929
39206,Blinkit-39206,Blinkit,Hosur,Tamil Nadu,12.72973,77.8201783926145
36014,Blinkit-36014,Blinkit,Singapperumalkovil,Tamil Nadu,12.725198020122171,79.99580555901544
37808,Blinkit-37808,Blinkit,Anekal,Karnataka,12.791646622709306,77.6554872809615
45797,Blinkit-45797,Blinkit,Hosur,Tamil Nadu,12.783343827524256,77.77039725743386
39370,Blinkit-39370,Blinkit,Anekal,Karnataka,12.789611947897953,77.70383300524479
40092,Blinkit-40092,Blinkit,Bengaluru,Karnataka,12.813286784764644,77.50934138963686
43547,Blinkit-43547,Blinkit,Guduvancheri,Tamil Nadu,12.816187392382322,80.07753377929156
45779,Blinkit-45779,Blinkit,Vengavasal,Tamil Nadu,12.790972889328062,80.22108342552964
44856,Blinkit-44856,Blinkit,Guduvancheri,Tamil Nadu,12.819154219187928,80.04281999189024
41513,Blinkit-41513,Blinkit,Hosur,Tamil Nadu,12.818617324110672,77.78581058395632
45076,Blinkit-45076,Blinkit,Bengaluru,Karnataka,12.84205557096658,77.58974299489059
37516,Blinkit-37516,Blinkit,Anekal,Karnataka,12.820301962630255,77.66351737897496
37086,Blinkit-37086,Blinkit,Vengavasal,Tamil Nadu,12.827297690711465,80.16478076210669
31033,Blinkit-31033,Blinkit,Anekal,Karnataka,12.83592459719727,77.69935997458091
41539,Blinkit-41539,Blinkit,Bengaluru,Karnataka,12.842176842975206,77.64092280649328
38106,Blinkit-38106,Blinkit,Guduvancheri,Tamil Nadu,12.829493780812074,80.0466570069874
35562,Blinkit-35562,Blinkit,Injambakkam,Tamil Nadu,12.842976339920948,80.22731451523035
30720,Blinkit-30720,Blinkit,Anekal,Karnataka,12.83643214301114,77.66496753792303
45018,Blinkit-45018,Blinkit,Vengavasal,Tamil Nadu,12.845492888250089,80.14821090646807
38260,Blinkit-38260,Blinkit,Guduvancheri,Tamil Nadu,12.860372832554797,80.07341536590033
41773,Blinkit-41773,Blinkit,Mangalore,Karnataka,12.86791027488322,74.8467298041079
31025,Blinkit-31025,Blinkit,Bengaluru,Karnataka,12.851351,77.65187005645909
34288,Blinkit-34288,Blinkit,Hosur,Tamil Nadu,12.859960220984547,77.77732353317114
44077,Blinkit-44077,Blinkit,Anekal,Karnataka,12.851351,77.6743598108752
35552,Blinkit-35552,Blinkit,Vengavasal,Tamil Nadu,12.881442139417894,80.19758729527969
34348,Blinkit-34348,Blinkit,Bengaluru,Karnataka,12.864865,77.60061947823364
40532,Blinkit-40532,Blinkit,Hosur,Tamil Nadu,12.883054694214875,77.7541624606185
41471,Blinkit-41471,Blinkit,Vandalur,Tamil Nadu,12.889709103844773,80.1157502482157
37340,Blinkit-37340,Blinkit,Mangalore,Karnataka,12.885654320517428,74.84529680419627
40150,Blinkit-40150,Blinkit,Bengaluru,Karnataka,12.88624344511319,77.4512653195247
31462,Blinkit-31462,Blinkit,Bengaluru,Karnataka,12.871429563061444,77.6168505810143
30614,Blinkit-30614,Blinkit,Bengaluru,Karnataka,12.89301488896874,77.64978572610522
40528,Blinkit-40528,Blinkit,Bengaluru,Karnataka,12.889570957240387,77.54083187255476
30792,Blinkit-30792,Blinkit,Bengaluru,Karnataka,12.874883569529285,77.64802852306819
31250,Blinkit-31250,Blinkit,Bengaluru,Karnataka,12.884288887531442,77.67232743414621
42458,Blinkit-42458,Blinkit,Bengaluru,Karnataka,12.873711273445922,77.5703183741694
30248,Blinkit-30248,Blinkit,Bengaluru,Karnataka,12.894479136183971,77.56540544053333
41161,Blinkit-41161,Blinkit,Bengaluru,Karnataka,12.88916113402803,77.60140234110237
30638,Blinkit-30638,Blinkit,Bengaluru,Karnataka,12.889444102048149,77.62061268488566
30788,Blinkit-30788,Blinkit,Bengaluru,Karnataka,12.884754917714698,77.59598748516463
37330,Blinkit-37330,Blinkit,Bengaluru,Karnataka,12.89230073158462,77.57423465049968
38212,Blinkit-38212,Blinkit,Bengaluru,Karnataka,12.893589808120732,77.6627516350109
34744,Blinkit-34744,Blinkit,Bengaluru,Karnataka,12.895588550485089,77.6327087281061
39451,Blinkit-39451,Blinkit,Vellore,Tamil Nadu,12.929456190082648,79.135142
30644,Blinkit-30644,Blinkit,Injambakkam,Tamil Nadu,12.892983448077617,80.2312331876986
46663,Blinkit-46663,Blinkit,Mangalore,Karnataka,12.927531712540423,74.858144053612
34544,Blinkit-34544,Blinkit,Bengaluru,Karnataka,12.91698763097377,77.49931445721091
34612,Blinkit-34612,Blinkit,Bengaluru,Karnataka,12.91557279087316,77.51883764536895
33992,Blinkit-33992,Blinkit,Bengaluru,Karnataka,12.905926020481497,77.60897762850372
39459,Blinkit-39459,Blinkit,Bengaluru,Karnataka,12.910448111749911,77.56689972511006
33415,Blinkit-33415,Blinkit,Bengaluru,Karnataka,12.907260012576357,77.54592782660632
39058,Blinkit-39058,Blinkit,Bengaluru,Karnataka,12.905405,77.58719118339005
40589,Blinkit-40589,Blinkit,Bengaluru,Karnataka,12.908670361121091,77.65066594566325
34994,Blinkit-34994,Blinkit,Bengaluru,Karnataka,12.912702686669062,77.62505502088707
45342,Blinkit-45342,Blinkit,Bengaluru,Karnataka,12.900670900107796,77.6628161359692
31304,Blinkit-31304,Blinkit,Bengaluru,Karnataka,12.908499681997844,77.67630824335264
34262,Blinkit-34262,Blinkit,Bengaluru,Karnataka,12.903379308300394,77.63875430999603
38326,Blinkit-38326,Blinkit,Vengavasal,Tamil Nadu,12.915150584620912,80.15694015294885
39466,Blinkit-39466,Blinkit,Vandalur,Tamil Nadu,12.924681666187569,80.0980790614064
33317,Blinkit-33317,Blinkit,Vengavasal,Tamil Nadu,12.914728378368666,80.1900991980772
34610,Blinkit-34610,Blinkit,Bengaluru,Karnataka,12.932746408911248,77.49135700566981
31532,Blinkit-31532,Blinkit,Bengaluru,Karnataka,12.926078540064678,77.58947667065661
40102,Blinkit-40102,Blinkit,Bengaluru,Karnataka,12.92612345562343,77.60870143744702
38218,Blinkit-38218,Blinkit,Bengaluru,Karnataka,12.929283419331655,77.56259498797164
42474,Blinkit-42474,Blinkit,Bengaluru,Karnataka,12.932432,77.57564
36385,Blinkit-36385,Blinkit,Bengaluru,Karnataka,12.919246883578872,77.61484335450456
36475,Blinkit-36475,Blinkit,Bengaluru,Karnataka,12.91955230937837,77.648514
36527,Blinkit-36527,Blinkit,Bengaluru,Karnataka,12.923821533237511,77.63836757555632
38280,Blinkit-38280,Blinkit,Bengaluru,Karnataka,12.914828284225656,77.66704636752499
36222,Blinkit-36222,Blinkit,Bengaluru,Karnataka,12.923239876751708,77.69517339960302
40777,Blinkit-40777,Blinkit,Bengaluru,Karnataka,12.926262693855552,77.7390210939227
34546,Blinkit-34546,Blinkit,Bengaluru,Karnataka,12.936663045634209,77.54858225923512
38084,Blinkit-38084,Blinkit,Bengaluru,Karnataka,12.938650559108876,77.62622061289399
36535,Blinkit-36535,Blinkit,Bengaluru,Karnataka,12.932432,77.51734
40076,Blinkit-40076,Blinkit,Bengaluru,Karnataka,12.927311626302552,77.63804966348344
30771,Blinkit-30771,Blinkit,Bengaluru,Karnataka,12.931982844412504,77.68330835217687
39826,Blinkit-39826,Blinkit,Chennai,Tamil Nadu,12.935715327344592,80.14130532774328
35326,Blinkit-35326,Blinkit,Madipakkam,Tamil Nadu,12.927486796981675,80.19508355343325
35040,Blinkit-35040,Blinkit,Madipakkam,Tamil Nadu,12.9523991365433,80.1859576322161
40580,Blinkit-40580,Blinkit,Injambakkam,Tamil Nadu,12.931291144807762,80.23487281673314
37170,Blinkit-37170,Blinkit,Bengaluru,Karnataka,12.960932230326986,77.50167367226832
39526,Blinkit-39526,Blinkit,Bengaluru,Karnataka,12.950154587854833,77.54738870745722
42816,Blinkit-42816,Blinkit,Bengaluru,Karnataka,12.94266716421128,77.5719853005078
30377,Blinkit-30377,Blinkit,Bengaluru,Karnataka,12.943552000718649,77.61744679648548
38284,Blinkit-38284,Blinkit,Bengaluru,Karnataka,12.945698964426876,77.59678831174199
44319,Blinkit-44319,Blinkit,Bengaluru,Karnataka,12.957208730506649,77.66164066082654
33720,Blinkit-33720,Blinkit,Bengaluru,Karnataka,12.950383657204457,77.69014746169228
35672,Blinkit-35672,Blinkit,Chennai,Tamil Nadu,12.960195615163494,80.16551089224508
39290,Blinkit-39290,Blinkit,Bengaluru,Karnataka,12.970255608695652,77.52458639489397
37630,Blinkit-37630,Blinkit,Bengaluru,Karnataka,12.960404023356093,77.60184387932668
37690,Blinkit-37690,Blinkit,Bengaluru,Karnataka,12.955865755300035,77.57792601274856
33966,Blinkit-33966,Blinkit,Bengaluru,Karnataka,12.965750578153072,77.60267804731664
35570,Blinkit-35570,Blinkit,Bengaluru,Karnataka,12.956830348185411,77.72943871071409
35558,Blinkit-35558,Blinkit,Bengaluru,Karnataka,12.958156448796265,77.70869345180299
37418,Blinkit-37418,Blinkit,Katpadi,Tamil Nadu,12.968400596119295,79.1488550967243
37022,Blinkit-37022,Blinkit,Perungudi,Tamil Nadu,12.959459,80.242827
36602,Blinkit-36602,Blinkit,Gandhi Nagar,Tamil Nadu,12.982408406934963,80.25934204902995
41473,Blinkit-41473,Blinkit,Bengaluru,Karnataka,12.987469650736616,77.48489985069796
34658,Blinkit-34658,Blinkit,Bengaluru,Karnataka,12.975649967301472,77.55614236873016
42818,Blinkit-42818,Blinkit,Bengaluru,Karnataka,12.980551531800216,77.57425258625086
44079,Blinkit-44079,Blinkit,Bengaluru,Karnataka,12.982591821056412,77.61233922329504
30664,Blinkit-30664,Blinkit,Bengaluru,Karnataka,12.977262435860585,77.63923957054259
35088,Blinkit-35088,Blinkit,Bengaluru,Karnataka,12.979166855551563,77.6419779904519
35494,Blinkit-35494,Blinkit,Bengaluru,Karnataka,12.969359543298598,77.67445418606691
35572,Blinkit-35572,Blinkit,Bengaluru,Karnataka,12.974545198706432,77.69695141631868
38210,Blinkit-38210,Blinkit,Bengaluru,Karnataka,12.963124109593965,77.70843998347907
41913,Blinkit-41913,Blinkit,Bengaluru,Karnataka,12.967156140136543,77.71873466901101
41783,Blinkit-41783,Blinkit,Bengaluru,Karnataka,12.974814537908731,77.67864015644686
36154,Blinkit-36154,Blinkit,Bengaluru,Karnataka,12.980190930291052,77.75040804825147
31669,Blinkit-31669,Blinkit,Perungudi,Tamil Nadu,12.974998691699604,80.22248126700431
34826,Blinkit-34826,Blinkit,Chennai,Tamil Nadu,12.964474976284585,80.13011806120961
42038,Blinkit-42038,Blinkit,Nandambakkam,Tamil Nadu,12.968415162414662,80.097079
41455,Blinkit-41455,Blinkit,Saint Thomas Mount,Tamil Nadu,12.983979711821776,80.18730288972627
30566,Blinkit-30566,Blinkit,Bengaluru,Karnataka,12.985803283507003,77.52057122541216
31277,Blinkit-31277,Blinkit,Bengaluru,Karnataka,13.0,77.55256558755872
45744,Blinkit-45744,Blinkit,Bengaluru,Karnataka,12.997754222062522,77.6738922976825
31434,Blinkit-31434,Blinkit,Bengaluru,Karnataka,12.995035800125764,77.66707203002179
39340,Blinkit-39340,Blinkit,Bengaluru,Karnataka,12.980390958677686,77.6796634701888
34835,Blinkit-34835,Blinkit,Bengaluru,Karnataka,12.98010125332375,77.73395004757805
34754,Blinkit-34754,Blinkit,Bengaluru,Karnataka,12.989749730686308,77.71722090369373
38600,Blinkit-38600,Blinkit,Bengaluru,Karnataka,12.982250462809915,77.76693804644043
43543,Blinkit-43543,Blinkit,Alandur,Tamil Nadu,12.99034873805246,80.2142485814992
40186,Blinkit-40186,Blinkit,Hassan,Karnataka,13.017250974487965,76.11036625730716
41915,Blinkit-41915,Blinkit,Bengaluru,Karnataka,13.01148740998922,77.54393147936621
41651,Blinkit-41651,Blinkit,Bengaluru,Karnataka,13.01643351131872,77.50387701048808
30995,Blinkit-30995,Blinkit,Bengaluru,Karnataka,13.000911785842614,77.61350045750818
40144,Blinkit-40144,Blinkit,Bengaluru,Karnataka,13.00500250161696,77.56515854789895
37674,Blinkit-37674,Blinkit,Bengaluru,Karnataka,12.992274523895077,77.59881162076654
42312,Blinkit-42312,Blinkit,Bengaluru,Karnataka,12.994632590729427,77.61552879293683
42260,Blinkit-42260,Blinkit,Bengaluru,Karnataka,13.012817808839385,77.64276538618016
45094,Blinkit-45094,Blinkit,Bengaluru,Karnataka,12.991341371900829,77.70534549779458
31320,Blinkit-31320,Blinkit,Bengaluru,Karnataka,12.999061264822137,77.71435447287257
34538,Blinkit-34538,Blinkit,Gandhi Nagar,Tamil Nadu,13.006364897412864,80.25720642907208
40861,Blinkit-40861,Blinkit,Alandur,Tamil Nadu,13.013514,80.2243150997956
40972,Blinkit-40972,Blinkit,Chennai,Tamil Nadu,13.013217945382682,80.13074338462688
38208,Blinkit-38208,Blinkit,Bengaluru,Karnataka,13.026362249730504,77.61400233373458
37676,Blinkit-37676,Blinkit,Bengaluru,Karnataka,13.026465555515632,77.59246377995328
33666,Blinkit-33666,Blinkit,Bengaluru,Karnataka,13.022640995688109,77.62899569992521
34780,Blinkit-34780,Blinkit,Bengaluru,Karnataka,13.023312483291411,77.6701093233456
30378,Blinkit-30378,Blinkit,Bengaluru,Karnataka,13.017026396694217,77.65671170707131
45070,Blinkit-45070,Blinkit,Bengaluru,Karnataka,13.030131951491198,77.69309959941809
34766,Blinkit-34766,Blinkit,Bengaluru,Karnataka,13.0261756960115,77.71792586052331
31862,Blinkit-31862,Blinkit,Manappakkam,Tamil Nadu,13.018171743442329,80.16680894534818
31791,Blinkit-31791,Blinkit,Alandur,Tamil Nadu,13.034946767157743,80.21283791587986
38150,Blinkit-38150,Blinkit,Nelamangala,Karnataka,13.050233777578152,77.48743947651609
34742,Blinkit-34742,Blinkit,Bengaluru,Karnataka,13.023310966942148,77.53777830393643
33974,Blinkit-33974,Blinkit,Bengaluru,Karnataka,13.03184616636723,77.57277729702301
43063,Blinkit-43063,Blinkit,Bengaluru,Karnataka,13.03408772583543,77.60915496573409
46785,Blinkit-46785,Blinkit,Poonamalle,Tamil Nadu,13.045885951491195,80.07792581664971
33988,Blinkit-33988,Blinkit,Poonamalle,Tamil Nadu,13.043159577075098,80.13369694677573
37700,Blinkit-37700,Blinkit,Manappakkam,Tamil Nadu,13.02899430147323,80.17914788490043
44858,Blinkit-44858,Blinkit,Gandhi Nagar,Tamil Nadu,13.02393054653252,80.26049225110401
34946,Blinkit-34946,Blinkit,Gandhi Nagar,Tamil Nadu,13.033736292849442,80.23459574849193
39934,Blinkit-39934,Blinkit,Bengaluru,Karnataka,13.042059145885734,77.50682781221711
36010,Blinkit-36010,Blinkit,Bengaluru,Karnataka,13.039255545454544,77.55015043724345
40674,Blinkit-40674,Blinkit,Bengaluru,Karnataka,13.042422961911605,77.57540025443558
39114,Blinkit-39114,Blinkit,Bengaluru,Karnataka,13.03308161731944,77.63769178596895
42488,Blinkit-42488,Blinkit,Bengaluru,Karnataka,13.038326662953647,77.66459526478312
41865,Blinkit-41865,Blinkit,Poonamalle,Tamil Nadu,13.05755831189364,80.11400821232226
36473,Blinkit-36473,Blinkit,Chennai,Tamil Nadu,13.052872720804888,80.17576710346303
33838,Blinkit-33838,Blinkit,Bengaluru,Karnataka,13.062007453826803,77.50541264680406
34540,Blinkit-34540,Blinkit,Bengaluru,Karnataka,13.06301805389867,77.55198603929477
43721,Blinkit-43721,Blinkit,Bengaluru,Karnataka,13.054054,77.57564
44121,Blinkit-44121,Blinkit,Bengaluru,Karnataka,13.069306232123608,77.78982985816997
34734,Blinkit-34734,Blinkit,Bengaluru,Karnataka,13.052711024793387,77.60109121679102
33926,Blinkit-33926,Blinkit,Bengaluru,Karnataka,13.07004393891484,77.65270067810621
31244,Blinkit-31244,Blinkit,Bengaluru,Karnataka,13.029381883578871,77.76224902415201
33509,Blinkit-33509,Blinkit,Bengaluru,Karnataka,13.046944989938916,77.62773313337969
34602,Blinkit-34602,Blinkit,Chennai,Tamil Nadu,13.056268337046353,80.1938227290712
41228,Blinkit-41228,Blinkit,Chennai,Tamil Nadu,13.048983033417176,80.20599558767526
41547,Blinkit-41547,Blinkit,Chennai,Tamil Nadu,13.058833015450952,80.22484001291186
36371,Blinkit-36371,Blinkit,Chennai,Tamil Nadu,13.06120455695293,80.24425635844442
38366,Blinkit-38366,Blinkit,Chennai,Tamil Nadu,13.05763377003234,80.26972593897587
37414,Blinkit-37414,Blinkit,Bengaluru,Karnataka,13.075992067193674,77.52800936962383
35388,Blinkit-35388,Blinkit,Bengaluru,Karnataka,13.067568,77.58062905961508
42172,Blinkit-42172,Blinkit,Bengaluru,Karnataka,13.066894266618757,77.60913943959942
36375,Blinkit-36375,Blinkit,Bengaluru,Karnataka,13.06151338268056,77.63437241968933
34756,Blinkit-34756,Blinkit,Bengaluru,Karnataka,13.064209407833276,77.74137135106825
31861,Blinkit-31861,Blinkit,Chennai,Tamil Nadu,13.07210896298958,80.22092891839819
34792,Blinkit-34792,Blinkit,Chennai,Tamil Nadu,13.074752397772189,80.25476907367691
37424,Blinkit-37424,Blinkit,Nelamangala,Karnataka,13.088639196909808,77.488191
35894,Blinkit-35894,Blinkit,Bengaluru,Karnataka,13.090943365073665,77.60158869810611
30832,Blinkit-30832,Blinkit,Bengaluru,Karnataka,13.08165142759612,77.633939
35264,Blinkit-35264,Blinkit,Bengaluru,Karnataka,13.08007489148401,77.64403650794321
31757,Blinkit-31757,Blinkit,Chennai,Tamil Nadu,13.08567586166008,80.18827698122949
36220,Blinkit-36220,Blinkit,Chennai,Tamil Nadu,13.093656264822137,80.10617096663483
35084,Blinkit-35084,Blinkit,Chennai,Tamil Nadu,13.089156817463168,80.21811293290445
38830,Blinkit-38830,Blinkit,Chennai,Tamil Nadu,13.088288855551564,80.25101511925084
41971,Blinkit-41971,Blinkit,George Town,Tamil Nadu,13.09007200323392,80.28614058703907
38838,Blinkit-38838,Blinkit,Bengaluru,Karnataka,13.104645010420407,77.57005521982
37430,Blinkit-37430,Blinkit,Bengaluru,Karnataka,13.102484572044556,77.63350089667018
40823,Blinkit-40823,Blinkit,Chennai,Tamil Nadu,13.099782747035574,80.19193862625553
45324,Blinkit-45324,Blinkit,Chennai,Tamil Nadu,13.096930609054976,80.23180744047481
30697,Blinkit-30697,Blinkit,George Town,Tamil Nadu,13.103753282429034,80.24945639473012
37126,Blinkit-37126,Blinkit,Chennai,Tamil Nadu,13.118998931369026,80.15155928652187
42122,Blinkit-42122,Blinkit,Chennai,Tamil Nadu,13.11720475961193,80.22871109251555
34134,Blinkit-34134,Blinkit,Bengaluru,Karnataka,13.122452937836869,77.62373153889422
41447,Blinkit-41447,Blinkit,Bengaluru,Karnataka,13.122331665828243,77.6021555622397
38682,Blinkit-38682,Blinkit,Bengaluru,Karnataka,13.116634127200864,77.57294667187773
35548,Blinkit-35548,Blinkit,Chennai,Tamil Nadu,13.125470056054615,80.19505137437345
44660,Blinkit-44660,Blinkit,George Town,Tamil Nadu,13.118450961552282,80.26120230068736
36430,Blinkit-36430,Blinkit,Chinnasekkadu,Tamil Nadu,13.138574734099892,80.22861889864744
38368,Blinkit-38368,Blinkit,George Town,Tamil Nadu,13.120921317283509,80.28447100138483
35704,Blinkit-35704,Blinkit,Bengaluru,Karnataka,13.143384896514553,77.5660555968032
40680,Blinkit-40680,Blinkit,Bengaluru,Karnataka,13.141586028386635,77.6292377791616
44866,Blinkit-44866,Blinkit,Bengaluru,Karnataka,13.140809609054978,77.68370196832687
44303,Blinkit-44303,Blinkit,Chinnasekkadu,Tamil Nadu,13.143375913402805,80.25528952516547
44616,Blinkit-44616,Blinkit,Chennai,Tamil Nadu,13.047085196909809,80.2666230807697
40405,Blinkit-40405,Blinkit,Naravarikuppam,Tamil Nadu,13.182982421128276,80.19358017228582
38148,Blinkit-38148,Blinkit,Dod Ballapur,Karnataka,13.229006859504132,77.54957400455287
45881,Blinkit-45881,Blinkit,Devanhalli,Karnataka,13.228319651455264,77.692238
45708,Blinkit-45708,Blinkit,Chikmagalur,Karnataka,13.324324,75.77234613462265
38104,Blinkit-38104,Blinkit,Udipi,Karnataka,13.334577130434782,74.7497178995237
38922,Blinkit-38922,Blinkit,Tumkur,Karnataka,13.337004367229609,77.11883564845294
37328,Blinkit-37328,Blinkit,Manipala,Karnataka,13.356030331656486,74.78406321646521
42618,Blinkit-42618,Blinkit,Tirupati,Andhra Pradesh,13.6145373215954,79.405410667198
38262,Blinkit-38262,Blinkit,Tirupati,Andhra Pradesh,13.631757349982037,79.42599557203367
45777,Blinkit-45777,Blinkit,Akkarampalle,Andhra Pradesh,13.652390466043837,79.45663385626355
38516,Blinkit-38516,Blinkit,Shimoga,Karnataka,13.936088126482217,75.57122472334319
45762,Blinkit-45762,Blinkit,Chitradurga,Karnataka,14.230983144089112,76.40316685577255
45686,Blinkit-45686,Blinkit,Nellore,Andhra Pradesh,14.418919,79.95734137734266
38476,Blinkit-38476,Blinkit,Nellore,Andhra Pradesh,14.44035071254042,79.98522945483114
37868,Blinkit-37868,Blinkit,Harihar,Karnataka,14.454266761408553,75.9148365862591
45638,Blinkit-45638,Blinkit,Anantapur,Andhra Pradesh,14.677903811713977,77.58448449728424
38598,Blinkit-38598,Blinkit,Bellary,Karnataka,15.153367533596835,76.9297351737432
41991,Blinkit-41991,Blinkit,Benaulim,Goa,15.27027,73.93223897999552
46321,Blinkit-46321,Blinkit,Hospet,Karnataka,15.27216543657923,76.39319532830908
35000,Blinkit-35000,Blinkit,Davorlim,Goa,15.27738462450593,73.975665
38324,Blinkit-38324,Blinkit,Hubli,Karnataka,15.358895722242185,75.11679827522099
45746,Blinkit-45746,Blinkit,Hubli,Karnataka,15.368554813151276,75.15034076892773
34344,Blinkit-34344,Blinkit,Chicalim,Goa,15.390162750988145,73.86264019084777
36024,Blinkit-36024,Blinkit,Vasco Da Gama,Goa,15.397762463528569,73.81900945918795
41989,Blinkit-41989,Blinkit,Ponda,Goa,15.401908169601148,74.00626390327723
38082,Blinkit-38082,Blinkit,Hubli,Karnataka,15.450239927416456,74.995901
44043,Blinkit-44043,Blinkit,Bambolim,Goa,15.473718598275244,73.84994009901976
38256,Blinkit-38256,Blinkit,Taleigao,Goa,15.458021702120016,73.81573072294267
34106,Blinkit-34106,Blinkit,Panaji,Goa,15.490002888250087,73.82136778167705
37876,Blinkit-37876,Blinkit,Goa Velha,Goa,15.489089420768954,73.90512309229699
44373,Blinkit-44373,Blinkit,Ongole,Andhra Pradesh,15.508941596119296,80.04353927119814
42752,Blinkit-42752,Blinkit,Candolim,Goa,15.510518132231406,73.78495774737792
33970,Blinkit-33970,Blinkit,Serula,Goa,15.543042796622348,73.82132433411171
34594,Blinkit-34594,Blinkit,Calangute,Goa,15.534833324110672,73.76488191704547
45164,Blinkit-45164,Blinkit,Saligao,Goa,15.56397026374416,73.78334419018263
43449,Blinkit-43449,Blinkit,Mapuca,Goa,15.593368805246138,73.80219959674045
42028,Blinkit-42028,Blinkit,Vagator,Goa,15.596548826805606,73.74606901492314
36389,Blinkit-36389,Blinkit,Mapuca,Goa,15.60015105461732,73.81766533671394
35694,Blinkit-35694,Blinkit,Solim,Goa,15.631305794466403,73.76067728716872
39208,Blinkit-39208,Blinkit,Alampur,Telangana,15.828379874955086,78.03658491361283
38188,Blinkit-38188,Blinkit,Belgaum,Karnataka,15.834583867768592,74.5032152316345
38206,Blinkit-38206,Blinkit,Belgaum,Karnataka,15.885540939992817,74.51087484953017
45130,Blinkit-45130,Blinkit,Raichur,Karnataka,16.207826474667623,77.35509351399499
46015,Blinkit-46015,Blinkit,Mangalagiri,Andhra Pradesh,16.242344688825007,80.64219129307796
41705,Blinkit-41705,Blinkit,Guntur,Andhra Pradesh,16.296991574200504,80.45213853404627
38468,Blinkit-38468,Blinkit,Guntur,Andhra Pradesh,16.310811,80.41620770868364
36594,Blinkit-36594,Blinkit,Guntur,Andhra Pradesh,16.332224646784045,80.440709926765
35926,Blinkit-35926,Blinkit,Tadepalle,Andhra Pradesh,16.472973,80.61677337538808
35686,Blinkit-35686,Blinkit,Yanamalakuduru,Andhra Pradesh,16.489076536112112,80.68782471429387
41607,Blinkit-41607,Blinkit,Yanamalakuduru,Andhra Pradesh,16.492091461731942,80.67056436577826
35930,Blinkit-35930,Blinkit,Yanamalakuduru,Andhra Pradesh,16.50365163492634,80.650921
35684,Blinkit-35684,Blinkit,Yanamalakuduru,Andhra Pradesh,16.508694560546175,80.67423843551076
35952,Blinkit-35952,Blinkit,Vijayawada,Andhra Pradesh,16.51719258426159,80.6245116505588
40773,Blinkit-40773,Blinkit,Bhimavaram,Andhra Pradesh,16.540541,81.51230523020907
39104,Blinkit-39104,Blinkit,Vijayawada,Andhra Pradesh,16.532452799496948,80.59196138333489
39108,Blinkit-39108,Blinkit,Vijayawada,Andhra Pradesh,16.54759065109594,80.65280463501475
45084,Blinkit-45084,Blinkit,Kolhapur,Maharashtra,16.67747262234998,74.20440299572199
39052,Blinkit-39052,Blinkit,Kolhapur,Maharashtra,16.681658752425438,74.23494081683576
41299,Blinkit-41299,Blinkit,Eluru,Andhra Pradesh,16.71232666475027,81.10034395197793
38466,Blinkit-38466,Blinkit,Kolhapur,Maharashtra,16.712043344592168,74.24562743938527
45644,Blinkit-45644,Blinkit,Sangli,Maharashtra,16.83515936471434,74.64048599460017
40678,Blinkit-40678,Blinkit,Bijapur,Karnataka,16.8340699690981,75.71816567918175
42158,Blinkit-42158,Blinkit,Sangli,Maharashtra,16.8574763905857,74.58488310105164
41101,Blinkit-41101,Blinkit,Ramanayyapeta,Andhra Pradesh,16.943367846927774,82.23641867055142
43595,Blinkit-43595,Blinkit,Rajahmundry,Andhra Pradesh,16.994732496586415,81.80410063741239
37020,Blinkit-37020,Blinkit,Kakinada,Andhra Pradesh,16.975861070427595,82.24790215986575
40094,Blinkit-40094,Blinkit,Kakinada,Andhra Pradesh,16.99852227811714,82.24516504041264
38086,Blinkit-38086,Blinkit,Rajahmundry,Andhra Pradesh,17.010381969816745,81.79266661436247
41153,Blinkit-41153,Blinkit,Rajahmundry,Andhra Pradesh,17.029856680201224,81.78565520688578
42857,Blinkit-42857,Blinkit,Khammam,Telangana,17.25827065432986,80.15575896831321
40583,Blinkit-40583,Blinkit,Sriramnagar,Telangana,17.26391654006468,78.38175863771035
41525,Blinkit-41525,Blinkit,Balapur,Telangana,17.32081609486166,78.52510410270389
40362,Blinkit-40362,Blinkit,Balapur,Telangana,17.318642181818184,78.48949530406165
38722,Blinkit-38722,Blinkit,Lal Bahadur Nagar,Telangana,17.323560435501257,78.55402829308423
38454,Blinkit-38454,Blinkit,Gulbarga,Karnataka,17.334240263744164,76.83940180314431
35898,Blinkit-35898,Blinkit,Hyderabad,Telangana,17.324898919151995,78.4260876320234
40921,Blinkit-40921,Blinkit,Lal Bahadur Nagar,Telangana,17.3330859338843,78.57964846279141
45434,Blinkit-45434,Blinkit,Lal Bahadur Nagar,Telangana,17.32278339633489,78.61045
40917,Blinkit-40917,Blinkit,Hyderabad,Telangana,17.343227867049947,78.45211739848813
40208,Blinkit-40208,Blinkit,Hyderabad,Telangana,17.344696605821056,78.39214327003691
43715,Blinkit-43715,Blinkit,Hyderabad,Telangana,17.352779314768238,78.41617818909549
34338,Blinkit-34338,Blinkit,Gaddi Annaram,Telangana,17.347021140136544,78.532404564758
34008,Blinkit-34008,Blinkit,Hyderabad,Telangana,17.358049063959758,78.38384191480725
36860,Blinkit-36860,Blinkit,Hyderabad,Telangana,17.35933698634567,78.47735699760405
33531,Blinkit-33531,Blinkit,Lal Bahadur Nagar,Telangana,17.35885189831118,78.55668272154169
34606,Blinkit-34606,Blinkit,Hyderabad,Telangana,17.365215341358248,78.420978
35646,Blinkit-35646,Blinkit,Hyderabad,Telangana,17.382433874955087,78.4430344572198
37474,Blinkit-37474,Blinkit,Gaddi Annaram,Telangana,17.371835894717933,78.50607291762138
37088,Blinkit-37088,Blinkit,Gaddi Annaram,Telangana,17.368759178943588,78.53970317556895
34284,Blinkit-34284,Blinkit,Hyderabad,Telangana,17.384109225296445,78.33857891834015
41094,Blinkit-41094,Blinkit,Hyderabad,Telangana,17.38358351994251,78.3678300745166
41225,Blinkit-41225,Blinkit,Hyderabad,Telangana,17.394955241106718,78.42687082642784
43439,Blinkit-43439,Blinkit,Hyderabad,Telangana,17.39361675745598,78.48558403845121
34406,Blinkit-34406,Blinkit,Uppal Kalan,Telangana,17.40043621631333,78.5412285848094
40327,Blinkit-40327,Blinkit,Hyderabad,Telangana,17.396657540783327,78.33721264876294
39456,Blinkit-39456,Blinkit,Hyderabad,Telangana,17.395354989579587,78.362678
30881,Blinkit-30881,Blinkit,Hyderabad,Telangana,17.39770407330219,78.4006372581408
31424,Blinkit-31424,Blinkit,Malkajgiri,Telangana,17.408553580668343,78.49910590644444
33135,Blinkit-33135,Blinkit,Uppal Kalan,Telangana,17.401088614804166,78.57520576136048
30729,Blinkit-30729,Blinkit,Hyderabad,Telangana,17.406415779734097,78.3743959600846
37684,Blinkit-37684,Blinkit,Hyderabad,Telangana,17.400367565936037,78.3819293803456
40817,Blinkit-40817,Blinkit,Hyderabad,Telangana,17.405405,78.40844587413736
31237,Blinkit-31237,Blinkit,Hyderabad,Telangana,17.402247436219906,78.47771427535118
38090,Blinkit-38090,Blinkit,Ghatkesar,Telangana,17.43499460150916,78.65841263378793
35310,Blinkit-35310,Blinkit,Hyderabad,Telangana,17.42316099065756,78.3286869817876
34776,Blinkit-34776,Blinkit,Hyderabad,Telangana,17.414544224577792,78.36678748923335
30650,Blinkit-30650,Blinkit,Hyderabad,Telangana,17.41746822745239,78.40894499279646
35538,Blinkit-35538,Blinkit,Hyderabad,Telangana,17.42708255695293,78.43282626444268
33513,Blinkit-33513,Blinkit,Hyderabad,Telangana,17.423174961192956,78.46027329302859
41303,Blinkit-41303,Blinkit,Malkajgiri,Telangana,17.430972244340637,78.5445670616198
40248,Blinkit-40248,Blinkit,Uppal Kalan,Telangana,17.4212141850521,78.58479762613268
36552,Blinkit-36552,Blinkit,Hyderabad,Telangana,17.43910086884657,78.33264389240361
38272,Blinkit-38272,Blinkit,Hyderabad,Telangana,17.433492007186487,78.36624179313954
36872,Blinkit-36872,Blinkit,Hyderabad,Telangana,17.445555234638878,78.35918320255402
35630,Blinkit-35630,Blinkit,Hyderabad,Telangana,17.438339453108156,78.39508854022549
40324,Blinkit-40324,Blinkit,Malkajgiri,Telangana,17.447473128997483,78.50260674633182
35560,Blinkit-35560,Blinkit,Hyderabad,Telangana,17.468890175709667,78.30954457596319
43811,Blinkit-43811,Blinkit,Hyderabad,Telangana,17.439931806683436,78.38510169262028
35842,Blinkit-35842,Blinkit,Hyderabad,Telangana,17.449296700682716,78.39097110692539
41987,Blinkit-41987,Blinkit,Hyderabad,Telangana,17.456921220625222,78.43320726988472
42030,Blinkit-42030,Blinkit,Hyderabad,Telangana,17.440875033417175,78.4476035047663
41457,Blinkit-41457,Blinkit,Malkajgiri,Telangana,17.44377208695652,78.46911801251439
33525,Blinkit-33525,Blinkit,Malkajgiri,Telangana,17.4569661864894,78.54709881237011
40443,Blinkit-40443,Blinkit,Hyderabad,Telangana,17.445946,78.28010762140671
41721,Blinkit-41721,Blinkit,Hyderabad,Telangana,17.46919110995329,78.33177734475767
34660,Blinkit-34660,Blinkit,Hyderabad,Telangana,17.463182499820334,78.34630994679081
31514,Blinkit-31514,Blinkit,Hyderabad,Telangana,17.46944712863816,78.35511072522272
35372,Blinkit-35372,Blinkit,Hyderabad,Telangana,17.462277297161332,78.3677393876797
33874,Blinkit-33874,Blinkit,Hyderabad,Telangana,17.47382639561624,78.48513949110429
45752,Blinkit-45752,Blinkit,Ghatkesar,Telangana,17.482120207689544,78.61838038751726
30741,Blinkit-30741,Blinkit,Hyderabad,Telangana,17.474747164570605,78.29913807090871
40250,Blinkit-40250,Blinkit,Hyderabad,Telangana,17.472973,78.34671960476386
34828,Blinkit-34828,Blinkit,Hyderabad,Telangana,17.46805025476105,78.4132745667953
42036,Blinkit-42036,Blinkit,Hyderabad,Telangana,17.476530312252965,78.3613642188232
31012,Blinkit-31012,Blinkit,Hyderabad,Telangana,17.481513847646422,78.39369985041587
34552,Blinkit-34552,Blinkit,Hyderabad,Telangana,17.498625583902264,78.3150121257737
37626,Blinkit-37626,Blinkit,Hyderabad,Telangana,17.492549600431186,78.33061867966359
34140,Blinkit-34140,Blinkit,Hyderabad,Telangana,17.489139869924543,78.35525698447047
36870,Blinkit-36870,Blinkit,Hyderabad,Telangana,17.47733740495868,78.37797744118882
35662,Blinkit-35662,Blinkit,Hyderabad,Telangana,17.484806158102767,78.41740372251017
42807,Blinkit-42807,Blinkit,Hyderabad,Telangana,17.48977831045634,78.4440709695521
42933,Blinkit-42933,Blinkit,Hyderabad,Telangana,17.48049426446281,78.49572149939506
34302,Blinkit-34302,Blinkit,Hyderabad,Telangana,17.50237603305785,78.54606256792808
40246,Blinkit-40246,Blinkit,Hyderabad,Telangana,17.473839870283864,78.55074776945452
34034,Blinkit-34034,Blinkit,Hyderabad,Telangana,17.5,78.59147630163996
34664,Blinkit-34664,Blinkit,Hyderabad,Telangana,17.509956687747035,78.37566581631086
38474,Blinkit-38474,Blinkit,Hyderabad,Telangana,17.500592885375493,78.39582638855212
34304,Blinkit-34304,Blinkit,Hyderabad,Telangana,17.5110750851599,78.45795277248963
37426,Blinkit-37426,Blinkit,Patancheru,Telangana,17.53040219942508,78.29284237601429
38612,Blinkit-38612,Blinkit,Hyderabad,Telangana,17.524172561444487,78.42392430760496
33994,Blinkit-33994,Blinkit,Hyderabad,Telangana,17.534118075098817,78.35749185742542
31058,Blinkit-31058,Blinkit,Hyderabad,Telangana,17.531406266978085,78.39209648949071
30765,Blinkit-30765,Blinkit,Hyderabad,Telangana,17.526537420409632,78.48174044936253
42320,Blinkit-42320,Blinkit,Hyderabad,Telangana,17.54792751778656,78.36334693059443
40584,Blinkit-40584,Blinkit,Hyderabad,Telangana,17.554054,78.43753530176505
42034,Blinkit-42034,Blinkit,Hyderabad,Telangana,17.569229875673734,78.47860328187818
40080,Blinkit-40080,Blinkit,Solapur,Maharashtra,17.634762200862376,75.90157403548537
45430,Blinkit-45430,Blinkit,Hyderabad,Telangana,17.6375020499461,78.48965732390232
40078,Blinkit-40078,Blinkit,Satara,Maharashtra,17.693752420768952,74.00670461012685
44393,Blinkit-44393,Blinkit,Solapur,Maharashtra,17.668072887531437,75.9313465981535
41155,Blinkit-41155,Blinkit,Solapur,Maharashtra,17.675676,75.89792577552753
36592,Blinkit-36592,Blinkit,Visakhapatnam,Andhra Pradesh,17.677845421487604,83.19849298665126
44395,Blinkit-44395,Blinkit,Gajuwaka,Andhra Pradesh,17.69047807653611,83.22655371357972
39827,Blinkit-39827,Blinkit,Visakhapatnam,Andhra Pradesh,17.697618558749554,83.16147761565604
35960,Blinkit-35960,Blinkit,Yarada,Andhra Pradesh,17.716503459575996,83.3092393569071
43057,Blinkit-43057,Blinkit,Yarada,Andhra Pradesh,17.7255379662235,83.30527020858186
36224,Blinkit-36224,Blinkit,Vepagunta,Andhra Pradesh,17.746137318181816,83.25056288713222
35924,Blinkit-35924,Blinkit,Yarada,Andhra Pradesh,17.73226772906935,83.30029914365949
36351,Blinkit-36351,Blinkit,Yarada,Andhra Pradesh,17.731953320158105,83.33226802852555
41731,Blinkit-41731,Blinkit,Vepagunta,Andhra Pradesh,17.75399934998203,83.21862252401428
36228,Blinkit-36228,Blinkit,Yarada,Andhra Pradesh,17.741006205174273,83.31247725514527
36596,Blinkit-36596,Blinkit,Vepagunta,Andhra Pradesh,17.778778129716134,83.35881425310487
41699,Blinkit-41699,Blinkit,Vepagunta,Andhra Pradesh,17.809022167804528,83.20483247955708
36321,Blinkit-36321,Blinkit,Bhimunipatnam,Andhra Pradesh,17.800499479338846,83.35896006967981
40074,Blinkit-40074,Blinkit,Bhimunipatnam,Andhra Pradesh,17.825958926338483,83.35496726447315
38596,Blinkit-38596,Blinkit,Bidar,Karnataka,17.918932474667624,77.5094095171471
41092,Blinkit-41092,Blinkit,Warangal,Telangana,17.976939043837586,79.59557200768825
41479,Blinkit-41479,Blinkit,Warangal,Telangana,17.992302564858065,79.528662
41725,Blinkit-41725,Blinkit,Warangal,Telangana,18.013514,79.55746149330675
39613,Blinkit-39613,Blinkit,Vizianagaram,Andhra Pradesh,18.10721867193676,83.40069671575004
40968,Blinkit-40968,Blinkit,Latur,Maharashtra,18.38468305282069,76.56880991205031
40771,Blinkit-40771,Blinkit,Karimnagar,Telangana,18.43788924038807,79.13381631478822
31214,Blinkit-31214,Blinkit,Pune,Maharashtra,18.44781897879985,73.83707963006026
38032,Blinkit-38032,Blinkit,Pune,Maharashtra,18.43905704491556,73.88882776505255
35647,Blinkit-35647,Blinkit,Pune,Maharashtra,18.454212862738054,73.79246726719298
35532,Blinkit-35532,Blinkit,Pune,Maharashtra,18.444978069708945,73.82221794128306
41829,Blinkit-41829,Blinkit,Pune,Maharashtra,18.444055054976644,73.90648415852127
41827,Blinkit-41827,Blinkit,Pune,Maharashtra,18.45529083614804,73.87000071843991
37476,Blinkit-37476,Blinkit,Pune,Maharashtra,18.45809356701401,73.91251242053532
34274,Blinkit-34274,Blinkit,Pune,Maharashtra,18.45745127452389,73.92328025386634
33535,Blinkit-33535,Blinkit,Pune,Maharashtra,18.467946948975925,73.81416856125355
35892,Blinkit-35892,Blinkit,Pune,Maharashtra,18.458291195472512,73.83543449956612
34768,Blinkit-34768,Blinkit,Pune,Maharashtra,18.46038426051024,73.8803944640615
36288,Blinkit-36288,Blinkit,Pune,Maharashtra,18.463775385195834,73.85802996499953
38204,Blinkit-38204,Blinkit,Pune,Maharashtra,18.47927914444844,73.93125905460214
33724,Blinkit-33724,Blinkit,Bengaluru,Karnataka,12.96194283039885,77.5340904134605
35546,Blinkit-35546,Blinkit,Chennai,Tamil Nadu,13.076872412145166,80.16023822473034
41207,Blinkit-41207,Blinkit,Uppal Kalan,Telangana,17.405405,78.59228820255149
34276,Blinkit-34276,Blinkit,Malkajgiri,Telangana,17.424834379087315,78.50691957657499
42476,Blinkit-42476,Blinkit,Pune,Maharashtra,18.48560565504851,73.7989399281257
42943,Blinkit-42943,Blinkit,Pune,Maharashtra,18.49041161983471,73.8583802746266
36856,Blinkit-36856,Blinkit,Pune,Maharashtra,18.471662557312253,73.91405231255355
33409,Blinkit-33409,Blinkit,Pune,Maharashtra,18.48748761696012,73.95236014687275
39166,Blinkit-39166,Blinkit,Pune,Maharashtra,18.488349995688104,73.82547554559928
30615,Blinkit-30615,Blinkit,Pune,Maharashtra,18.48389437226015,73.89380532174305
37698,Blinkit-37698,Blinkit,Pune,Maharashtra,18.499191519942507,73.96199560515193
45030,Blinkit-45030,Blinkit,Sasvad,Maharashtra,18.48833652102048,74.02156378758914
41985,Blinkit-41985,Blinkit,Pune,Maharashtra,18.50242319439453,73.73994212311645
31026,Blinkit-31026,Blinkit,Pune,Maharashtra,18.51473121164211,73.76854383433324
35910,Blinkit-35910,Blinkit,Pune,Maharashtra,18.50575120804887,73.92726940078866
41523,Blinkit-41523,Blinkit,Hyderabad,Telangana,17.457527630973768,78.40544483490892
42184,Blinkit-42184,Blinkit,Hyderabad,Telangana,17.35717205641394,78.36957647367697
38646,Blinkit-38646,Blinkit,Hyderabad,Telangana,17.509390751706793,78.50374919779054
36000,Blinkit-36000,Blinkit,Pune,Maharashtra,18.520489386273805,73.93669208266903
43597,Blinkit-43597,Blinkit,Hyderabad,Telangana,17.392498360043117,78.4559115778164
39457,Blinkit-39457,Blinkit,Hyderabad,Telangana,17.412358323751345,78.43367232799937
39454,Blinkit-39454,Blinkit,Shivaji Nagar,Maharashtra,18.530728042040963,73.83364605941955
34104,Blinkit-34104,Blinkit,Shivaji Nagar,Maharashtra,18.525109105641395,73.84124711437397
32398,Blinkit-32398,Blinkit,Shivaji Nagar,Maharashtra,18.53204746784046,73.87647017250397
38080,Blinkit-38080,Blinkit,Pune,Maharashtra,18.518596726913405,73.90558616526567
30513,Blinkit-30513,Blinkit,Pune,Maharashtra,18.517035379805968,73.91546653483223
34010,Blinkit-34010,Blinkit,Pune,Maharashtra,18.53388451419332,73.94145185705199
40520,Blinkit-40520,Blinkit,Pune,Maharashtra,18.52599394214876,73.95653394894562
38264,Blinkit-38264,Blinkit,Shivaji Nagar,Maharashtra,18.54136700431189,73.79138809223498
30579,Blinkit-30579,Blinkit,Khadki,Maharashtra,18.55387773769314,73.80510328509702
41445,Blinkit-41445,Blinkit,Shivaji Nagar,Maharashtra,18.53893976033057,73.89908159188836
41707,Blinkit-41707,Blinkit,Pune,Maharashtra,18.551910629536472,73.91850306279984
30442,Blinkit-30442,Blinkit,Pune,Maharashtra,18.54713460402444,73.93036813110294
45382,Blinkit-45382,Blinkit,Pune,Maharashtra,18.552481955443767,73.96373946011063
38724,Blinkit-38724,Blinkit,Pune,Maharashtra,18.55161059360403,73.76318420018592
31486,Blinkit-31486,Blinkit,Pune,Maharashtra,18.554512138699245,73.771618
36906,Blinkit-36906,Blinkit,Pune,Maharashtra,18.5604656960115,73.7793442045789
36074,Blinkit-36074,Blinkit,Khadki,Maharashtra,18.57389451060008,73.88272054286362
45384,Blinkit-45384,Blinkit,Pune,Maharashtra,18.55144440603665,73.90812102361824
38194,Blinkit-38194,Blinkit,Pune,Maharashtra,18.549980158821416,73.94419927853454
40104,Blinkit-40104,Blinkit,Pune,Maharashtra,18.56691223284226,73.74127024079031
45428,Blinkit-45428,Blinkit,Pune,Maharashtra,18.56951733524973,73.76226079171305
37168,Blinkit-37168,Blinkit,Pune,Maharashtra,18.57938498850162,73.76732961476918
37078,Blinkit-37078,Blinkit,Khadki,Maharashtra,18.568973856988865,73.83060977911178
31445,Blinkit-31445,Blinkit,Pune,Maharashtra,18.561999562342795,73.94895610706058
35902,Blinkit-35902,Blinkit,Pune,Maharashtra,18.57451774523896,73.97903402017049
35534,Blinkit-35534,Blinkit,Pune,Maharashtra,18.5825571812792,73.6815114353324
33507,Blinkit-33507,Blinkit,Pune,Maharashtra,18.587913741645707,73.7049057276738
30821,Blinkit-30821,Blinkit,Pune,Maharashtra,18.581081,73.74381948947304
39832,Blinkit-39832,Blinkit,Pune,Maharashtra,18.57727216061804,73.78819499667664
37210,Blinkit-37210,Blinkit,Pune,Maharashtra,18.586811133668704,73.97224381936604
31364,Blinkit-31364,Blinkit,Pune,Maharashtra,18.58862010779734,73.9944195821333
40106,Blinkit-40106,Blinkit,Pune,Maharashtra,18.597860361121093,73.74150699610614
31298,Blinkit-31298,Blinkit,Pune,Maharashtra,18.60367493047072,73.75590413106038
40108,Blinkit-40108,Blinkit,Pune,Maharashtra,18.60167593783687,73.76585501795918
45809,Blinkit-45809,Blinkit,Pune,Maharashtra,18.59423118397413,73.79717114800279
37284,Blinkit-37284,Blinkit,Pune,Maharashtra,18.615069911606184,73.87551409994683
40725,Blinkit-40725,Blinkit,Pune,Maharashtra,18.594895934243624,73.9002983249097
36461,Blinkit-36461,Blinkit,Pune,Maharashtra,18.51965844843694,73.84195776147403
45422,Blinkit-45422,Blinkit,Pune,Maharashtra,18.608321348904063,73.74412654327628
30667,Blinkit-30667,Blinkit,Pune,Maharashtra,18.603369408551924,73.79236828674951
35312,Blinkit-35312,Blinkit,Pune,Maharashtra,18.613021762127204,73.77352484933995
34294,Blinkit-34294,Blinkit,Pune,Maharashtra,18.60142905641394,73.91178143954559
38270,Blinkit-38270,Blinkit,Pune,Maharashtra,18.616393828961552,73.90965452738614
35676,Blinkit-35676,Blinkit,Pune,Maharashtra,18.62246641250449,73.72450466402503
36032,Blinkit-36032,Blinkit,Pune,Maharashtra,18.635135,73.74115126193786
35888,Blinkit-35888,Blinkit,Pune,Maharashtra,18.635135,73.78972434840394
35034,Blinkit-35034,Blinkit,Pune,Maharashtra,18.63247150736615,73.80287187776572
41157,Blinkit-41157,Blinkit,Pune,Maharashtra,18.628916286740928,73.85295234334097
35262,Blinkit-35262,Blinkit,Pune,Maharashtra,18.64213624398132,73.75435623370248
41659,Blinkit-41659,Blinkit,Pune,Maharashtra,18.65479793999281,73.83881274457951
45198,Blinkit-45198,Blinkit,Dehu,Maharashtra,18.662162,73.71754307028299
39568,Blinkit-39568,Blinkit,Alibag,Maharashtra,18.65252072116421,72.8815083412738
35382,Blinkit-35382,Blinkit,Pune,Maharashtra,18.655159664390943,73.78010873927151
35530,Blinkit-35530,Blinkit,Dehu,Maharashtra,18.662162,73.73103888389194
38602,Blinkit-38602,Blinkit,Alandi,Maharashtra,18.667623731943944,73.88965350957945
41168,Blinkit-41168,Blinkit,Pune,Maharashtra,18.66990768810636,73.80017443075084
35386,Blinkit-35386,Blinkit,Pune,Maharashtra,18.67945358983112,73.8334828796196
34146,Blinkit-34146,Blinkit,Khadki,Maharashtra,18.5835738135106,73.8218372007213
39040,Blinkit-39040,Blinkit,Talegaon Dabhade,Maharashtra,18.73648769996407,73.67398221560298
37076,Blinkit-37076,Blinkit,Lonavla,Maharashtra,18.755077158102768,73.40496269152968
46401,Blinkit-46401,Blinkit,Chakan,Maharashtra,18.754904233201582,73.85769779051213
45334,Blinkit-45334,Blinkit,Gaddi Annaram,Telangana,17.368256124685594,78.49298136637266
38840,Blinkit-38840,Blinkit,Uran,Maharashtra,18.914562159540065,72.82600956243566
31102,Blinkit-31102,Blinkit,Uran,Maharashtra,18.943224566295363,72.82618751343058
34750,Blinkit-34750,Blinkit,Mumbai,Maharashtra,18.962324612648217,72.81173370352954
30024,Blinkit-30024,Blinkit,Mumbai,Maharashtra,18.964049370104203,72.84004308476601
40146,Blinkit-40146,Blinkit,Mumbai,Maharashtra,18.957004645436577,72.81490493175784
45748,Blinkit-45748,Blinkit,Mumbai,Maharashtra,18.96959644160977,73.01649206546834
37918,Blinkit-37918,Blinkit,Artist Village,Maharashtra,18.98493850485088,73.02753936185348
37122,Blinkit-37122,Blinkit,Mumbai,Maharashtra,18.96981319044197,72.81838088326022
37070,Blinkit-37070,Blinkit,Mumbai,Maharashtra,18.97667404204096,72.82382002710213
41717,Blinkit-41717,Blinkit,Panvel,Maharashtra,18.98085808048868,73.10485908893281
32783,Blinkit-32783,Blinkit,Panvel,Maharashtra,19.005048508803448,73.1167696083978
44123,Blinkit-44123,Blinkit,Mumbai,Maharashtra,18.98807151922386,72.84187202070753
41163,Blinkit-41163,Blinkit,Mumbai,Maharashtra,19.00269942508085,72.82230572742797
34878,Blinkit-34878,Blinkit,Mumbai,Maharashtra,18.99712091268416,72.8508930520528
34138,Blinkit-34138,Blinkit,Panvel,Maharashtra,19.012404585698885,73.09053186314448
40670,Blinkit-40670,Blinkit,Mumbai,Maharashtra,19.03529261696012,72.89599185860877
43559,Blinkit-43559,Blinkit,Mumbai,Maharashtra,19.01963149910169,72.83265579987969
37472,Blinkit-37472,Blinkit,Mumbai,Maharashtra,19.012310263025512,72.85056980760557
31038,Blinkit-31038,Blinkit,Mumbai,Maharashtra,19.02250759647862,73.0149376495373
34529,Blinkit-34529,Blinkit,Artist Village,Maharashtra,19.01592596550485,73.04273172466475
45474,Blinkit-45474,Blinkit,Mumbai,Maharashtra,19.02138336004312,73.02383568732319
34268,Blinkit-34268,Blinkit,Mumbai,Maharashtra,19.03067863492634,72.84376854417118
39972,Blinkit-39972,Blinkit,Mumbai,Maharashtra,19.03347221810996,72.86133481489914
36465,Blinkit-36465,Blinkit,Artist Village,Maharashtra,19.03717682464966,73.06382691827392
37432,Blinkit-37432,Blinkit,Panvel,Maharashtra,19.04385999029824,73.10207768023837
30673,Blinkit-30673,Blinkit,Mumbai,Maharashtra,19.047087596837947,72.91763144354739
43045,Blinkit-43045,Blinkit,Mumbai,Maharashtra,19.04530690334172,72.92532513381917
34394,Blinkit-34394,Blinkit,Mumbai,Maharashtra,19.04950165397053,73.02067271536616
34679,Blinkit-34679,Blinkit,Mumbai,Maharashtra,19.04741997197269,72.82534514104
44031,Blinkit-44031,Blinkit,Mumbai,Maharashtra,19.066548416816385,72.84814045669067
35002,Blinkit-35002,Blinkit,Mumbai,Maharashtra,19.05989189974847,72.89190608267192
31267,Blinkit-31267,Blinkit,Artist Village,Maharashtra,19.052181021200145,73.0811516728471
38409,Blinkit-38409,Blinkit,Artist Village,Maharashtra,19.07217184477183,73.09597423653094
42526,Blinkit-42526,Blinkit,Mumbai,Maharashtra,19.055982031620555,72.8330238557562
34556,Blinkit-34556,Blinkit,Mumbai,Maharashtra,19.07003161839741,72.90325671651901
41649,Blinkit-41649,Blinkit,Mumbai,Maharashtra,19.081081,72.8797519170449
38026,Blinkit-38026,Blinkit,Artist Village,Maharashtra,19.06931970679124,73.07646192542673
43897,Blinkit-43897,Blinkit,Ahmadnagar,Maharashtra,19.078536982752425,74.72862934494086
33918,Blinkit-33918,Blinkit,Mumbai,Maharashtra,19.086381035932448,72.838832
39094,Blinkit-39094,Blinkit,Mumbai,Maharashtra,19.081736767157743,72.85577283439031
36044,Blinkit-36044,Blinkit,Mumbai,Maharashtra,19.09003157923105,73.0060316666373
30860,Blinkit-30860,Blinkit,Mumbai,Maharashtra,19.085078484728708,72.88974534699955
33503,Blinkit-33503,Blinkit,Mumbai,Maharashtra,19.083070759252607,72.90996652219484
31466,Blinkit-31466,Blinkit,Pune,Maharashtra,18.565160526051027,73.91397351463988
36329,Blinkit-36329,Blinkit,Mumbai,Maharashtra,19.10097300934244,72.853406
41219,Blinkit-41219,Blinkit,Mumbai,Maharashtra,19.099311133668703,72.88473296851112
35654,Blinkit-35654,Blinkit,Mumbai,Maharashtra,19.10082388968739,72.91374987679134
34764,Blinkit-34764,Blinkit,Mumbai,Maharashtra,19.104424025871364,72.838832
37480,Blinkit-37480,Blinkit,Mumbai,Maharashtra,19.11404474523895,72.85814531800342
41317,Blinkit-41317,Blinkit,Ahmadnagar,Maharashtra,19.11794341573841,74.73016558202556
43041,Blinkit-43041,Blinkit,Mumbai,Maharashtra,19.12200378224937,72.86890324645498
43507,Blinkit-43507,Blinkit,Mumbai,Maharashtra,19.13992170050305,72.81225278603146
38202,Blinkit-38202,Blinkit,Mumbai,Maharashtra,19.11890460869565,72.93868728108798
35030,Blinkit-35030,Blinkit,Mumbai,Maharashtra,19.111911256198347,72.88440038455875
31225,Blinkit-31225,Blinkit,Mumbai,Maharashtra,19.118493419331653,72.90517204824128
34272,Blinkit-34272,Blinkit,Mumbai,Maharashtra,19.124404518864534,72.92478014009167
36912,Blinkit-36912,Blinkit,Airoli,Maharashtra,19.120142203018325,72.99110816374517
37478,Blinkit-37478,Blinkit,Mumbai,Maharashtra,19.115666196909807,72.88808955747236
36517,Blinkit-36517,Blinkit,Mumbai,Maharashtra,19.1193807136184,72.84370469389869
39346,Blinkit-39346,Blinkit,Airoli,Maharashtra,19.143099682716493,73.04764430380897
46189,Blinkit-46189,Blinkit,Nanded,Maharashtra,19.14960120984549,77.32445417865843
41542,Blinkit-41542,Blinkit,Mumbai,Maharashtra,19.15819146460654,72.85669885555093
30710,Blinkit-30710,Blinkit,Mumbai,Maharashtra,19.130971327703914,72.87158458268624
37814,Blinkit-37814,Blinkit,Mumbai,Maharashtra,19.13453164929932,72.82599766517082
33684,Blinkit-33684,Blinkit,Mumbai,Maharashtra,19.134339994610134,72.83670210200924
34652,Blinkit-34652,Blinkit,Airoli,Maharashtra,19.14125661696012,72.9915046158197
39567,Blinkit-39567,Blinkit,Mumbai,Maharashtra,19.14213175242544,72.79658087363597
34292,Blinkit-34292,Blinkit,Mumbai,Maharashtra,19.14204192130794,72.83586998000487
34410,Blinkit-34410,Blinkit,Mumbai,Maharashtra,19.148649,72.93034520507945
44317,Blinkit-44317,Blinkit,Mumbai,Maharashtra,19.154334186848725,72.93854462902301
30795,Blinkit-30795,Blinkit,Mumbai,Maharashtra,19.157324310815667,72.83533259336798
35850,Blinkit-35850,Blinkit,Dombivli,Maharashtra,19.155337080848,73.0790771613271
41787,Blinkit-41787,Blinkit,Badlapur,Maharashtra,19.15804773481854,73.23313080306286
31287,Blinkit-31287,Blinkit,Mumbai,Maharashtra,19.162427001796623,72.9377499749694
36519,Blinkit-36519,Blinkit,Mumbai,Maharashtra,19.172986649658643,72.87463375156935
39978,Blinkit-39978,Blinkit,Airoli,Maharashtra,19.16586304204096,73.0344382118196
37692,Blinkit-37692,Blinkit,Amarnath,Maharashtra,19.19368504743083,73.20237822491502
32072,Blinkit-32072,Blinkit,Dombivli,Maharashtra,19.1645649823931,73.072028
34116,Blinkit-34116,Blinkit,Dombivli,Maharashtra,19.166437961192955,73.115753
41016,Blinkit-41016,Blinkit,Nanded,Maharashtra,19.17991602874596,77.3054608115964
34654,Blinkit-34654,Blinkit,Mumbai,Maharashtra,19.17842126051024,72.87397379439797
35682,Blinkit-35682,Blinkit,Mumbai,Maharashtra,19.175676,72.83522740281681
37246,Blinkit-37246,Blinkit,Mumbai,Maharashtra,19.175291564678407,72.8567978827732
35076,Blinkit-35076,Blinkit,Mumbai,Maharashtra,19.170771220984548,72.94324670085363
40439,Blinkit-40439,Blinkit,Airoli,Maharashtra,19.180751458138698,72.99519500314949
38964,Blinkit-38964,Blinkit,Mumbai,Maharashtra,19.192912499820338,72.96695171025858
38274,Blinkit-38274,Blinkit,Dombivli,Maharashtra,19.180279844771828,73.08601806880681
41789,Blinkit-41789,Blinkit,Mumbai,Maharashtra,19.1842393054258,72.85809039614286
35020,Blinkit-35020,Blinkit,Mumbai,Maharashtra,19.191470710384475,72.9598481287789
43043,Blinkit-43043,Blinkit,Mumbai,Maharashtra,19.18891052353576,72.838832
34532,Blinkit-34532,Blinkit,Dombivli,Maharashtra,19.20693404563421,73.09824337298738
39455,Blinkit-39455,Blinkit,Amarnath,Maharashtra,19.205420391304347,73.16055191352807
36728,Blinkit-36728,Blinkit,Mumbai,Maharashtra,19.19713796227093,72.81615476686044
43505,Blinkit-43505,Blinkit,Mumbai,Maharashtra,19.204440650017965,72.82696864242163
34784,Blinkit-34784,Blinkit,Mumbai,Maharashtra,19.21008502623069,72.86912745756945
45937,Blinkit-45937,Blinkit,Mumbai,Maharashtra,19.19793745921667,72.95543
42931,Blinkit-42931,Blinkit,Mumbai,Maharashtra,19.202703,72.999154
41737,Blinkit-41737,Blinkit,Ulhasnagar,Maharashtra,19.205996587495505,73.1171418440407
36858,Blinkit-36858,Blinkit,Mumbai,Maharashtra,19.21329648868128,72.8430605217249
34558,Blinkit-34558,Blinkit,Mumbai,Maharashtra,19.208128799496947,72.824257
44301,Blinkit-44301,Blinkit,Mumbai,Maharashtra,19.220033269134028,72.83792445300232
43435,Blinkit-43435,Blinkit,Mumbai,Maharashtra,19.219840685591087,72.87073740476372
39980,Blinkit-39980,Blinkit,Mumbai,Maharashtra,19.219256783327346,72.95833623123315
34286,Blinkit-34286,Blinkit,Kalyan,Maharashtra,19.223999866331297,73.12468543266023
44816,Blinkit-44816,Blinkit,Amarnath,Maharashtra,19.219041188645345,73.20020911316074
30930,Blinkit-30930,Blinkit,Mumbai,Maharashtra,19.22152841897233,72.84639930425688
41529,Blinkit-41529,Blinkit,Mumbai,Maharashtra,19.23719736579231,72.99559055354828
36263,Blinkit-36263,Blinkit,Mumbai,Maharashtra,19.23977102730866,72.97047596324065
37986,Blinkit-37986,Blinkit,Dombivli,Maharashtra,19.22624006108516,73.08377742100188
37810,Blinkit-37810,Blinkit,Kalyan,Maharashtra,19.24036391268416,73.15855884570763
33313,Blinkit-33313,Blinkit,Mumbai,Maharashtra,19.252750532159546,72.86512170335014
39298,Blinkit-39298,Blinkit,Mumbai,Maharashtra,19.24057950736615,72.84594169372737
36598,Blinkit-36598,Blinkit,Kalyan,Maharashtra,19.247986083003955,73.13910752697016
35664,Blinkit-35664,Blinkit,Mumbai,Maharashtra,19.25316933848365,72.85432659952365
34672,Blinkit-34672,Blinkit,Mumbai,Maharashtra,19.24992983507007,72.97438500215982
35026,Blinkit-35026,Blinkit,Mumbai,Maharashtra,19.26549307617679,72.96530422108869
36459,Blinkit-36459,Blinkit,Kalyan,Maharashtra,19.25974388465684,73.14264203705831
42999,Blinkit-42999,Blinkit,Kalyan,Maharashtra,19.26389199065757,73.12300661613884
39566,Blinkit-39566,Blinkit,Mumbai,Maharashtra,19.270391272008624,72.8808145173724
37032,Blinkit-37032,Blinkit,Mumbai,Maharashtra,19.27573962342796,72.86449311533713
35376,Blinkit-35376,Blinkit,Mumbai,Maharashtra,19.279490072583545,72.95543
39974,Blinkit-39974,Blinkit,Bhiwandi,Maharashtra,19.274029432267337,73.042879
43805,Blinkit-43805,Blinkit,Mumbai,Maharashtra,19.265940140136543,72.979102513134
44315,Blinkit-44315,Blinkit,Mumbai,Maharashtra,19.27887922098455,72.88512554728486
39982,Blinkit-39982,Blinkit,Kalyan,Maharashtra,19.297934800934243,73.21972716383961
44261,Blinkit-44261,Blinkit,Mumbai,Maharashtra,19.299268793029103,72.84343391448024
41661,Blinkit-41661,Blinkit,Brahmapur,Odisha,19.3029294110672,84.79761925707352
42164,Blinkit-42164,Blinkit,Mumbai,Maharashtra,19.314893824290333,72.8587794285179
42937,Blinkit-42937,Blinkit,Mumbai,Maharashtra,19.364865,72.80830610044302
37682,Blinkit-37682,Blinkit,Mumbai,Maharashtra,19.35980301652893,72.85173498170366
34282,Blinkit-34282,Blinkit,Mumbai,Maharashtra,19.38753519080129,72.82853286413126
39564,Blinkit-39564,Blinkit,Mumbai,Maharashtra,19.40318617139777,72.84729896492351
42304,Blinkit-42304,Blinkit,Mumbai,Maharashtra,19.420389984549047,72.81411110582896
34036,Blinkit-34036,Blinkit,Mumbai,Maharashtra,19.44738778943585,72.80258472471617
44309,Blinkit-44309,Blinkit,Mumbai,Maharashtra,19.4620236784046,72.80330640171053
36046,Blinkit-36046,Blinkit,Mumbai,Maharashtra,19.472104174991017,72.80598906377593
39372,Blinkit-39372,Blinkit,Palghar,Maharashtra,19.693110128278835,72.7724935789254
45871,Blinkit-45871,Blinkit,Shirdi,Maharashtra,19.771298566295364,74.47644386215342
36257,Blinkit-36257,Blinkit,Mumbai,Maharashtra,19.302008642112828,72.86940395331732
40188,Blinkit-40188,Blinkit,Puri,Odisha,19.80532175727632,85.83140808442381
44179,Blinkit-44179,Blinkit,Aurangabad,Maharashtra,19.848206910887534,75.2976933126381
45072,Blinkit-45072,Blinkit,Aurangabad,Maharashtra,19.84990022745239,75.23735525387883
42456,Blinkit-42456,Blinkit,Aurangabad,Maharashtra,19.844296857348187,75.35427848258965
38836,Blinkit-38836,Blinkit,Aurangabad,Maharashtra,19.86559936938556,75.32942083312714
41983,Blinkit-41983,Blinkit,Aurangabad,Maharashtra,19.877964776859507,75.3586566687827
41315,Blinkit-41315,Blinkit,Aurangabad,Maharashtra,19.91286098275242,75.35308129703108
38460,Blinkit-38460,Blinkit,Chandrapur,Maharashtra,19.959969240747395,79.29779503929376
41213,Blinkit-41213,Blinkit,Deolali,Maharashtra,19.958973911965504,73.83610148912113
36682,Blinkit-36682,Blinkit,Nashik,Maharashtra,19.96034832806324,73.76927649574
44620,Blinkit-44620,Blinkit,Nashik,Maharashtra,19.97129764965864,73.74508310603947
45588,Blinkit-45588,Blinkit,Nashik,Maharashtra,19.99905677326626,73.71114283400183
36359,Blinkit-36359,Blinkit,Nashik,Maharashtra,19.98761338052461,73.78975843520459
40668,Blinkit-40668,Blinkit,Nashik,Maharashtra,20.01659071577435,73.83504718081207
44772,Blinkit-44772,Blinkit,Nashik,Maharashtra,20.01091788070428,73.73839623766375
41453,Blinkit-41453,Blinkit,Nashik,Maharashtra,20.03356877146964,73.8035383398739
39256,Blinkit-39256,Blinkit,Jatani,Odisha,20.162162,85.70040297157857
38288,Blinkit-38288,Blinkit,Bhubaneswar,Odisha,20.2541743553719,85.8368047102236
45853,Blinkit-45853,Blinkit,Silvassa,Dadra and Nagar Haveli,20.27856211713977,73.00137337351455
41159,Blinkit-41159,Blinkit,Bhubaneswar,Odisha,20.27326137621272,85.76030584328056
39408,Blinkit-39408,Blinkit,Bhubaneswar,Odisha,20.248569985267697,85.795823
40864,Blinkit-40864,Blinkit,Bhubaneswar,Odisha,20.286380119295725,85.82032815013378
41727,Blinkit-41727,Blinkit,Bhubaneswar,Odisha,20.29160619870643,85.8623660443456
37750,Blinkit-37750,Blinkit,Bhubaneswar,Odisha,20.326902153072226,85.81369820556145
38108,Blinkit-38108,Blinkit,Bhubaneswar,Odisha,20.34686393568092,85.81431659395618
42182,Blinkit-42182,Blinkit,Bhubaneswar,Odisha,20.36409825727632,85.83158102713509
45268,Blinkit-45268,Blinkit,Vapi,Gujarat,20.378378,72.91709481871946
45702,Blinkit-45702,Blinkit,Yavatmal,Maharashtra,20.391892,78.129482
38882,Blinkit-38882,Blinkit,Vapi,Gujarat,20.388074177506287,72.89888968906034
39410,Blinkit-39410,Blinkit,Cuttack,Odisha,20.46242342687747,85.88944314640966
44502,Blinkit-44502,Blinkit,Cuttack,Odisha,20.477105950053897,85.84537584100858
45426,Blinkit-45426,Blinkit,Valsad,Gujarat,20.605417558030904,72.9178386265661
38968,Blinkit-38968,Blinkit,Akola,Maharashtra,20.69921306108516,77.01809495989593
44938,Blinkit-44938,Blinkit,Wardha,Maharashtra,20.752232150197628,78.60012843796218
40731,Blinkit-40731,Blinkit,Amravati,Maharashtra,20.91030977901545,77.76135681450772
37338,Blinkit-37338,Blinkit,Jalalpur,Gujarat,20.945946,72.93337862722777
40666,Blinkit-40666,Blinkit,Amravati,Maharashtra,20.95171384045993,77.7655744468434
41517,Blinkit-41517,Blinkit,Jalgaon,Maharashtra,20.996451670858782,75.5553527117656
44940,Blinkit-44940,Blinkit,Nagpur,Maharashtra,21.04098566403162,79.04295076643996
37796,Blinkit-37796,Blinkit,Nagpur,Maharashtra,21.0898968325548,79.07979881721488
36296,Blinkit-36296,Blinkit,Nagpur,Maharashtra,21.084332886453467,79.1016269493299
43799,Blinkit-43799,Blinkit,Nagpur,Maharashtra,21.10697388214157,78.99528807447294
36866,Blinkit-36866,Blinkit,Nagpur,Maharashtra,21.106410191879267,79.06890352338537
42486,Blinkit-42486,Blinkit,Nagpur,Maharashtra,21.10489204599353,79.13444389764254
37434,Blinkit-37434,Blinkit,Nagpur,Maharashtra,21.11205607761409,79.04436702703933
41735,Blinkit-41735,Blinkit,Nagpur,Maharashtra,21.117673922385915,79.10778415375188
36012,Blinkit-36012,Blinkit,Nagpur,Maharashtra,21.137605355731225,79.08095060506761
46469,Blinkit-46469,Blinkit,Nagpur,Maharashtra,21.13546288357887,79.14604278819859
35950,Blinkit-35950,Blinkit,Surat,Gujarat,21.13789281530721,72.79612307983021
34688,Blinkit-34688,Blinkit,Surat,Gujarat,21.143039046712182,72.77342880857911
43717,Blinkit-43717,Blinkit,Sachin,Gujarat,21.14192064929932,72.88154254929835
42855,Blinkit-42855,Blinkit,Nagpur,Maharashtra,21.15748629033417,78.99921539276546
42118,Blinkit-42118,Blinkit,Nagpur,Maharashtra,21.13980621810996,79.0926074612334
45080,Blinkit-45080,Blinkit,Nagpur,Maharashtra,21.13845425979159,79.06111807432733
39986,Blinkit-39986,Blinkit,Nagpur,Maharashtra,21.141629789795186,79.11938333981945
35392,Blinkit-35392,Blinkit,Surat,Gujarat,21.161789200862376,72.80094442775732
41601,Blinkit-41601,Blinkit,Surat,Gujarat,21.18769331189364,72.82947405492959
37760,Blinkit-37760,Blinkit,Durg,Chhattisgarh,21.16412480991736,81.32975659356104
37628,Blinkit-37628,Blinkit,Durg,Chhattisgarh,21.171844702838666,81.28990480365579
40587,Blinkit-40587,Blinkit,Surat,Gujarat,21.18299963600431,72.87978138609154
36588,Blinkit-36588,Blinkit,Surat,Gujarat,21.18975628350701,72.77205321635822
37428,Blinkit-37428,Blinkit,Surat,Gujarat,21.19645633740568,72.86097388361361
37634,Blinkit-37634,Blinkit,Nagpur,Maharashtra,21.1864985580309,79.0679533570465
41779,Blinkit-41779,Blinkit,Nagpur,Maharashtra,21.175676,79.03434728386593
38200,Blinkit-38200,Blinkit,Nagpur,Maharashtra,21.17435099101689,79.08571490942248
41521,Blinkit-41521,Blinkit,Nagpur,Maharashtra,21.17461150125764,79.12684988730207
40811,Blinkit-40811,Blinkit,Surat,Gujarat,21.199046873517787,72.79821915273877
39825,Blinkit-39825,Blinkit,Raipur,Chhattisgarh,21.211973571325903,81.66491293441057
44944,Blinkit-44944,Blinkit,Bhilai,Chhattisgarh,21.20644895759971,81.3570934256282
35550,Blinkit-35550,Blinkit,Surat,Gujarat,21.201693707869204,72.78012871948714
39112,Blinkit-39112,Blinkit,Utran,Gujarat,21.217713933884298,72.8857215178907
39936,Blinkit-39936,Blinkit,Durg,Chhattisgarh,21.212950638878908,81.32417572822158
37166,Blinkit-37166,Blinkit,Amroli,Gujarat,21.230340851598992,72.824257
35936,Blinkit-35936,Blinkit,Surat,Gujarat,21.230456527129,72.77939600362578
41697,Blinkit-41697,Blinkit,Raipur,Chhattisgarh,21.22121593442328,81.6189196049866
37124,Blinkit-37124,Blinkit,Utran,Gujarat,21.23728755623428,72.87444102142376
39360,Blinkit-39360,Blinkit,Raipur,Chhattisgarh,21.24743362163133,81.61233653368804
37172,Blinkit-37172,Blinkit,Raipur,Chhattisgarh,21.234868339920947,81.65343053745565
37624,Blinkit-37624,Blinkit,Raipur,Chhattisgarh,21.25406251563061,81.64599072649051
37018,Blinkit-37018,Blinkit,Raipur,Chhattisgarh,21.26074999317284,81.67252575986875
41151,Blinkit-41151,Blinkit,Raipur,Chhattisgarh,21.27815158893281,81.69590041132076
45086,Blinkit-45086,Blinkit,Raipur,Chhattisgarh,21.276135971972693,81.6708870754748
42160,Blinkit-42160,Blinkit,Junagadh,Gujarat,21.518043888250087,70.43985467166702
40200,Blinkit-40200,Blinkit,Ankleshwar,Gujarat,21.59310380344952,73.0268741392644
44313,Blinkit-44313,Blinkit,Ankleshwar,Gujarat,21.62871656665469,72.99711500475065
42478,Blinkit-42478,Blinkit,Bharuch,Gujarat,21.703812414301115,72.98608727964361
39216,Blinkit-39216,Blinkit,Bhavnagar,Gujarat,21.764844200503056,72.15474457849194
44255,Blinkit-44255,Blinkit,Bhavnagar,Gujarat,21.763775210204816,72.12375777858941
43047,Blinkit-43047,Blinkit,Bilaspur,Chhattisgarh,22.093472111031264,82.122975
43061,Blinkit-43061,Blinkit,Bilaspur,Chhattisgarh,22.09951100790514,82.15858916446317
35018,Blinkit-35018,Blinkit,Mumbai,Maharashtra,19.414238798778296,72.82595715863114
36457,Blinkit-36457,Blinkit,Mumbai,Maharashtra,19.2115178325548,72.98288331863384
39100,Blinkit-39100,Blinkit,Mumbai,Maharashtra,19.445946,72.81613147029147
37622,Blinkit-37622,Blinkit,Raipur,Chhattisgarh,21.242686047071505,81.67599045278068
31547,Blinkit-31547,Blinkit,Airoli,Maharashtra,19.102951693855555,72.99873095532573
33722,Blinkit-33722,Blinkit,Mumbai,Maharashtra,19.072244607977005,72.86719588201208
35566,Blinkit-35566,Blinkit,Mumbai,Maharashtra,19.10715129859864,72.90169193927336
45280,Blinkit-45280,Blinkit,Rajkot,Gujarat,22.25128965361121,70.7769770917925
40202,Blinkit-40202,Blinkit,Rajkot,Gujarat,22.267489726913404,70.80197108076574
40582,Blinkit-40582,Blinkit,Vadodara,Gujarat,22.24711022960833,73.20636979109281
35934,Blinkit-35934,Blinkit,Rajkot,Gujarat,22.269501943945382,70.76124136524834
41655,Blinkit-41655,Blinkit,Vadodara,Gujarat,22.270889834710744,73.14704244080855
36676,Blinkit-36676,Blinkit,Vadodara,Gujarat,22.27493672655408,73.190073426492
42052,Blinkit-42052,Blinkit,Vadodara,Gujarat,22.28635766151635,73.24552495189268
34028,Blinkit-34028,Blinkit,Padra,Gujarat,22.27963829392742,73.1297299668234
36483,Blinkit-36483,Blinkit,Rajkot,Gujarat,22.28566147035573,70.77190987038435
43657,Blinkit-43657,Blinkit,Rajkot,Gujarat,22.29448079446641,70.7595729427054
36084,Blinkit-36084,Blinkit,Vadodara,Gujarat,22.29388036327704,73.15426007909242
36355,Blinkit-36355,Blinkit,Vadodara,Gujarat,22.29399121487604,73.203201
45516,Blinkit-45516,Blinkit,Vaghodia,Gujarat,22.28803076607977,73.35639800557485
36255,Blinkit-36255,Blinkit,Rajkot,Gujarat,22.29534766475027,70.80362716310572
37804,Blinkit-37804,Blinkit,Rajkot,Gujarat,22.31233211031261,70.76122834549315
36030,Blinkit-36030,Blinkit,Vadodara,Gujarat,22.317822318720804,73.12610296484277
42482,Blinkit-42482,Blinkit,Vadodara,Gujarat,22.31737316313331,73.144902
41873,Blinkit-41873,Blinkit,Vadodara,Gujarat,22.30849335716853,73.16738123246775
43503,Blinkit-43503,Blinkit,Vadodara,Gujarat,22.320425329500537,73.20709983274485
42316,Blinkit-42316,Blinkit,Vadodara,Gujarat,22.30522080955803,73.22883610067746
44259,Blinkit-44259,Blinkit,Vadodara,Gujarat,22.32281932878189,73.25334008437075
37952,Blinkit-37952,Blinkit,Kharagpur,West Bengal,22.326601218828603,87.31767016432231
41209,Blinkit-41209,Blinkit,Vadodara,Gujarat,22.34412617822494,73.174052
39447,Blinkit-39447,Blinkit,Vadodara,Gujarat,22.34968014121452,73.20282220600555
42114,Blinkit-42114,Blinkit,Vadodara,Gujarat,22.29386410384477,73.13537282265223
34608,Blinkit-34608,Blinkit,Baruipur,West Bengal,22.394793545095222,88.419286
30446,Blinkit-30446,Blinkit,Bishnupur,West Bengal,22.44886551131872,88.3007976513846
38720,Blinkit-38720,Blinkit,Champahati,West Bengal,22.443565475386272,88.42125901576077
30548,Blinkit-30548,Blinkit,Baruipur,West Bengal,22.44987161983471,88.39062541650311
30801,Blinkit-30801,Blinkit,Kolkata,West Bengal,22.46616307473949,88.3362093533906
31189,Blinkit-31189,Blinkit,Kolkata,West Bengal,22.46866559791592,88.37341849062351
34726,Blinkit-34726,Blinkit,Kolkata,West Bengal,22.4641751336687,88.40088104337377
43599,Blinkit-43599,Blinkit,Kolkata,West Bengal,22.477720574559825,88.36282438871937
35542,Blinkit-35542,Blinkit,Kolkata,West Bengal,22.479867538268056,88.29456341624159
35122,Blinkit-35122,Blinkit,Kolkata,West Bengal,22.480247228889688,88.31558597410672
41262,Blinkit-41262,Blinkit,Kolkata,West Bengal,22.4803975418613,88.387132951293
35886,Blinkit-35886,Blinkit,Kolkata,West Bengal,22.49434622278117,88.33366975101751
36554,Blinkit-36554,Blinkit,Kolkata,West Bengal,22.48299156952929,88.3537050423369
36467,Blinkit-36467,Blinkit,Kolkata,West Bengal,22.48850270858785,88.39068145676175
31316,Blinkit-31316,Blinkit,Kolkata,West Bengal,22.486486,88.39987901664468
40524,Blinkit-40524,Blinkit,Anand,Gujarat,22.54466424829321,72.96842932422804
34728,Blinkit-34728,Blinkit,Kolkata,West Bengal,22.49504132231405,88.30529374616728
35594,Blinkit-35594,Blinkit,Kolkata,West Bengal,22.50048508803449,88.38947095293497
35794,Blinkit-35794,Blinkit,Kolkata,West Bengal,22.506616061803808,88.32844344463054
34872,Blinkit-34872,Blinkit,Kolkata,West Bengal,22.49659090909091,88.36653905094009
43107,Blinkit-43107,Blinkit,Kolkata,West Bengal,22.5,88.34876502652237
35908,Blinkit-35908,Blinkit,Kolkata,West Bengal,22.49929033417176,88.41069566205313
30752,Blinkit-30752,Blinkit,Kolkata,West Bengal,22.514776127200864,88.35481698516955
36036,Blinkit-36036,Blinkit,Bara Bazar,West Bengal,22.527053949335247,88.32771478939063
35082,Blinkit-35082,Blinkit,Kolkata,West Bengal,22.5113805109594,88.3786965524647
30549,Blinkit-30549,Blinkit,Kolkata,West Bengal,22.51119186561265,88.41649029238566
36680,Blinkit-36680,Blinkit,Karamsad,Gujarat,22.54542572116421,72.92695112486487
40974,Blinkit-40974,Blinkit,Kolkata,West Bengal,22.543280849083725,88.28585649928893
30817,Blinkit-30817,Blinkit,Haora,West Bengal,22.5319227959037,88.3169663729003
41955,Blinkit-41955,Blinkit,Kolkata,West Bengal,22.527027,88.3772395886095
36531,Blinkit-36531,Blinkit,Kolkata,West Bengal,22.52051424398132,88.39764446295045
35016,Blinkit-35016,Blinkit,Kolkata,West Bengal,22.53552842364355,88.35598409111928
35994,Blinkit-35994,Blinkit,Kolkata,West Bengal,22.53795495544377,88.39057952940246
40767,Blinkit-40767,Blinkit,Kolkata,West Bengal,22.537599030901905,88.36580629884158
30551,Blinkit-30551,Blinkit,Kolkata,West Bengal,22.5490504067553,88.3893150936143
35014,Blinkit-35014,Blinkit,Kolkata,West Bengal,22.56067795328782,88.51066978291864
36868,Blinkit-36868,Blinkit,Anand,Gujarat,22.56428954509522,72.95585274792526
37910,Blinkit-37910,Blinkit,Haora,West Bengal,22.560557772906936,88.30962446948251
42040,Blinkit-42040,Blinkit,Kolkata,West Bengal,22.551547711821776,88.37257578052149
34136,Blinkit-34136,Blinkit,Kolkata,West Bengal,22.55253136255839,88.35516535726241
35308,Blinkit-35308,Blinkit,Kolkata,West Bengal,22.57048751131872,88.48714521148975
30492,Blinkit-30492,Blinkit,Kolkata,West Bengal,22.573290242184697,88.40054238277826
33547,Blinkit-33547,Blinkit,Bara Bazar,West Bengal,22.570287637082288,88.35159704114294
41309,Blinkit-41309,Blinkit,Kolkata,West Bengal,22.5729309177147,88.45821000895184
38258,Blinkit-38258,Blinkit,Haora,West Bengal,22.587000870643195,88.30489653831336
42524,Blinkit-42524,Blinkit,Bankra,West Bengal,22.587363595041328,88.2810733741366
31390,Blinkit-31390,Blinkit,Kolkata,West Bengal,22.585473741645707,88.40469154366562
45470,Blinkit-45470,Blinkit,Kolkata,West Bengal,22.57809411534316,88.3625923147522
31015,Blinkit-31015,Blinkit,Kolkata,West Bengal,22.58926461480417,88.37526403197653
41365,Blinkit-41365,Blinkit,Garui,West Bengal,22.594595,88.3889888697595
35832,Blinkit-35832,Blinkit,Kolkata,West Bengal,22.58565865720446,88.42467739921263
31076,Blinkit-31076,Blinkit,Kolkata,West Bengal,22.58148074847287,88.4631155875479
46483,Blinkit-46483,Blinkit,Indore,Madhya Pradesh,22.63142048329141,75.80212347395204
42470,Blinkit-42470,Blinkit,Haora,West Bengal,22.59939198167445,88.31949609383031
33668,Blinkit-33668,Blinkit,Bara Bazar,West Bengal,22.597887310456343,88.34689850619745
30668,Blinkit-30668,Blinkit,Chakapara,West Bengal,22.60604009486166,88.372167863845
31468,Blinkit-31468,Blinkit,Kolkata,West Bengal,22.59402457240388,88.43159393114539
40866,Blinkit-40866,Blinkit,Kolkata,West Bengal,22.58988335788717,88.45728011184117
29859,Blinkit-29859,Blinkit,Garui,West Bengal,22.6103672526051,88.40609767003438
30872,Blinkit-30872,Blinkit,Garui,West Bengal,22.60642815810277,88.39220479433307
36854,Blinkit-36854,Blinkit,Chakapara,West Bengal,22.62600575853396,88.3532988098553
31404,Blinkit-31404,Blinkit,Kolkata,West Bengal,22.61007530147324,88.42054615944097
35078,Blinkit-35078,Blinkit,Kolkata,West Bengal,22.61786256773266,88.44427823872334
45472,Blinkit-45472,Blinkit,Kolkata,West Bengal,22.611229631333096,88.43044547221047
33976,Blinkit-33976,Blinkit,Kolkata,West Bengal,22.63301345849802,88.46777068526336
30819,Blinkit-30819,Blinkit,Chakapara,West Bengal,22.624909818900463,88.33817730862782
35834,Blinkit-35834,Blinkit,Baranagar,West Bengal,22.625924910528205,88.38180652964334
31059,Blinkit-31059,Blinkit,Kolkata,West Bengal,22.62900402623068,88.4139621227474
36312,Blinkit-36312,Blinkit,Indore,Madhya Pradesh,22.64671548221344,75.83356171194141
41461,Blinkit-41461,Blinkit,Indore,Madhya Pradesh,22.67653894017248,75.8769602871341
33978,Blinkit-33978,Blinkit,Baranagar,West Bengal,22.646466103844773,88.37964530524113
36226,Blinkit-36226,Blinkit,Kolkata,West Bengal,22.630920393460293,88.42717412766785
41465,Blinkit-41465,Blinkit,Kolkata,West Bengal,22.6337774272368,88.4392337421896
34656,Blinkit-34656,Blinkit,Bali,West Bengal,22.66536897089472,88.346412
34790,Blinkit-34790,Blinkit,Kolkata,West Bengal,22.64202953826805,88.42057566192382
40775,Blinkit-40775,Blinkit,Nadiad,Gujarat,22.69008281961912,72.86704141615758
40961,Blinkit-40961,Blinkit,Indore,Madhya Pradesh,22.677710674811355,75.84956785447326
36056,Blinkit-36056,Blinkit,Indore,Madhya Pradesh,22.69319546784046,75.82836795834226
46467,Blinkit-46467,Blinkit,Indore,Madhya Pradesh,22.66326054922745,75.9141978965426
34270,Blinkit-34270,Blinkit,Kamarhati,West Bengal,22.669230617319435,88.377149002493
38028,Blinkit-38028,Blinkit,Krishnapur,West Bengal,22.680351709665825,88.29601394092313
34668,Blinkit-34668,Blinkit,Kolkata,West Bengal,22.660437242544017,88.433861
36674,Blinkit-36674,Blinkit,Madhyamgram,West Bengal,22.678303560186848,88.4604018480442
46115,Blinkit-46115,Blinkit,Indore,Madhya Pradesh,22.696504652892564,75.86024253945963
33423,Blinkit-33423,Blinkit,Indore,Madhya Pradesh,22.7077964243622,75.92252895000179
35322,Blinkit-35322,Blinkit,Bengaluru,Karnataka,12.861994895795904,77.68424449694515
45819,Blinkit-45819,Blinkit,Kolkata,West Bengal,22.51159161408552,88.2663630933789
31166,Blinkit-31166,Blinkit,Kolkata,West Bengal,22.48866889615523,88.37297096604937
45476,Blinkit-45476,Blinkit,Haora,West Bengal,22.571138786920592,88.33040208154121
34674,Blinkit-34674,Blinkit,Kolkata,West Bengal,22.57246329967661,88.43271477598273
42056,Blinkit-42056,Blinkit,Kolkata,West Bengal,22.62601923320158,88.48943500079552
38091,Blinkit-38091,Blinkit,Kolkata,West Bengal,22.643339980955805,88.4655076237803
36367,Blinkit-36367,Blinkit,Konnagar,West Bengal,22.70206519906576,88.35481066169106
37282,Blinkit-37282,Blinkit,Sodpur,West Bengal,22.701984351060005,88.38256603373593
37636,Blinkit-37636,Blinkit,Madhyamgram,West Bengal,22.70000357491915,88.46660902923283
43709,Blinkit-43709,Blinkit,Indore,Madhya Pradesh,22.71406005318002,75.90472377351327
43713,Blinkit-43713,Blinkit,Indore,Madhya Pradesh,22.71790145634208,75.8785062562028
43189,Blinkit-43189,Blinkit,Khardah,West Bengal,22.72462759252605,88.390137
31072,Blinkit-31072,Blinkit,Khardah,West Bengal,22.716216,88.37201230151064
34986,Blinkit-34986,Blinkit,Kolkata,West Bengal,22.72010119583184,88.48739296346275
40000,Blinkit-40000,Blinkit,Indore,Madhya Pradesh,22.728445415019763,75.82981472201841
37024,Blinkit-37024,Blinkit,Shrirampur,West Bengal,22.743243,88.34520905239768
37632,Blinkit-37632,Blinkit,Kolkata,West Bengal,22.7382753392023,88.463011
34778,Blinkit-34778,Blinkit,Badlapur,Maharashtra,19.174476754581388,73.23992159903925
39884,Blinkit-39884,Blinkit,Raipur,Chhattisgarh,21.2620480528207,81.58404055374477
37794,Blinkit-37794,Blinkit,Bharuch,Gujarat,21.72024492561984,73.02046852253238
41109,Blinkit-41109,Blinkit,Jamnagar,Gujarat,22.47666281674452,70.0508921149027
41103,Blinkit-41103,Blinkit,Balapur,Telangana,17.318662239669422,78.46759075870943
42983,Blinkit-42983,Blinkit,Nizamabad,Telangana,18.673563775781528,78.09217365488453
45272,Blinkit-45272,Blinkit,Aurangabad,Maharashtra,19.84673577218829,75.3334398593554
41014,Blinkit-41014,Blinkit,Hoshangabad,Madhya Pradesh,22.746432004671217,77.74940221511413
41531,Blinkit-41531,Blinkit,Jugsalai,Jharkhand,22.75551283902264,86.20343480258377
45282,Blinkit-45282,Blinkit,Pune,Maharashtra,18.513514,73.873642
33205,Blinkit-33205,Blinkit,Indore,Madhya Pradesh,22.728111113007547,75.87985506026556
36333,Blinkit-36333,Blinkit,Indore,Madhya Pradesh,22.75332095975566,75.89873922116381
43491,Blinkit-43491,Blinkit,Indore,Madhya Pradesh,22.75611919906576,75.93033430043972
39926,Blinkit-39926,Blinkit,Jamshedpur,Jharkhand,22.78474968451312,86.25785683732482
44383,Blinkit-44383,Blinkit,Titagarh,West Bengal,22.755557754581385,88.3780314524677
33425,Blinkit-33425,Blinkit,Indore,Madhya Pradesh,22.762631955084444,75.91179931088213
35228,Blinkit-35228,Blinkit,Indore,Madhya Pradesh,22.75650996442688,75.87809042123884
33986,Blinkit-33986,Blinkit,Barakpur,West Bengal,22.767655914480777,88.36864000500694
44377,Blinkit-44377,Blinkit,Indore,Madhya Pradesh,22.77697589292131,75.89414535390384
41375,Blinkit-41375,Blinkit,Jamshedpur,Jharkhand,22.801886392741647,86.12482987297768
41981,Blinkit-41981,Blinkit,Baidyabati,West Bengal,22.77784616313331,88.32169606254995
38198,Blinkit-38198,Blinkit,Indore,Madhya Pradesh,22.797297,75.855814
35580,Blinkit-35580,Blinkit,Indore,Madhya Pradesh,22.79618758569889,75.9086464340011
43809,Blinkit-43809,Blinkit,Jamshedpur,Jharkhand,22.796704114624507,86.25182718911778
41785,Blinkit-41785,Blinkit,Morbi,Gujarat,22.811502699604745,70.82637954483356
36726,Blinkit-36726,Blinkit,Jamshedpur,Jharkhand,22.803374075098816,86.21395094235625
36420,Blinkit-36420,Blinkit,Jamshedpur,Jharkhand,22.82621494502336,86.16325278400926
44307,Blinkit-44307,Blinkit,Jamshedpur,Jharkhand,22.814745602946463,86.15576851018264
40976,Blinkit-40976,Blinkit,Shyamnagar,West Bengal,22.816753328422568,88.37391011612803
37742,Blinkit-37742,Blinkit,Jamshedpur,Jharkhand,22.831600320517428,86.22236141924007
36345,Blinkit-36345,Blinkit,Jamshedpur,Jharkhand,22.83938758677686,86.20886370542392
41653,Blinkit-41653,Blinkit,Shyamnagar,West Bengal,22.846257575637804,88.35769221616302
45074,Blinkit-45074,Blinkit,Bhatpara,West Bengal,22.862668629177147,88.39938309150502
45813,Blinkit-45813,Blinkit,Hugli,West Bengal,22.89327989076536,88.38190023676039
38088,Blinkit-38088,Blinkit,Naihati,West Bengal,22.89349548544736,88.42412742324278
45688,Blinkit-45688,Blinkit,Ahmedabad,Gujarat,22.955551346388788,72.6508516231476
35042,Blinkit-35042,Blinkit,Kanchrapara,West Bengal,22.977239978081204,88.433861
35844,Blinkit-35844,Blinkit,Ahmedabad,Gujarat,22.9521980513834,72.5936854490733
40086,Blinkit-40086,Blinkit,Dewas,Madhya Pradesh,22.976602177146965,76.0548555718427
35848,Blinkit-35848,Blinkit,Ahmedabad,Gujarat,22.97774976967301,72.6085524171584
34112,Blinkit-34112,Blinkit,Ahmedabad,Gujarat,22.99352317642831,72.50151523998692
38022,Blinkit-38022,Blinkit,Ahmedabad,Gujarat,22.998716506647504,72.46812372265909
35928,Blinkit-35928,Blinkit,Ahmedabad,Gujarat,23.002263744160977,72.51673188026362
41357,Blinkit-41357,Blinkit,Ahmedabad,Gujarat,23.00269942508085,72.58976570453535
41201,Blinkit-41201,Blinkit,Ahmedabad,Gujarat,23.00235357527848,72.61947806998683
34260,Blinkit-34260,Blinkit,Ahmedabad,Gujarat,22.995225476104924,72.65863998579742
34026,Blinkit-34026,Blinkit,Ahmedabad,Gujarat,22.991664763923826,72.60353206025229
45478,Blinkit-45478,Blinkit,Ahmedabad,Gujarat,23.022479299676608,72.54756050104147
35914,Blinkit-35914,Blinkit,Ahmedabad,Gujarat,23.020608566654687,72.56515043062538
35586,Blinkit-35586,Blinkit,Ahmedabad,Gujarat,23.00696531153432,72.45585146950697
41147,Blinkit-41147,Blinkit,Ahmedabad,Gujarat,23.018297507006828,72.47152416490388
43647,Blinkit-43647,Blinkit,Ahmedabad,Gujarat,23.02469797412864,72.50734927105721
35032,Blinkit-35032,Blinkit,Ahmedabad,Gujarat,23.01680181890047,72.51920592603068
46317,Blinkit-46317,Blinkit,Ahmedabad,Gujarat,23.01495578943586,72.59634497181638
44335,Blinkit-44335,Blinkit,Ahmedabad,Gujarat,23.015431894358606,72.67343874541346
35528,Blinkit-35528,Blinkit,Ahmedabad,Gujarat,23.046128495508448,72.50407470488017
30560,Blinkit-30560,Blinkit,Ahmedabad,Gujarat,23.028001667624867,72.52468386460328
35906,Blinkit-35906,Blinkit,Ahmedabad,Gujarat,23.03863766546892,72.628777245675
36862,Blinkit-36862,Blinkit,Ahmedabad,Gujarat,23.042193892561983,72.6636655480707
42853,Blinkit-42853,Blinkit,Gandhidham,Gujarat,23.06393433129716,70.13159606730484
44385,Blinkit-44385,Blinkit,Ahmedabad,Gujarat,23.03408663420769,72.47299780252153
35648,Blinkit-35648,Blinkit,Ahmedabad,Gujarat,23.0364177517068,72.52297908733837
34296,Blinkit-34296,Blinkit,Ahmedabad,Gujarat,23.03643571793029,72.55753180925399
34676,Blinkit-34676,Blinkit,Ahmedabad,Gujarat,23.0482709676608,72.58964205634733
38604,Blinkit-38604,Blinkit,Ahmedabad,Gujarat,23.04599824038807,72.53558227076857
39334,Blinkit-39334,Blinkit,Gandhidham,Gujarat,23.075789947179302,70.10651239793019
36082,Blinkit-36082,Blinkit,Ahmedabad,Gujarat,23.0512557606899,72.4803099235566
46239,Blinkit-46239,Blinkit,Ahmedabad,Gujarat,23.0591653905857,72.53894078108132
43987,Blinkit-43987,Blinkit,Ahmedabad,Gujarat,23.049548969457422,72.51413454809918
45016,Blinkit-45016,Blinkit,Ahmedabad,Gujarat,23.072448229608337,72.56191
45480,Blinkit-45480,Blinkit,Ahmedabad,Gujarat,23.063624413941792,72.65107739187613
34024,Blinkit-34024,Blinkit,Ahmedabad,Gujarat,23.064895524254403,72.66915274628003
36638,Blinkit-36638,Blinkit,Ahmedabad,Gujarat,23.081081,72.50014938831886
36852,Blinkit-36852,Blinkit,Ahmedabad,Gujarat,23.081081,72.53203352448449
39467,Blinkit-39467,Blinkit,Ahmedabad,Gujarat,23.108752538268057,72.63124110641195
34030,Blinkit-34030,Blinkit,Ahmedabad,Gujarat,23.11027742148761,72.605635
39368,Blinkit-39368,Blinkit,Ahmedabad,Gujarat,23.11215489184333,72.65881607587099
43762,Blinkit-43762,Blinkit,Ahmedabad,Gujarat,23.084121783327348,72.67969055875542
35028,Blinkit-35028,Blinkit,Ahmedabad,Gujarat,23.098888927416457,72.54250685196095
34258,Blinkit-34258,Blinkit,Ahmedabad,Gujarat,23.08840563600432,72.56191
29861,Blinkit-29861,Blinkit,Ahmedabad,Gujarat,23.11721129213079,72.56343854667114
43495,Blinkit-43495,Blinkit,Jabalpur,Madhya Pradesh,23.121622,79.9699351843858
41108,Blinkit-41108,Blinkit,Jabalpur,Madhya Pradesh,23.12491880201221,79.92884504455928
35836,Blinkit-35836,Blinkit,Ahmedabad,Gujarat,23.13078717391304,72.55211761696967
41056,Blinkit-41056,Blinkit,Mandideep,Madhya Pradesh,23.14409905389867,77.48873319856001
33998,Blinkit-33998,Blinkit,Ahmedabad,Gujarat,23.14773272260151,72.54068772694778
40527,Blinkit-40527,Blinkit,Ahmedabad,Gujarat,23.132610745598274,72.58156470866416
39992,Blinkit-39992,Blinkit,Ujjain,Madhya Pradesh,23.157457095220984,75.79475486335743
41781,Blinkit-41781,Blinkit,Khamaria,Madhya Pradesh,23.16012283363277,79.87335671972862
41535,Blinkit-41535,Blinkit,Jabalpur,Madhya Pradesh,23.16293454761049,79.94456969543354
34666,Blinkit-34666,Blinkit,Ahmedabad,Gujarat,23.162162,72.64552401044453
38102,Blinkit-38102,Blinkit,Jabalpur,Madhya Pradesh,23.15830375350341,79.91669962211607
33097,Blinkit-33097,Blinkit,Bhopal,Madhya Pradesh,23.174279126122887,77.43312110730581
36339,Blinkit-36339,Blinkit,Mandideep,Madhya Pradesh,23.17930966870284,77.49215349636644
46489,Blinkit-46489,Blinkit,Mandideep,Madhya Pradesh,23.17303496514553,77.47614681008687
36678,Blinkit-36678,Blinkit,Bhopal,Madhya Pradesh,23.18170366798419,77.41753033254983
35300,Blinkit-35300,Blinkit,Ahmedabad,Gujarat,23.183830573841178,72.63078723856773
43191,Blinkit-43191,Blinkit,Ahmedabad,Gujarat,23.19028044807761,72.60805865852933
46249,Blinkit-46249,Blinkit,Ujjain,Madhya Pradesh,23.18987171649299,75.77708618426823
45338,Blinkit-45338,Blinkit,Bhopal,Madhya Pradesh,23.20059319223859,77.35386123437057
33101,Blinkit-33101,Blinkit,Bhopal,Madhya Pradesh,23.183183789795184,77.46216322064593
36327,Blinkit-36327,Blinkit,Bhopal,Madhya Pradesh,23.192972063241104,77.43716686408804
40082,Blinkit-40082,Blinkit,Jabalpur,Madhya Pradesh,23.19617003197988,79.94400587585217
38266,Blinkit-38266,Blinkit,Jabalpur,Madhya Pradesh,23.19210851131872,79.91204867491717
45921,Blinkit-45921,Blinkit,Jabalpur,Madhya Pradesh,23.202703,80.00337976036288
37806,Blinkit-37806,Blinkit,Ghandinagar,Gujarat,23.215094575278474,72.6481013650525
45632,Blinkit-45632,Blinkit,Bhopal,Madhya Pradesh,23.21788236722961,77.39051181173696
43199,Blinkit-43199,Blinkit,Bhopal,Madhya Pradesh,23.203304868487244,77.459041
36323,Blinkit-36323,Blinkit,Bhopal,Madhya Pradesh,23.229536863097376,77.49090862036317
40192,Blinkit-40192,Blinkit,Bhopal,Madhya Pradesh,23.23853135788717,77.43628589820663
37862,Blinkit-37862,Blinkit,Barddhaman,West Bengal,23.22973,87.8673844591442
38886,Blinkit-38886,Blinkit,Bhuj,Gujarat,23.24136552964427,69.67778745760582
46851,Blinkit-46851,Blinkit,Bhuj,Gujarat,23.232216076176787,69.64278995532639
41305,Blinkit-41305,Blinkit,Jhulasan,Gujarat,23.23438325188645,72.50016010602343
38408,Blinkit-38408,Blinkit,Ghandinagar,Gujarat,23.22973,72.61872899465821
41537,Blinkit-41537,Blinkit,Bhopal,Madhya Pradesh,23.25137162450593,77.49892841942625
35318,Blinkit-35318,Blinkit,Bhopal,Madhya Pradesh,23.27742055695293,77.3728437339713
41739,Blinkit-41739,Blinkit,Bhopal,Madhya Pradesh,23.262896956881065,77.4178152804401
44119,Blinkit-44119,Blinkit,Bhopal,Madhya Pradesh,23.25529724434064,77.47198315975962
35688,Blinkit-35688,Blinkit,Bhopal,Madhya Pradesh,23.270404746676245,77.45841516139737
45694,Blinkit-45694,Blinkit,Bhopal,Madhya Pradesh,23.270521527129,77.33107537586689
40100,Blinkit-40100,Blinkit,Ranchi,Jharkhand,23.30529087782968,85.3136323552658
41825,Blinkit-41825,Blinkit,Bhopal,Madhya Pradesh,23.30242186525332,77.35393711106043
42112,Blinkit-42112,Blinkit,Bhopal,Madhya Pradesh,23.30502363025512,77.41287053750342
42484,Blinkit-42484,Blinkit,Ratlam,Madhya Pradesh,23.328770640316204,75.03490004172531
40088,Blinkit-40088,Blinkit,Ranchi,Jharkhand,23.34443609558031,85.35824634264937
37286,Blinkit-37286,Blinkit,Ranchi,Jharkhand,23.34213641897233,85.31032504355433
43441,Blinkit-43441,Blinkit,Ranchi,Jharkhand,23.3565522217032,85.27769603235774
35944,Blinkit-35944,Blinkit,Ranchi,Jharkhand,23.36346363456701,85.30910166988039
36006,Blinkit-36006,Blinkit,Ranchi,Jharkhand,23.35502509270572,85.32177845375088
35938,Blinkit-35938,Blinkit,Ranchi,Jharkhand,23.364865,85.34693577108061
36365,Blinkit-36365,Blinkit,Ranchi,Jharkhand,23.373531611210925,85.33161233990101
40148,Blinkit-40148,Blinkit,Ranchi,Jharkhand,23.380138689902985,85.30221282415606
37734,Blinkit-37734,Blinkit,Ranchi,Jharkhand,23.392606157384115,85.36506324644976
39116,Blinkit-39116,Blinkit,Kanke,Jharkhand,23.395116937118217,85.33171533631746
42314,Blinkit-42314,Blinkit,Kanke,Jharkhand,23.41951637693137,85.31566753185616
45640,Blinkit-45640,Blinkit,Kanke,Jharkhand,23.42962028602228,85.42838374480117
35948,Blinkit-35948,Blinkit,Durgapur,West Bengal,23.513743069349623,87.34781203904166
43801,Blinkit-43801,Blinkit,Durgapur,West Bengal,23.534180956881062,87.30940720102804
44183,Blinkit-44183,Blinkit,Durgapur,West Bengal,23.5593450528207,87.27799794008567
39332,Blinkit-39332,Blinkit,Visnagar,Gujarat,23.59390779195113,72.38102851215766
45869,Blinkit-45869,Blinkit,Ramgarh,Jharkhand,23.6325343891484,85.51549454096715
37550,Blinkit-37550,Blinkit,Chas,Jharkhand,23.652538349622706,86.174052468148
41550,Blinkit-41550,Blinkit,Chas,Jharkhand,23.654838363995687,86.13442249751928
46473,Blinkit-46473,Blinkit,Bolpur,West Bengal,23.668718579949694,87.6941809659619
41963,Blinkit-41963,Blinkit,Asansol,West Bengal,23.678573053539345,86.97877046092724
38876,Blinkit-38876,Blinkit,Asansol,West Bengal,23.69393040855192,86.94244654020261
38878,Blinkit-38878,Blinkit,Dhanbad,Jharkhand,23.789636497305068,86.42103941642821
38716,Blinkit-38716,Blinkit,Dhanbad,Jharkhand,23.81309271038448,86.45920418620199
42810,Blinkit-42810,Blinkit,Dhanbad,Jharkhand,23.82236568163852,86.41517901607561
41467,Blinkit-41467,Blinkit,Hazaribag,Jharkhand,23.995562342795544,85.36649691888664
45020,Blinkit-45020,Blinkit,Palanpur,Gujarat,24.173722173194392,72.42392306400917
45801,Blinkit-45801,Blinkit,Giridih,Jharkhand,24.189189,86.30192310935057
42897,Blinkit-42897,Blinkit,Jasidih,Jharkhand,24.49078891052821,86.7030284409953
36304,Blinkit-36304,Blinkit,Udaipur,Rajasthan,24.5470245609055,73.70332140714578
41548,Blinkit-41548,Blinkit,Rewa,Madhya Pradesh,24.541232699604745,81.29970157389464
36363,Blinkit-36363,Blinkit,Udaipur,Rajasthan,24.56452721667266,73.7194626917104
41020,Blinkit-41020,Blinkit,Satna,Madhya Pradesh,24.57826030291053,80.83084708120725
36980,Blinkit-36980,Blinkit,Udaipur,Rajasthan,24.58342334638879,73.66650300528707
39569,Blinkit-39569,Blinkit,Udaipur,Rajasthan,24.59527519852677,73.76920180961424
45692,Blinkit-45692,Blinkit,Udaipur,Rajasthan,24.5862103568092,73.6993713010484
36349,Blinkit-36349,Blinkit,Udaipur,Rajasthan,24.585958829680205,73.71986746990157
39834,Blinkit-39834,Blinkit,Udaipur,Rajasthan,24.612662437657207,73.70406486159662
46024,Blinkit-46024,Blinkit,Gaya,Bihar,24.77398900826446,84.96591085352667
39042,Blinkit-39042,Blinkit,Gaya,Bihar,24.7889313230327,85.00092837193728
44576,Blinkit-44576,Blinkit,Gaya,Bihar,24.7924371365433,84.98747710263537
35942,Blinkit-35942,Blinkit,Kota,Rajasthan,25.131392628458496,75.83303532268775
40098,Blinkit-40098,Blinkit,Kota,Rajasthan,25.18122419439453,75.89084911752677
46367,Blinkit-46367,Blinkit,Mirzapur,Uttar Pradesh,25.139617572763203,82.56452065175849
34342,Blinkit-34342,Blinkit,Kota,Rajasthan,25.14770577326626,75.84419133766863
38038,Blinkit-38038,Blinkit,Kota,Rajasthan,25.219548734459217,75.87533893848696
36379,Blinkit-36379,Blinkit,Kota,Rajasthan,25.20192146927776,75.83523740606873
44464,Blinkit-44464,Blinkit,Bihar Sharif,Bihar,25.19927594286741,85.51654901470305
42522,Blinkit-42522,Blinkit,Bhagalpur,Bihar,25.231757937477543,86.96939590523324
45925,Blinkit-45925,Blinkit,Bhagalpur,Bihar,25.23863915522817,86.93890946017196
43803,Blinkit-43803,Blinkit,Bhagalpur,Bihar,25.25350062199066,87.02589670529268
39612,Blinkit-39612,Blinkit,Bhagalpur,Bihar,25.255863180380885,86.98548312872113
43707,Blinkit-43707,Blinkit,Ramnagar,Uttar Pradesh,25.265353837944662,82.97388054563743
38216,Blinkit-38216,Blinkit,Ramnagar,Uttar Pradesh,25.281906529644267,82.9979507978458
43501,Blinkit-43501,Blinkit,Ramnagar,Uttar Pradesh,25.276140463528563,82.97904840664687
35922,Blinkit-35922,Blinkit,Varanasi,Uttar Pradesh,25.29475477937477,82.97156691043747
41363,Blinkit-41363,Blinkit,Varanasi,Uttar Pradesh,25.309539889687382,82.9569079301924
38290,Blinkit-38290,Blinkit,Varanasi,Uttar Pradesh,25.31152515738412,82.98771740845505
44664,Blinkit-44664,Blinkit,Varanasi,Uttar Pradesh,25.32500222493712,83.00637324412384
46923,Blinkit-46923,Blinkit,Bhilwara,Rajasthan,25.35047963816026,74.64400858014743
37912,Blinkit-37912,Blinkit,Varanasi,Uttar Pradesh,25.34128751491197,82.98000801496615
37016,Blinkit-37016,Blinkit,Varanasi,Uttar Pradesh,25.358765467121813,82.96353462729272
43699,Blinkit-43699,Blinkit,Varanasi,Uttar Pradesh,25.366652639238232,82.99464458767103
41319,Blinkit-41319,Blinkit,Varanasi,Uttar Pradesh,25.35852741466044,83.02031896926144
44129,Blinkit-44129,Blinkit,Jhansi,Uttar Pradesh,25.443255558030906,78.5760921581375
40813,Blinkit-40813,Blinkit,Jhusi,Uttar Pradesh,25.40047776320517,81.86623760711738
42480,Blinkit-42480,Blinkit,Jhusi,Uttar Pradesh,25.427747307222425,81.91086302710906
40403,Blinkit-40403,Blinkit,Begusarai,Bihar,25.42282665361121,86.1304422509707
41544,Blinkit-41544,Blinkit,Jhansi,Uttar Pradesh,25.441059187208047,78.54069962715437
36294,Blinkit-36294,Blinkit,Prayagraj,Uttar Pradesh,25.432432,81.82340696265742
42945,Blinkit-42945,Blinkit,Prayagraj,Uttar Pradesh,25.44048648257276,81.8049673432917
37856,Blinkit-37856,Blinkit,Jhansi,Uttar Pradesh,25.457586021200143,78.61143496903242
38214,Blinkit-38214,Blinkit,Prayagraj,Uttar Pradesh,25.445946,81.77733336255629
44391,Blinkit-44391,Blinkit,Jhusi,Uttar Pradesh,25.44821423571685,81.87590038673811
37854,Blinkit-37854,Blinkit,Jhansi,Uttar Pradesh,25.4596661864894,78.5629695052894
41551,Blinkit-41551,Blinkit,Prayagraj,Uttar Pradesh,25.465382270571325,81.84798925605001
46413,Blinkit-46413,Blinkit,Prayagraj,Uttar Pradesh,25.466006596837943,81.82621050265928
36469,Blinkit-36469,Blinkit,Prayagraj,Uttar Pradesh,25.452858504491555,81.85883828059924
41451,Blinkit-41451,Blinkit,Prayagraj,Uttar Pradesh,25.49700862378728,81.860629
45789,Blinkit-45789,Blinkit,Prayagraj,Uttar Pradesh,25.52767827560187,81.85697057909307
45793,Blinkit-45793,Blinkit,Katihar,Bihar,25.540541,87.57063762716643
40040,Blinkit-40040,Blinkit,Patna,Bihar,25.572473901904416,85.15310293196711
46529,Blinkit-46529,Blinkit,Ghazipur,Uttar Pradesh,25.58005692526051,83.5739615135556
39449,Blinkit-39449,Blinkit,Khagaul,Bihar,25.576396307222424,85.05781964139102
38924,Blinkit-38924,Blinkit,Patna,Bihar,25.58300338591448,85.09923580078929
45873,Blinkit-45873,Blinkit,Patna,Bihar,25.584391276679845,85.22232171894915
40923,Blinkit-40923,Blinkit,Patna,Bihar,25.58633502874596,85.17975777722373
39465,Blinkit-39465,Blinkit,Patna,Bihar,25.584139749550847,85.1202437534359
43729,Blinkit-43729,Blinkit,Patna,Bihar,25.600016307941075,85.14149696328714
39448,Blinkit-39448,Blinkit,Khagaul,Bihar,25.60032622529644,85.07064998322276
36369,Blinkit-36369,Blinkit,Khagaul,Bihar,25.605987985627024,85.0387608005351
36259,Blinkit-36259,Blinkit,Danapur,Bihar,25.610820899748475,85.04924150199236
36343,Blinkit-36343,Blinkit,Patna,Bihar,25.59574259252605,85.16312294268387
40878,Blinkit-40878,Blinkit,Patna,Bihar,25.60501331800216,85.19155284978248
41603,Blinkit-41603,Blinkit,Hajipur,Bihar,25.603917378368667,85.21677169752212
37874,Blinkit-37874,Blinkit,Patna,Bihar,25.618001805964784,85.11919810355788
36418,Blinkit-36418,Blinkit,Danapur,Bihar,25.61608391160618,85.0779519954615
39462,Blinkit-39462,Blinkit,Patna,Bihar,25.609495890765363,85.14399744051256
37336,Blinkit-37336,Blinkit,Patna,Bihar,25.624182186848724,85.1021608502508
39928,Blinkit-39928,Blinkit,Patna,Bihar,25.60685485591089,85.17351502078128
44656,Blinkit-44656,Blinkit,Danapur,Bihar,25.62340065612648,85.04153552266442
37670,Blinkit-37670,Blinkit,Danapur,Bihar,25.628613260869564,85.0560260987193
43192,Blinkit-43192,Blinkit,Patna,Bihar,25.62628872655408,85.1176020486976
39984,Blinkit-39984,Blinkit,Danapur,Bihar,25.643731837944664,85.08375055112602
42298,Blinkit-42298,Blinkit,Hajipur,Bihar,25.693464961192955,85.21536405382646
40963,Blinkit-40963,Blinkit,Jaunpur,Uttar Pradesh,25.747119212720087,82.67869197208421
41054,Blinkit-41054,Blinkit,Purnia,Bihar,25.77504452389508,87.48272323471927
46025,Blinkit-46025,Blinkit,Samastipur,Bihar,25.85731578620194,85.7732474413895
41145,Blinkit-41145,Blinkit,Fatehpur,Uttar Pradesh,25.92573059863456,80.80271372753414
46613,Blinkit-46613,Blinkit,Azamgarh,Uttar Pradesh,26.06145948401006,83.18273000439207
45628,Blinkit-45628,Blinkit,Muzaffarpur,Bihar,26.090085477901543,85.39172246765825
40363,Blinkit-40363,Blinkit,Muzaffarpur,Bihar,26.12414625440172,85.3654050553871
38884,Blinkit-38884,Blinkit,Muzaffarpur,Bihar,26.116380354293923,85.39745405348484
44774,Blinkit-44774,Blinkit,Darbhanga,Bihar,26.121622,85.897847
45629,Blinkit-45629,Blinkit,Guwahati,Assam,26.11423448221344,91.71438802402037
41703,Blinkit-41703,Blinkit,Dispur,Assam,26.12091682572763,91.77453052255464
40586,Blinkit-40586,Blinkit,Dispur,Assam,26.11861265756378,91.8070489600372
45630,Blinkit-45630,Blinkit,North Guwahati,Assam,26.15155952820697,91.67945167009866
45927,Blinkit-45927,Blinkit,Dispur,Assam,26.1375379823931,91.7887836950173
39828,Blinkit-39828,Blinkit,Dispur,Assam,26.139577148760328,91.76453968150632
39054,Blinkit-39054,Blinkit,Dispur,Assam,26.14266284764642,91.81590596374826
40002,Blinkit-40002,Blinkit,Guwahati,Assam,26.14462456593604,91.74091799833892
43723,Blinkit-43723,Blinkit,Muzaffarpur,Bihar,26.148649,85.39131162210037
40870,Blinkit-40870,Blinkit,Darbhanga,Bihar,26.15331572655408,85.8966961116801
37914,Blinkit-37914,Blinkit,Dispur,Assam,26.15658585950413,91.78249649883576
45286,Blinkit-45286,Blinkit,Muzaffarpur,Bihar,26.14459312504492,85.35935955753452
41165,Blinkit-41165,Blinkit,Guwahati,Assam,26.17518642040963,91.73928605873182
41713,Blinkit-41713,Blinkit,Guwahati,Assam,26.161492758174628,91.74583696315574
43499,Blinkit-43499,Blinkit,Guwahati,Assam,26.162494375134745,91.7703779705621
40588,Blinkit-40588,Blinkit,Dispur,Assam,26.17037147251168,91.829788
43553,Blinkit-43553,Blinkit,Gwalior,Madhya Pradesh,26.19756466007905,78.15677886802312
36026,Blinkit-36026,Blinkit,Morar,Madhya Pradesh,26.205532680201223,78.20056381818968
38528,Blinkit-38528,Blinkit,Rae Bareli,Uttar Pradesh,26.21864144017248,81.2546424520934
41729,Blinkit-41729,Blinkit,Guwahati,Assam,26.18471990190442,91.76024245161918
37916,Blinkit-37916,Blinkit,Guwahati,Assam,26.180495439453825,91.77366619364352
38520,Blinkit-38520,Blinkit,Jodhpur,Rajasthan,26.22699015091628,73.01267751625385
45781,Blinkit-45781,Blinkit,North Guwahati,Assam,26.18601796155228,91.70206312118412
38407,Blinkit-38407,Blinkit,Gwalior,Madhya Pradesh,26.21744219475386,78.17122340490887
36910,Blinkit-36910,Blinkit,Jodhpur,Rajasthan,26.23950602551204,72.97936094746679
40966,Blinkit-40966,Blinkit,Morar,Madhya Pradesh,26.231629928135103,78.21527264771264
39445,Blinkit-39445,Blinkit,Morar,Madhya Pradesh,26.264282756018684,78.21693
36768,Blinkit-36768,Blinkit,Jodhpur,Rajasthan,26.265422490118578,72.99237918108985
35754,Blinkit-35754,Blinkit,Jodhpur,Rajasthan,26.275066981674453,73.0295612476654
42300,Blinkit-42300,Blinkit,Kanpur,Uttar Pradesh,26.423462362917714,80.32558146365358
36347,Blinkit-36347,Blinkit,Kanpur,Uttar Pradesh,26.41140571864894,80.36734334656606
41367,Blinkit-41367,Blinkit,Kanpur,Uttar Pradesh,26.429977364714333,80.3090762123127
42306,Blinkit-42306,Blinkit,Kanpur,Uttar Pradesh,26.41521346640316,80.38307835785872
39214,Blinkit-39214,Blinkit,Ajmer,Rajasthan,26.438459667984187,74.65146820573052
40723,Blinkit-40723,Blinkit,Kanpur,Uttar Pradesh,26.442114702838666,80.29773495278496
31448,Blinkit-31448,Blinkit,Kanpur,Uttar Pradesh,26.4213040161696,80.39473389211085
43059,Blinkit-43059,Blinkit,Kanpur,Uttar Pradesh,26.4440999705354,80.33926557175675
43943,Blinkit-43943,Blinkit,Ajmer,Rajasthan,26.47428462773985,74.60285878827426
35748,Blinkit-35748,Blinkit,Ajmer,Rajasthan,26.4914716270212,74.6241339915817
41143,Blinkit-41143,Blinkit,Nawabganj,Uttar Pradesh,26.465437260869564,80.3066601278627
43705,Blinkit-43705,Blinkit,Nawabganj,Uttar Pradesh,26.46550354257995,80.22744921885017
33427,Blinkit-33427,Blinkit,Nawabganj,Uttar Pradesh,26.48485556521739,80.24960615260154
43701,Blinkit-43701,Blinkit,Nawabganj,Uttar Pradesh,26.48607726841538,80.27391305231993
34398,Blinkit-34398,Blinkit,Nawabganj,Uttar Pradesh,26.47212038052461,80.28921205751514
34948,Blinkit-34948,Blinkit,Nawabganj,Uttar Pradesh,26.48233580237154,80.31621284570636
41221,Blinkit-41221,Blinkit,Kanpur,Uttar Pradesh,26.4673372202659,80.32908183492407
34912,Blinkit-34912,Blinkit,Kanpur,Uttar Pradesh,26.47125048832196,80.35613470507532
37694,Blinkit-37694,Blinkit,Kanpur,Uttar Pradesh,26.483877528925618,80.39099382110865
40819,Blinkit-40819,Blinkit,Deoria,Uttar Pradesh,26.49776320517428,83.77394207997028
38089,Blinkit-38089,Blinkit,Nawabganj,Uttar Pradesh,26.509100862199062,80.24800840804444
38834,Blinkit-38834,Blinkit,Nawabganj,Uttar Pradesh,26.50647236327704,80.27892256796963
39160,Blinkit-39160,Blinkit,Unnao,Uttar Pradesh,26.542885592166726,80.48001038714155
42222,Blinkit-42222,Blinkit,Nawabganj,Uttar Pradesh,26.50213798059648,80.31176118998363
46193,Blinkit-46193,Blinkit,Motihari,Bihar,26.649549556952927,84.9160744591465
45795,Blinkit-45795,Blinkit,Siliguri,West Bengal,26.69523463420769,88.37699482366638
40919,Blinkit-40919,Blinkit,Siliguri,West Bengal,26.703875296083364,88.42294621378069
45811,Blinkit-45811,Blinkit,Siliguri,West Bengal,26.703749532518863,88.45257386348072
44668,Blinkit-44668,Blinkit,Gorakhpur,Uttar Pradesh,26.7096424538268,83.40348619422062
44379,Blinkit-44379,Blinkit,Siliguri,West Bengal,26.72313299604743,88.38433900197518
43693,Blinkit-43693,Blinkit,Lucknow,Uttar Pradesh,26.75550834746676,80.87049371717929
40721,Blinkit-40721,Blinkit,Gorakhpur,Uttar Pradesh,26.739364387351777,83.42693163012291
37802,Blinkit-37802,Blinkit,Gorakhpur,Uttar Pradesh,26.73683564139418,83.37443049527081
44812,Blinkit-44812,Blinkit,Siliguri,West Bengal,26.71951729356809,88.42955672140182
40686,Blinkit-40686,Blinkit,Siliguri,West Bengal,26.730628077614085,88.41420701192612
46729,Blinkit-46729,Blinkit,Siliguri,West Bengal,26.739892299317283,88.43811099860444
37292,Blinkit-37292,Blinkit,Jaipur,Rajasthan,26.776405465325187,75.86688232195743
31220,Blinkit-31220,Blinkit,Lucknow,Uttar Pradesh,26.76283198347108,80.96580606968644
36038,Blinkit-36038,Blinkit,Lucknow,Uttar Pradesh,26.77569470786921,80.94591862109606
42993,Blinkit-42993,Blinkit,Faizabad,Uttar Pradesh,26.773382648221343,82.13554771048695
37084,Blinkit-37084,Blinkit,Gorakhpur,Uttar Pradesh,26.75552182213439,83.36121932644218
45586,Blinkit-45586,Blinkit,Siliguri,West Bengal,26.764150100970177,88.38351224689622
44810,Blinkit-44810,Blinkit,Siliguri,West Bengal,26.754695375853395,88.41669043467036
34604,Blinkit-34604,Blinkit,Lucknow,Uttar Pradesh,26.76386054976644,80.9311120766884
38966,Blinkit-38966,Blinkit,Ayodhya,Uttar Pradesh,26.775862289615525,82.17843798722717
44299,Blinkit-44299,Blinkit,Siliguri,West Bengal,26.75257120499461,88.44443498786046
45024,Blinkit-45024,Blinkit,Etawah,Uttar Pradesh,26.78954008300396,79.02152773221992
41545,Blinkit-41545,Blinkit,Lucknow,Uttar Pradesh,26.778907261947538,80.99725463875421
30902,Blinkit-30902,Blinkit,Lucknow,Uttar Pradesh,26.79533868163852,80.88054027432106
39833,Blinkit-39833,Blinkit,Gorakhpur,Uttar Pradesh,26.779148714337047,83.35755883029833
41695,Blinkit-41695,Blinkit,Gorakhpur,Uttar Pradesh,26.775233169241822,83.4087063507884
37420,Blinkit-37420,Blinkit,Gorakhpur,Uttar Pradesh,26.783784,83.38013523230394
46187,Blinkit-46187,Blinkit,Bettiah,Bihar,26.797297,84.50652837625255
35378,Blinkit-35378,Blinkit,Jaipur,Rajasthan,26.821211351778658,75.74954203481236
33543,Blinkit-33543,Blinkit,Jaipur,Rajasthan,26.80190758210564,75.81920923864088
34424,Blinkit-34424,Blinkit,Lucknow,Uttar Pradesh,26.787485042040963,80.90997638807319
34662,Blinkit-34662,Blinkit,Lucknow,Uttar Pradesh,26.7793732921308,80.98687051778637
42947,Blinkit-42947,Blinkit,Lucknow,Uttar Pradesh,26.78422118109953,80.92526863027015
39938,Blinkit-39938,Blinkit,Lucknow,Uttar Pradesh,26.806642836148043,80.9989848403467
46609,Blinkit-46609,Blinkit,Basti,Uttar Pradesh,26.79990210240748,82.73379355851766
39098,Blinkit-39098,Blinkit,Jaipur,Rajasthan,26.83634231189364,75.65530058651036
33928,Blinkit-33928,Blinkit,Jaipur,Rajasthan,26.80618918900468,75.86074086791804
42949,Blinkit-42949,Blinkit,Gorakhpur,Uttar Pradesh,26.80322027057133,83.390982
34772,Blinkit-34772,Blinkit,Jaipur,Rajasthan,26.81728333201581,75.82905963129261
36688,Blinkit-36688,Blinkit,Lucknow,Uttar Pradesh,26.815091452748835,80.90499342521713
42805,Blinkit-42805,Blinkit,Lucknow,Uttar Pradesh,26.835475441609773,80.88062467202889
38024,Blinkit-38024,Blinkit,Jobner,Rajasthan,26.84511488196191,75.56973081483073
39102,Blinkit-39102,Blinkit,Jaipur,Rajasthan,26.84324134171757,75.6303488793937
37030,Blinkit-37030,Blinkit,Jaipur,Rajasthan,26.83968852102048,75.69829479989407
42813,Blinkit-42813,Blinkit,Jaipur,Rajasthan,26.83346771613367,75.768365
43941,Blinkit-43941,Blinkit,Jaipur,Rajasthan,26.84387914265182,75.80410911017498
35642,Blinkit-35642,Blinkit,Jaipur,Rajasthan,26.824553069349623,75.85509425932935
39998,Blinkit-39998,Blinkit,Lucknow,Uttar Pradesh,26.82792622781172,81.01847202970752
44736,Blinkit-44736,Blinkit,Jaipur,Rajasthan,26.842343030542583,75.74640793962365
35596,Blinkit-35596,Blinkit,Jaipur,Rajasthan,26.84842250556953,75.76189336466501
36062,Blinkit-36062,Blinkit,Jaipur,Rajasthan,26.84108090334172,75.81373003610635
35080,Blinkit-35080,Blinkit,Jaipur,Rajasthan,26.85273439920949,75.86298346681949
35022,Blinkit-35022,Blinkit,Lucknow,Uttar Pradesh,26.84539070535393,80.87689311977583
36004,Blinkit-36004,Blinkit,Lucknow,Uttar Pradesh,26.84099556378009,80.91509933684277
35304,Blinkit-35304,Blinkit,Lucknow,Uttar Pradesh,26.856489339920948,80.95370945283302
43655,Blinkit-43655,Blinkit,Lucknow,Uttar Pradesh,26.84906631171398,80.98259009714553
36335,Blinkit-36335,Blinkit,Lucknow,Uttar Pradesh,26.836545083183616,81.00225198796194
31931,Blinkit-31931,Blinkit,Lucknow,Uttar Pradesh,26.841113508444128,80.93721380612047
42750,Blinkit-42750,Blinkit,Jaipur,Rajasthan,26.86568420679124,75.78579291942852
35674,Blinkit-35674,Blinkit,Jaipur,Rajasthan,26.856713917714696,75.79958420964708
43703,Blinkit-43703,Blinkit,Lucknow,Uttar Pradesh,26.86303244520302,80.91453075305536
30485,Blinkit-30485,Blinkit,Lucknow,Uttar Pradesh,26.85390669529285,80.9968596764358
39996,Blinkit-39996,Blinkit,Lucknow,Uttar Pradesh,26.84867403269853,81.00652619152461
36300,Blinkit-36300,Blinkit,Lucknow,Uttar Pradesh,26.85384081674452,81.0252427650822
34012,Blinkit-34012,Blinkit,Lucknow,Uttar Pradesh,26.868341464247216,81.03527633240674
36253,Blinkit-36253,Blinkit,Jaipur,Rajasthan,26.87619510384477,75.77517521216147
45698,Blinkit-45698,Blinkit,Jaipur,Rajasthan,26.89117784261588,75.88812067121975
41311,Blinkit-41311,Blinkit,Lucknow,Uttar Pradesh,26.79691072619476,80.898693
44946,Blinkit-44946,Blinkit,Jaipur,Rajasthan,26.888932064678404,75.7179278396381
30421,Blinkit-30421,Blinkit,Jaipur,Rajasthan,26.88369940208408,75.74576288598179
34736,Blinkit-34736,Blinkit,Jaipur,Rajasthan,26.885388227093063,75.768365
38880,Blinkit-38880,Blinkit,Jaipur,Rajasthan,26.88835265397053,75.79553081580885
36422,Blinkit-36422,Blinkit,Lucknow,Uttar Pradesh,26.87367534099892,80.87121186987126
43727,Blinkit-43727,Blinkit,Lucknow,Uttar Pradesh,26.87728318325548,80.90925364750258
42815,Blinkit-42815,Blinkit,Lucknow,Uttar Pradesh,26.87469492418254,80.93341639463175
35536,Blinkit-35536,Blinkit,Lucknow,Uttar Pradesh,26.886353911606182,80.93813642130111
30484,Blinkit-30484,Blinkit,Lucknow,Uttar Pradesh,26.87092650880345,80.95958519897145
41549,Blinkit-41549,Blinkit,Lucknow,Uttar Pradesh,26.875328233560907,80.98542597033226
31135,Blinkit-31135,Blinkit,Lucknow,Uttar Pradesh,26.87546747179303,81.00324889428131
31275,Blinkit-31275,Blinkit,Lucknow,Uttar Pradesh,26.88387355785124,81.04611203091866
36064,Blinkit-36064,Blinkit,Goshainganj,Uttar Pradesh,26.89284870140137,81.06528501701533
44081,Blinkit-44081,Blinkit,Jaipur,Rajasthan,26.924493020840817,75.69509806620574
35590,Blinkit-35590,Blinkit,Jaipur,Rajasthan,26.901354514911965,75.73863175287154
30471,Blinkit-30471,Blinkit,Jaipur,Rajasthan,26.90177806863097,75.78845525310976
30422,Blinkit-30422,Blinkit,Jaipur,Rajasthan,26.907781033057848,75.82395416564587
33802,Blinkit-33802,Blinkit,Lucknow,Uttar Pradesh,26.893441586776856,80.92694050534436
39292,Blinkit-39292,Blinkit,Lucknow,Uttar Pradesh,26.89054453323752,80.96149934895591
33676,Blinkit-33676,Blinkit,Lucknow,Uttar Pradesh,26.897690598634565,80.96526549348134
31000,Blinkit-31000,Blinkit,Lucknow,Uttar Pradesh,26.900747256557672,80.99765880046816
43725,Blinkit-43725,Blinkit,Lucknow,Uttar Pradesh,26.89334726410349,81.0079882125061
36028,Blinkit-36028,Blinkit,Jaipur,Rajasthan,26.90917790693496,75.71613890475659
37686,Blinkit-37686,Blinkit,Jaipur,Rajasthan,26.912074960474307,75.7937120520646
36314,Blinkit-36314,Blinkit,Lucknow,Uttar Pradesh,26.90956867229608,80.94518732062292
44321,Blinkit-44321,Blinkit,Lucknow,Uttar Pradesh,26.9075593406396,80.9583864996866
37756,Blinkit-37756,Blinkit,Nawabganj,Uttar Pradesh,26.92861866906216,81.190188
31068,Blinkit-31068,Blinkit,Jaipur,Rajasthan,26.921533085519226,75.732284561447
44181,Blinkit-44181,Blinkit,Jaipur,Rajasthan,26.922602075817466,75.7979381523784
35380,Blinkit-35380,Blinkit,Lucknow,Uttar Pradesh,26.93364696586417,80.91456679556865
30998,Blinkit-30998,Blinkit,Lucknow,Uttar Pradesh,26.929772998922022,80.97438222559599
36353,Blinkit-36353,Blinkit,Jaipur,Rajasthan,26.94764829967661,75.71291783656413
34222,Blinkit-34222,Blinkit,Jaipur,Rajasthan,26.9351044757456,75.79672401818075
36052,Blinkit-36052,Blinkit,Jaipur,Rajasthan,26.942682534315487,75.83928018952096
31396,Blinkit-31396,Blinkit,Lucknow,Uttar Pradesh,26.935436850880343,80.94785299405915
31588,Blinkit-31588,Blinkit,Jaipur,Rajasthan,26.94566078620194,75.74716427703471
33209,Blinkit-33209,Blinkit,Jaipur,Rajasthan,26.955052783686668,75.77618574048914
35698,Blinkit-35698,Blinkit,Lucknow,Uttar Pradesh,26.959917138699243,81.00022216252164
41777,Blinkit-41777,Blinkit,Lucknow,Uttar Pradesh,26.86645051922386,81.02059887184886
37028,Blinkit-37028,Blinkit,Jaipur,Rajasthan,26.987294480057493,75.75520130791199
37672,Blinkit-37672,Blinkit,Jaipur,Rajasthan,27.03294687064319,75.89723361837228
34738,Blinkit-34738,Blinkit,Lucknow,Uttar Pradesh,26.86638314588573,80.90433214881818
44125,Blinkit-44125,Blinkit,Agra,Uttar Pradesh,27.1250018957959,78.04018596275657
46731,Blinkit-46731,Blinkit,Shikohabad,Uttar Pradesh,27.109989961911605,78.58936831982525
41709,Blinkit-41709,Blinkit,Lucknow,Uttar Pradesh,26.86852112648221,81.01461629661736
39374,Blinkit-39374,Blinkit,Agra,Uttar Pradesh,27.164724432626663,78.00733734399095
40288,Blinkit-40288,Blinkit,Firozabad,Uttar Pradesh,27.159332891124684,78.39642241336111
40672,Blinkit-40672,Blinkit,Gonda,Uttar Pradesh,27.138597989579587,81.9567065100512
43895,Blinkit-43895,Blinkit,Agra,Uttar Pradesh,27.15395999173554,78.05835932059482
36058,Blinkit-36058,Blinkit,Agra,Uttar Pradesh,27.18780560079051,77.97772002880967
33920,Blinkit-33920,Blinkit,Agra,Uttar Pradesh,27.202703,77.9504984480386
45859,Blinkit-45859,Blinkit,Bharatpur,Rajasthan,27.215232349263385,77.50406908898455
43945,Blinkit-43945,Blinkit,Dayal Bagh,Uttar Pradesh,27.20606717535034,78.042033
44371,Blinkit-44371,Blinkit,Agra,Uttar Pradesh,27.195400821775063,78.00929771221327
36784,Blinkit-36784,Blinkit,Agra,Uttar Pradesh,27.21250148329141,77.95926102964916
42162,Blinkit-42162,Blinkit,Mainpuri,Uttar Pradesh,27.224811746316924,79.03634159497878
35916,Blinkit-35916,Blinkit,Dayal Bagh,Uttar Pradesh,27.22877755300036,77.99688299151059
34412,Blinkit-34412,Blinkit,Dayal Bagh,Uttar Pradesh,27.209896380883936,78.00919617005329
41215,Blinkit-41215,Blinkit,Farrukhabad,Uttar Pradesh,27.3872117987783,79.58871124307127
42658,Blinkit-42658,Blinkit,Hardoi,Uttar Pradesh,27.394546509522097,80.138754161442
40096,Blinkit-40096,Blinkit,Gokul,Uttar Pradesh,27.433123699604742,77.69763259517043
39830,Blinkit-39830,Blinkit,Mathura,Uttar Pradesh,27.49782608695652,77.65321813627362
45550,Blinkit-45550,Blinkit,Mathura,Uttar Pradesh,27.49163223140496,77.68234156864794
39661,Blinkit-39661,Blinkit,Alwar,Rajasthan,27.535550881422925,76.6062060373572
44131,Blinkit-44131,Blinkit,Mathura,Uttar Pradesh,27.521349673374058,77.66639020205919
39835,Blinkit-39835,Blinkit,Sitapur,Uttar Pradesh,27.56638672080489,80.67722851789145
44982,Blinkit-44982,Blinkit,Vrindavan,Uttar Pradesh,27.5718283948976,77.65072828325728
38518,Blinkit-38518,Blinkit,Vrindavan,Uttar Pradesh,27.567033504850883,77.67156255711464
41463,Blinkit-41463,Blinkit,Sikar,Rajasthan,27.608611054257995,75.13640797802722
35912,Blinkit-35912,Blinkit,Alwar,Rajasthan,27.572975833273446,76.6144569789342
39250,Blinkit-39250,Blinkit,Sikar,Rajasthan,27.62256971828961,75.15509354849958
39162,Blinkit-39162,Blinkit,Aligarh,Uttar Pradesh,27.86864239849084,78.07490216130549
42808,Blinkit-42808,Blinkit,Shahjahanpur,Uttar Pradesh,27.88628204671218,79.91465558915499
44375,Blinkit-44375,Blinkit,Aligarh,Uttar Pradesh,27.906905179662232,78.10201431240384
37752,Blinkit-37752,Blinkit,Aligarh,Uttar Pradesh,27.89691580524613,78.0900566234664
44187,Blinkit-44187,Blinkit,Aligarh,Uttar Pradesh,27.90326701940352,78.05097672386768
39932,Blinkit-39932,Blinkit,Aligarh,Uttar Pradesh,27.93166843550125,78.08757701009971
39836,Blinkit-39836,Blinkit,Lakhimpur,Uttar Pradesh,27.953241292849444,80.77761831445079
37244,Blinkit-37244,Blinkit,Behror,Rajasthan,27.972973,76.4103425730999
39348,Blinkit-39348,Blinkit,Bikaner,Rajasthan,28.01387781602587,73.33271134176823
40289,Blinkit-40289,Blinkit,Bikaner,Rajasthan,28.025419022996765,73.29988743187398
35700,Blinkit-35700,Blinkit,Dharuhera,Haryana,28.15569865109594,76.81775
39210,Blinkit-39210,Blinkit,Palwal,Haryana,28.13651839920949,77.32521433689236
39829,Blinkit-39829,Blinkit,Rewari,Haryana,28.15265113043478,76.63327045573308
35958,Blinkit-35958,Blinkit,Rewari,Haryana,28.187531615882143,76.62296290944087
36298,Blinkit-36298,Blinkit,Dharuhera,Haryana,28.203605802730863,76.82873697896088
36292,Blinkit-36292,Blinkit,Sohna,Haryana,28.250949418253683,77.07018245834611
34950,Blinkit-34950,Blinkit,Sohna,Haryana,28.28063391735537,77.06750280222242
42863,Blinkit-42863,Blinkit,Dankaur,Uttar Pradesh,28.31015183291412,77.55215245644506
37754,Blinkit-37754,Blinkit,Bareilly,Uttar Pradesh,28.352289735177862,79.42155977346458
45028,Blinkit-45028,Blinkit,Bareilly,Uttar Pradesh,28.33598747897952,79.40005075797518
38608,Blinkit-38608,Blinkit,Delhi/NCR,Haryana,28.33970199568811,77.3318943476511
33682,Blinkit-33682,Blinkit,Delhi/NCR,Haryana,28.371665215594685,77.29735504862846
33419,Blinkit-33419,Blinkit,Delhi/NCR,Haryana,28.36164904599353,77.35200568809836
34786,Blinkit-34786,Blinkit,Delhi/NCR,Haryana,28.364865,76.9468404095389
35564,Blinkit-35564,Blinkit,Delhi/NCR,Haryana,28.361707436219906,77.07118787110738
35010,Blinkit-35010,Blinkit,Delhi/NCR,Haryana,28.35335763384837,76.97061367685001
45266,Blinkit-45266,Blinkit,Delhi/NCR,Haryana,28.36337905677327,77.32572843658292
37342,Blinkit-37342,Blinkit,Bareilly,Uttar Pradesh,28.377005675530008,79.45462406325775
36230,Blinkit-36230,Blinkit,Delhi/NCR,Haryana,28.370596225296445,77.32476438997399
43850,Blinkit-43850,Blinkit,Bareilly,Uttar Pradesh,28.378378,79.41085410585748
33407,Blinkit-33407,Blinkit,Delhi/NCR,Haryana,28.39091733237513,76.93948532340052
36521,Blinkit-36521,Blinkit,Delhi/NCR,Haryana,28.38642237657205,77.021797
31307,Blinkit-31307,Blinkit,Delhi/NCR,Haryana,28.38066760186849,76.963498
35632,Blinkit-35632,Blinkit,Delhi/NCR,Haryana,28.384747026230688,76.97944082042103
42098,Blinkit-42098,Blinkit,Delhi/NCR,Haryana,28.391546150197627,76.95368661923023
35426,Blinkit-35426,Blinkit,Delhi/NCR,Haryana,28.391370979518506,77.05709935729578
34836,Blinkit-34836,Blinkit,Delhi/NCR,Haryana,28.40402609234639,77.27224983898797
33537,Blinkit-33537,Blinkit,Delhi/NCR,Haryana,28.391892,77.06795741377938
35708,Blinkit-35708,Blinkit,Bareilly,Uttar Pradesh,28.38477086273805,79.43594074314147
34126,Blinkit-34126,Blinkit,Delhi/NCR,Haryana,28.395644849083723,77.03082686673922
33431,Blinkit-33431,Blinkit,Delhi/NCR,Haryana,28.40626737872799,77.09149484715411
32571,Blinkit-32571,Blinkit,Delhi/NCR,Haryana,28.40445149748473,77.34711549313462
31252,Blinkit-31252,Blinkit,Delhi/NCR,Haryana,28.39463184908372,77.30553920085794
42388,Blinkit-42388,Blinkit,Delhi/NCR,Haryana,28.39453752641035,77.33068131274973
34414,Blinkit-34414,Blinkit,Delhi/NCR,Uttar Pradesh,28.42716340495868,77.50908375988944
35588,Blinkit-35588,Blinkit,Farrukhnagar,Haryana,28.414644665648577,76.91614026376988
33243,Blinkit-33243,Blinkit,Delhi/NCR,Haryana,28.40244955623428,76.960812084203
36048,Blinkit-36048,Blinkit,Delhi/NCR,Haryana,28.40978426697808,77.03294542783259
31004,Blinkit-31004,Blinkit,Delhi/NCR,Haryana,28.402256419331653,77.04547303090845
35904,Blinkit-35904,Blinkit,Delhi/NCR,Haryana,28.405405,77.10639155574121
45380,Blinkit-45380,Blinkit,Delhi/NCR,Haryana,28.396904576356448,77.071276337721
30725,Blinkit-30725,Blinkit,Delhi/NCR,Haryana,28.412931756018686,77.31923213070291
45865,Blinkit-45865,Blinkit,Delhi/NCR,Haryana,28.417293056773268,77.35744060358343
33393,Blinkit-33393,Blinkit,Delhi/NCR,Haryana,28.424290900826445,76.93153999847769
43993,Blinkit-43993,Blinkit,Delhi/NCR,Haryana,28.42177562953647,77.03779688919668
36523,Blinkit-36523,Blinkit,Delhi/NCR,Haryana,28.4129553054258,77.04269358109427
31719,Blinkit-31719,Blinkit,Delhi/NCR,Haryana,28.41321132411067,77.07255412312641
42096,Blinkit-42096,Blinkit,Delhi/NCR,Haryana,28.42488827775781,77.10563518011062
34110,Blinkit-34110,Blinkit,Delhi/NCR,Haryana,28.424596016708584,77.14675188111295
31306,Blinkit-31306,Blinkit,Delhi/NCR,Haryana,28.41796679015451,77.28613324336966
45274,Blinkit-45274,Blinkit,Delhi/NCR,Haryana,28.433624957240387,77.3110098831606
34108,Blinkit-34108,Blinkit,Delhi/NCR,Uttar Pradesh,28.438202557671577,77.47876108479699
45468,Blinkit-45468,Blinkit,Delhi/NCR,Uttar Pradesh,28.454136506288176,77.57842446134109
42989,Blinkit-42989,Blinkit,Delhi/NCR,Haryana,28.445946,76.97355726595912
43401,Blinkit-43401,Blinkit,Delhi/NCR,Haryana,28.435266171757096,77.0340683908864
31717,Blinkit-31717,Blinkit,Delhi/NCR,Haryana,28.426559136543297,77.04559443888944
33027,Blinkit-33027,Blinkit,Delhi/NCR,Haryana,28.44959763492633,77.00073547993635
35334,Blinkit-35334,Blinkit,Delhi/NCR,Haryana,28.42596415954006,77.065522
33980,Blinkit-33980,Blinkit,Delhi/NCR,Haryana,28.43996883075817,77.10389280784887
32819,Blinkit-32819,Blinkit,Delhi/NCR,Haryana,28.44220902551204,77.094671
41877,Blinkit-41877,Blinkit,Delhi/NCR,Haryana,28.450318683794467,77.18374451221926
31967,Blinkit-31967,Blinkit,Delhi/NCR,Haryana,28.437224490118577,77.07266760659031
35638,Blinkit-35638,Blinkit,Delhi/NCR,Haryana,28.43722898167445,77.2976964272429
36946,Blinkit-36946,Blinkit,Delhi/NCR,Haryana,28.433757008983108,77.32186656314737
33539,Blinkit-33539,Blinkit,Delhi/NCR,Uttar Pradesh,28.45523909342436,77.51950269386833
34996,Blinkit-34996,Blinkit,Delhi/NCR,Haryana,28.452663121811,77.02371784146362
33395,Blinkit-33395,Blinkit,Delhi/NCR,Haryana,28.450913660797703,77.04879629613029
34218,Blinkit-34218,Blinkit,Delhi/NCR,Haryana,28.445946,77.06138938819109
40959,Blinkit-40959,Blinkit,Delhi/NCR,Haryana,28.441472410348545,77.07613830109263
34032,Blinkit-34032,Blinkit,Delhi/NCR,Haryana,28.452585796622348,76.97946764857642
30322,Blinkit-30322,Blinkit,Delhi/NCR,Haryana,28.45331455156306,77.31367104027677
43239,Blinkit-43239,Blinkit,Delhi/NCR,Haryana,28.46218762019404,77.30019963355085
39096,Blinkit-39096,Blinkit,Delhi/NCR,Uttar Pradesh,28.45222350628817,77.50636167173407
34992,Blinkit-34992,Blinkit,Delhi/NCR,Haryana,28.472973,77.00369481932752
43005,Blinkit-43005,Blinkit,Delhi/NCR,Haryana,28.46440420301833,76.99135026354979
39463,Blinkit-39463,Blinkit,Delhi/NCR,Haryana,28.462791734459213,77.080097
33964,Blinkit-33964,Blinkit,Delhi/NCR,Haryana,28.468791361480417,77.01471518730624
35792,Blinkit-35792,Blinkit,Delhi/NCR,Haryana,28.46475005282069,77.0603465564682
31357,Blinkit-31357,Blinkit,Delhi/NCR,Haryana,28.460923247215234,77.04133279908936
31552,Blinkit-31552,Blinkit,Delhi/NCR,Haryana,28.474895385914483,76.96222059242463
35634,Blinkit-35634,Blinkit,Delhi/NCR,Haryana,28.472373459935323,77.1359511491191
34142,Blinkit-34142,Blinkit,Delhi/NCR,Haryana,28.463460976284583,77.09390462858525
42218,Blinkit-42218,Blinkit,Delhi/NCR,Haryana,28.462656987782967,77.10417270997293
34346,Blinkit-34346,Blinkit,Delhi/NCR,Uttar Pradesh,28.482067114265185,77.48087265016264
39990,Blinkit-39990,Blinkit,Delhi/NCR,Uttar Pradesh,28.47554216996048,77.54140595701772
34018,Blinkit-34018,Blinkit,Delhi/NCR,Uttar Pradesh,28.46624015774344,77.56217371313659
38078,Blinkit-38078,Blinkit,Delhi/NCR,Haryana,28.422633516708583,77.07625636095644
31398,Blinkit-31398,Blinkit,Delhi/NCR,Haryana,28.4704442540424,77.04482062144794
33315,Blinkit-33315,Blinkit,Delhi/NCR,Haryana,28.47219596083363,77.0834693625768
43483,Blinkit-43483,Blinkit,Delhi/NCR,Haryana,28.46889466726554,77.0244641096604
41541,Blinkit-41541,Blinkit,Delhi/NCR,Haryana,28.47303588178225,77.07094849366018
32607,Blinkit-32607,Blinkit,Delhi/NCR,NCT,28.495024447718286,77.18487970394307
30782,Blinkit-30782,Blinkit,Delhi/NCR,Haryana,28.47694353539346,77.0941242519596
44171,Blinkit-44171,Blinkit,Delhi/NCR,Haryana,28.481071429392745,77.09551414188192
36481,Blinkit-36481,Blinkit,Delhi/NCR,NCT,28.496469637082285,77.1969709755889
31394,Blinkit-31394,Blinkit,Delhi/NCR,Haryana,28.47329190046712,77.29651065162851
37066,Blinkit-37066,Blinkit,Delhi/NCR,Haryana,28.492118411067192,77.29212073126723
42738,Blinkit-42738,Blinkit,Delhi/NCR,Haryana,28.47814278081207,77.32501673476072
31454,Blinkit-31454,Blinkit,Delhi/NCR,Haryana,28.47926566978081,77.30798899620967
31661,Blinkit-31661,Blinkit,Delhi/NCR,Uttar Pradesh,28.47794755228171,77.50801891895514
43111,Blinkit-43111,Blinkit,Delhi/NCR,Uttar Pradesh,28.475600560186848,77.52441424495446
33541,Blinkit-33541,Blinkit,Delhi/NCR,Haryana,28.48971542867409,76.9999050670374
30786,Blinkit-30786,Blinkit,Delhi/NCR,Haryana,28.48473312540424,77.09465445817308
30375,Blinkit-30375,Blinkit,Delhi/NCR,Haryana,28.49045878117139,77.0963648214853
33397,Blinkit-33397,Blinkit,Delhi/NCR,Haryana,28.502106539705355,77.06941140312108
38268,Blinkit-38268,Blinkit,Delhi/NCR,Haryana,28.479272561264818,77.024663741547
34408,Blinkit-34408,Blinkit,Delhi/NCR,Haryana,28.490245432267333,77.10409456818915
41205,Blinkit-41205,Blinkit,Delhi/NCR,Haryana,28.49801582393101,77.1449069387178
38450,Blinkit-38450,Blinkit,Delhi/NCR,Uttar Pradesh,28.493200876033058,77.4140557084712
34130,Blinkit-34130,Blinkit,Delhi/NCR,Uttar Pradesh,28.50157204455624,77.38972420721097
45078,Blinkit-45078,Blinkit,Delhi/NCR,Uttar Pradesh,28.500655767157745,77.3753702552307
30320,Blinkit-30320,Blinkit,Delhi/NCR,Uttar Pradesh,28.49800574919152,77.52822494084747
35592,Blinkit-35592,Blinkit,Delhi/NCR,Haryana,28.50148221343873,77.050947
34990,Blinkit-34990,Blinkit,Delhi/NCR,Haryana,28.49563196191161,77.02040812742766
42664,Blinkit-42664,Blinkit,Delhi/NCR,Haryana,28.499743981315127,77.09584012084619
34732,Blinkit-34732,Blinkit,Delhi/NCR,Haryana,28.51029355443766,76.98730645988428
33680,Blinkit-33680,Blinkit,Delhi/NCR,NCT,28.50969726913403,77.20083008224364
35374,Blinkit-35374,Blinkit,Delhi/NCR,Uttar Pradesh,28.50165738411786,77.24597458781808
33353,Blinkit-33353,Blinkit,Delhi/NCR,Uttar Pradesh,28.50728979518505,77.23191613230743
30940,Blinkit-30940,Blinkit,Delhi/NCR,Uttar Pradesh,28.5,77.2908035167763
35918,Blinkit-35918,Blinkit,Delhi/NCR,Uttar Pradesh,28.5,77.3230790765776
45552,Blinkit-45552,Blinkit,Delhi/NCR,Uttar Pradesh,28.509184140136544,77.41630349165425
41657,Blinkit-41657,Blinkit,Delhi/NCR,Uttar Pradesh,28.513514,77.47094009543426
30415,Blinkit-30415,Blinkit,Delhi/NCR,Uttar Pradesh,28.49633489040604,77.42567562860839
34354,Blinkit-34354,Blinkit,Dharuhera,Haryana,28.18928332267337,76.81534724974551
29650,Blinkit-29650,Blinkit,Delhi/NCR,Haryana,28.515074969816744,77.01590307450638
43951,Blinkit-43951,Blinkit,Delhi/NCR,Haryana,28.50806574272368,77.04769621222663
36455,Blinkit-36455,Blinkit,Delhi/NCR,Haryana,28.51487943298599,77.11508340785879
42058,Blinkit-42058,Blinkit,Delhi/NCR,NCT,28.51298624218469,77.16172711178818
34596,Blinkit-34596,Blinkit,Delhi/NCR,NCT,28.525028257635647,77.23265359006722
32681,Blinkit-32681,Blinkit,Delhi/NCR,NCT,28.519851585339563,77.16418134808553
34264,Blinkit-34264,Blinkit,Delhi/NCR,NCT,28.514872695652176,77.20651621676845
34686,Blinkit-34686,Blinkit,Delhi/NCR,NCT,28.51614587926698,77.17739956183532
33433,Blinkit-33433,Blinkit,Delhi/NCR,Uttar Pradesh,28.53582595795904,77.27005981309735
35582,Blinkit-35582,Blinkit,Delhi/NCR,Uttar Pradesh,28.52160569205893,77.3868315545148
34600,Blinkit-34600,Blinkit,Delhi/NCR,Uttar Pradesh,28.52155853072224,77.53065745894222
35460,Blinkit-35460,Blinkit,Delhi/NCR,Haryana,28.53097956916996,77.08657830893549
34554,Blinkit-34554,Blinkit,Delhi/NCR,Haryana,28.524235947179303,77.13543600051281
42466,Blinkit-42466,Blinkit,Delhi/NCR,NCT,28.52863946855911,77.15195875851798
42048,Blinkit-42048,Blinkit,Delhi/NCR,NCT,28.53090770427596,77.2195863453243
41301,Blinkit-41301,Blinkit,Delhi/NCR,NCT,28.522319849443047,77.21460806780169
30900,Blinkit-30900,Blinkit,Delhi/NCR,Uttar Pradesh,28.53769784513116,77.30047168608992
33099,Blinkit-33099,Blinkit,Delhi/NCR,Uttar Pradesh,28.52379307977004,77.36687430145516
39988,Blinkit-39988,Blinkit,Delhi/NCR,Uttar Pradesh,28.52721982069709,77.38479217586415
34418,Blinkit-34418,Blinkit,Delhi/NCR,Haryana,28.55865675314409,77.05043562440221
42812,Blinkit-42812,Blinkit,Delhi/NCR,NCT,28.549279476104925,77.13289752002886
31178,Blinkit-31178,Blinkit,Delhi/NCR,NCT,28.540972189364,77.12920236826564
42120,Blinkit-42120,Blinkit,Delhi/NCR,NCT,28.54135397161337,77.20321393584521
33401,Blinkit-33401,Blinkit,Delhi/NCR,Uttar Pradesh,28.54271491304348,77.25713628801752
44381,Blinkit-44381,Blinkit,Delhi/NCR,Uttar Pradesh,28.54432528997485,77.26250277483443
46020,Blinkit-46020,Blinkit,Delhi/NCR,Uttar Pradesh,28.54551539813152,77.28990610669508
33982,Blinkit-33982,Blinkit,Delhi/NCR,NCT,28.53727922493712,77.20740259679059
36267,Blinkit-36267,Blinkit,Delhi/NCR,NCT,28.53648737082285,77.2262530143711
39118,Blinkit-39118,Blinkit,Delhi/NCR,Uttar Pradesh,28.551201862019404,77.35580097928627
38092,Blinkit-38092,Blinkit,Delhi/NCR,Uttar Pradesh,28.539665146604385,77.34015243139332
34730,Blinkit-34730,Blinkit,Dadri,Uttar Pradesh,28.55990431261229,77.45146173585486
31446,Blinkit-31446,Blinkit,Delhi/NCR,Uttar Pradesh,28.540541,77.36987407354499
41959,Blinkit-41959,Blinkit,Delhi/NCR,NCT,28.591010738411786,76.9940905294482
40585,Blinkit-40585,Blinkit,Delhi/NCR,NCT,28.554054,77.1726483053458
34280,Blinkit-34280,Blinkit,Delhi/NCR,NCT,28.57211345454545,77.15978674595026
31606,Blinkit-31606,Blinkit,Delhi/NCR,NCT,28.55099974200503,77.20496861873157
30942,Blinkit-30942,Blinkit,Delhi/NCR,NCT,28.55560807833273,77.24898560447464
36908,Blinkit-36908,Blinkit,Delhi/NCR,Uttar Pradesh,28.5625823729788,77.28643525725553
35156,Blinkit-35156,Blinkit,Delhi/NCR,NCT,28.546128495508444,77.21329989604081
33674,Blinkit-33674,Blinkit,Delhi/NCR,Uttar Pradesh,28.55073147754221,77.30114033755484
34278,Blinkit-34278,Blinkit,Delhi/NCR,NCT,28.55602130147323,77.23816387068646
44580,Blinkit-44580,Blinkit,Delhi/NCR,Uttar Pradesh,28.551556694933524,77.34095498758583
33417,Blinkit-33417,Blinkit,Delhi/NCR,Uttar Pradesh,28.554503155587497,77.37540157780376
35038,Blinkit-35038,Blinkit,Delhi/NCR,Uttar Pradesh,28.56590612432627,77.400742
46149,Blinkit-46149,Blinkit,Charkhi Dadri,Haryana,28.594595,76.27045677517242
36060,Blinkit-36060,Blinkit,Delhi/NCR,NCT,28.57270297125405,77.07160209711061
31645,Blinkit-31645,Blinkit,Delhi/NCR,NCT,28.574269401365434,77.17641352762145
30708,Blinkit-30708,Blinkit,Delhi/NCR,Uttar Pradesh,28.57088276823572,77.27579243971864
38364,Blinkit-38364,Blinkit,Delhi/NCR,NCT,28.565775869205897,77.19995783740755
30724,Blinkit-30724,Blinkit,Delhi/NCR,NCT,28.56294787064319,77.21103268571305
35554,Blinkit-35554,Blinkit,Delhi/NCR,NCT,28.56569951275602,77.24088443572202
34360,Blinkit-34360,Blinkit,Delhi/NCR,Uttar Pradesh,28.57811657312253,77.34486735584919
43995,Blinkit-43995,Blinkit,Delhi/NCR,NCT,28.570164119295725,77.22402990147647
36357,Blinkit-36357,Blinkit,Delhi/NCR,Uttar Pradesh,28.57198319942508,77.3285328445659
34118,Blinkit-34118,Blinkit,Delhi/NCR,Uttar Pradesh,28.581718800934244,77.32321349461017
39924,Blinkit-39924,Blinkit,Delhi/NCR,Uttar Pradesh,28.562968646784046,77.36261803692054
35702,Blinkit-35702,Blinkit,Delhi/NCR,Uttar Pradesh,28.567913849802373,77.38323656972103
43937,Blinkit-43937,Blinkit,Delhi/NCR,Uttar Pradesh,28.569692505928856,77.444466
35012,Blinkit-35012,Blinkit,Dadri,Uttar Pradesh,28.57047852820697,77.48581281182209
34404,Blinkit-34404,Blinkit,Delhi/NCR,NCT,28.57710357312253,77.04820556933797
38832,Blinkit-38832,Blinkit,Delhi/NCR,NCT,28.5975908677686,77.1347716385371
32748,Blinkit-32748,Blinkit,Delhi/NCR,NCT,28.5874040190442,77.06813072828162
36302,Blinkit-36302,Blinkit,Delhi/NCR,NCT,28.583183048149483,77.16859867500212
30908,Blinkit-30908,Blinkit,Delhi/NCR,NCT,28.573135437657204,77.22804322888074
34220,Blinkit-34220,Blinkit,Delhi/NCR,NCT,28.57461765109594,77.18089762693675
30779,Blinkit-30779,Blinkit,Delhi/NCR,NCT,28.576445714337048,77.25545433924324
40004,Blinkit-40004,Blinkit,Delhi/NCR,NCT,28.583178556593605,77.24484334173032
33411,Blinkit-33411,Blinkit,Delhi/NCR,Uttar Pradesh,28.581081,77.371592
31490,Blinkit-31490,Blinkit,Delhi/NCR,Uttar Pradesh,28.58021862127201,77.39127442018173
36864,Blinkit-36864,Blinkit,Delhi/NCR,Uttar Pradesh,28.5789115785124,77.38468371482396
32611,Blinkit-32611,Blinkit,Delhi/NCR,Uttar Pradesh,28.5759516431908,77.43875790254796
33545,Blinkit-33545,Blinkit,Delhi/NCR,Uttar Pradesh,28.57761801042041,77.44821505862758
35330,Blinkit-35330,Blinkit,Delhi/NCR,NCT,28.58971041951132,77.02928802059908
41977,Blinkit-41977,Blinkit,Delhi/NCR,NCT,28.60040387531441,77.08233113977967
42046,Blinkit-42046,Blinkit,Delhi/NCR,NCT,28.595439412504494,77.094671
41321,Blinkit-41321,Blinkit,Delhi/NCR,NCT,28.595478938196194,77.06813602223512
36778,Blinkit-36778,Blinkit,Delhi/NCR,NCT,28.60210038986705,77.18647867224918
34180,Blinkit-34180,Blinkit,Delhi/NCR,Haryana,28.61239294430471,76.98884142074314
43001,Blinkit-43001,Blinkit,Delhi/NCR,NCT,28.61606594538268,77.03295409141575
34420,Blinkit-34420,Blinkit,Delhi/NCR,NCT,28.60909165073662,77.03315905556344
36070,Blinkit-36070,Blinkit,Delhi/NCR,NCT,28.606441632770395,77.05209300515772
33529,Blinkit-33529,Blinkit,Delhi/NCR,NCT,28.608108,77.07189162077499
41979,Blinkit-41979,Blinkit,Delhi/NCR,NCT,28.611647346029468,77.109246
41018,Blinkit-41018,Blinkit,Delhi/NCR,NCT,28.623836337046352,77.15542190931468
35798,Blinkit-35798,Blinkit,Delhi/NCR,Uttar Pradesh,28.613470917714697,77.30389448753435
34748,Blinkit-34748,Blinkit,Delhi/NCR,NCT,28.62833238447718,77.22072227842008
37812,Blinkit-37812,Blinkit,Delhi/NCR,Uttar Pradesh,28.610881535752785,77.36270206610723
44662,Blinkit-44662,Blinkit,Delhi/NCR,Uttar Pradesh,28.61368766654689,77.34129945645545
31260,Blinkit-31260,Blinkit,Delhi/NCR,Uttar Pradesh,28.61232107941071,77.3302419831789
33914,Blinkit-33914,Blinkit,Delhi/NCR,Uttar Pradesh,28.60495043621991,77.38148585313661
36068,Blinkit-36068,Blinkit,Delhi/NCR,Uttar Pradesh,28.61156829464607,77.44645290202247
37280,Blinkit-37280,Blinkit,Delhi/NCR,Uttar Pradesh,28.59269956342077,77.3974322797689
34070,Blinkit-34070,Blinkit,Delhi/NCR,Uttar Pradesh,28.609093591088754,77.43089953996267
38152,Blinkit-38152,Blinkit,Delhi/NCR,Uttar Pradesh,28.633365326985267,77.47595468763555
31377,Blinkit-31377,Blinkit,Delhi/NCR,Uttar Pradesh,28.61488017463169,77.45528547398544
46022,Blinkit-46022,Blinkit,Pilibhit,Uttar Pradesh,28.6307961570248,79.80946188826519
45288,Blinkit-45288,Blinkit,Delhi/NCR,Uttar Pradesh,28.601653634207693,77.31435453824894
43939,Blinkit-43939,Blinkit,Delhi/NCR,Uttar Pradesh,28.595385513834,77.29952114007335
36432,Blinkit-36432,Blinkit,Delhi/NCR,Uttar Pradesh,28.597891802012217,77.33546971314115
44257,Blinkit-44257,Blinkit,Delhi/NCR,Uttar Pradesh,28.59433448975925,77.34846394749653
32647,Blinkit-32647,Blinkit,Delhi/NCR,Uttar Pradesh,28.599285307222424,77.44820040415765
42302,Blinkit-42302,Blinkit,Delhi/NCR,Uttar Pradesh,28.59141946999641,77.45248705062029
35320,Blinkit-35320,Blinkit,Delhi/NCR,Uttar Pradesh,28.592012355371903,77.36215368650751
36782,Blinkit-36782,Blinkit,Delhi/NCR,NCT,28.62256971828961,77.27876622014907
38042,Blinkit-38042,Blinkit,Delhi/NCR,Uttar Pradesh,28.59725849263385,77.386167
41217,Blinkit-41217,Blinkit,Delhi/NCR,Uttar Pradesh,28.62870742939274,77.30242281945762
45032,Blinkit-45032,Blinkit,Delhi/NCR,Uttar Pradesh,28.62247988717212,77.35418329452966
43997,Blinkit-43997,Blinkit,Delhi/NCR,Uttar Pradesh,28.625383832195467,77.41554726621813
39611,Blinkit-39611,Blinkit,Delhi/NCR,Uttar Pradesh,28.621622,77.37807501048033
38254,Blinkit-38254,Blinkit,Dasna,Uttar Pradesh,28.64231065289256,77.48945939045393
37288,Blinkit-37288,Blinkit,Delhi/NCR,Uttar Pradesh,28.62348150413223,77.42504635494706
30912,Blinkit-30912,Blinkit,Delhi/NCR,Uttar Pradesh,28.626581065756376,77.44076675276061
34020,Blinkit-34020,Blinkit,Delhi/NCR,NCT,28.63934358785483,77.069401204231
34422,Blinkit-34422,Blinkit,Delhi/NCR,NCT,28.639989280273088,77.12092431322428
36319,Blinkit-36319,Blinkit,Delhi/NCR,NCT,28.63967596298958,77.03294825877023
35390,Blinkit-35390,Blinkit,Delhi/NCR,NCT,28.63459152173913,77.1048756767468
32038,Blinkit-32038,Blinkit,Delhi/NCR,NCT,28.62933977003233,77.07565523314067
35840,Blinkit-35840,Blinkit,Delhi/NCR,NCT,28.635135,77.09146234103396
31589,Blinkit-31589,Blinkit,Delhi/NCR,NCT,28.62242688681279,77.0573199988581
30790,Blinkit-30790,Blinkit,Delhi/NCR,NCT,28.64484465217391,77.20140372411558
41973,Blinkit-41973,Blinkit,Delhi/NCR,NCT,28.64652000251527,77.167545
46237,Blinkit-46237,Blinkit,Delhi/NCR,NCT,28.64405413833992,77.18552853038041
36424,Blinkit-36424,Blinkit,Delhi/NCR,NCT,28.63034250988142,77.13705015651706
35540,Blinkit-35540,Blinkit,Delhi/NCR,NCT,28.642688705353933,77.23122316271798
31372,Blinkit-31372,Blinkit,Delhi/NCR,NCT,28.64123228710025,77.28292340893114
42584,Blinkit-42584,Blinkit,Delhi/NCR,Uttar Pradesh,28.634784658641752,77.32689567910118
42528,Blinkit-42528,Blinkit,Delhi/NCR,Uttar Pradesh,28.633585413223138,77.35615826362631
31408,Blinkit-31408,Blinkit,Delhi/NCR,Uttar Pradesh,28.6351728458498,77.30953970964671
33672,Blinkit-33672,Blinkit,Delhi/NCR,Uttar Pradesh,28.63975007366152,77.35344072348732
31498,Blinkit-31498,Blinkit,Delhi/NCR,Uttar Pradesh,28.641783160258715,77.37421925924035
37588,Blinkit-37588,Blinkit,Delhi/NCR,Uttar Pradesh,28.636073735177863,77.36135192569208
45322,Blinkit-45322,Blinkit,Delhi/NCR,Uttar Pradesh,28.633544989220265,77.43640658336368
32750,Blinkit-32750,Blinkit,Delhi/NCR,Uttar Pradesh,28.62815272224218,77.44272617994204
34988,Blinkit-34988,Blinkit,Dasna,Uttar Pradesh,28.650647742364352,77.51093207199821
30987,Blinkit-30987,Blinkit,Delhi/NCR,NCT,28.64250230578512,77.1051005121936
36426,Blinkit-36426,Blinkit,Delhi/NCR,NCT,28.641197508803447,77.07937795963214
41223,Blinkit-41223,Blinkit,Delhi/NCR,NCT,28.646877171038444,77.13197522451154
44578,Blinkit-44578,Blinkit,Delhi/NCR,NCT,28.652325338483653,77.13053109482146
31045,Blinkit-31045,Blinkit,Delhi/NCR,NCT,28.6459765242544,77.17791798260859
36690,Blinkit-36690,Blinkit,Delhi/NCR,NCT,28.654908137261945,77.27423711219136
33391,Blinkit-33391,Blinkit,Delhi/NCR,NCT,28.65143376464248,77.28350421810102
42032,Blinkit-42032,Blinkit,Delhi/NCR,NCT,28.64566211534316,77.1873558548625
36034,Blinkit-36034,Blinkit,Delhi/NCR,Uttar Pradesh,28.64808306395976,77.30227510569837
30865,Blinkit-30865,Blinkit,Delhi/NCR,Uttar Pradesh,28.641528985627016,77.3344357132503
41701,Blinkit-41701,Blinkit,Delhi/NCR,Uttar Pradesh,28.646650257635645,77.3648975099348
35158,Blinkit-35158,Blinkit,Delhi/NCR,Uttar Pradesh,28.64809653862737,77.38342367528344
31118,Blinkit-31118,Blinkit,Delhi/NCR,Uttar Pradesh,28.66422811570248,77.32817001499895
42104,Blinkit-42104,Blinkit,Delhi/NCR,Uttar Pradesh,28.65141579841897,77.41287054908636
34290,Blinkit-34290,Blinkit,Delhi/NCR,Uttar Pradesh,28.65559294538268,77.400742
31392,Blinkit-31392,Blinkit,Delhi/NCR,Uttar Pradesh,28.663311838303983,77.46133428933204
42294,Blinkit-42294,Blinkit,Delhi/NCR,Uttar Pradesh,28.66236028871721,77.43661301429435
35838,Blinkit-35838,Blinkit,Delhi/NCR,NCT,28.668477127560188,77.10222106691612
43551,Blinkit-43551,Blinkit,Delhi/NCR,Haryana,28.69077901077973,76.94372605572845
34144,Blinkit-34144,Blinkit,Delhi/NCR,NCT,28.68155095508444,77.05874909890358
30693,Blinkit-30693,Blinkit,Delhi/NCR,NCT,28.676053290693496,77.08997133794847
30985,Blinkit-30985,Blinkit,Delhi/NCR,NCT,28.654944069708943,77.11823930875586
33758,Blinkit-33758,Blinkit,Delhi/NCR,NCT,28.65497760222781,77.138396
35584,Blinkit-35584,Blinkit,Delhi/NCR,NCT,28.66058629033417,77.14924865488923
35298,Blinkit-35298,Blinkit,Delhi/NCR,NCT,28.65896401221703,77.20296224338247
42811,Blinkit-42811,Blinkit,Delhi/NCR,NCT,28.67240165576716,77.21654816075723
31245,Blinkit-31245,Blinkit,Delhi/NCR,NCT,28.65076039022637,77.1601494020788
36383,Blinkit-36383,Blinkit,Delhi/NCR,NCT,28.657418916996047,77.18458716230438
42574,Blinkit-42574,Blinkit,Delhi/NCR,NCT,28.663778960114985,77.2789330448388
31322,Blinkit-31322,Blinkit,Delhi/NCR,NCT,28.657854597915914,77.28985637899164
29581,Blinkit-29581,Blinkit,Loni,Uttar Pradesh,28.67490794394538,77.31507455007011
41459,Blinkit-41459,Blinkit,Delhi/NCR,Uttar Pradesh,28.660724702120014,77.37655211466328
34724,Blinkit-34724,Blinkit,Delhi/NCR,Haryana,28.69564336579231,76.92080320424648
36387,Blinkit-36387,Blinkit,Delhi/NCR,NCT,28.686437767876395,77.15775088125393
42746,Blinkit-42746,Blinkit,Delhi/NCR,NCT,28.67891890334172,77.09745083948368
31086,Blinkit-31086,Blinkit,Delhi/NCR,NCT,28.67348412073302,77.12271521655482
43099,Blinkit-43099,Blinkit,Delhi/NCR,NCT,28.67063756593604,77.17620166668107
30775,Blinkit-30775,Blinkit,Delhi/NCR,NCT,28.68656143981315,77.19519473843494
34830,Blinkit-34830,Blinkit,Delhi/NCR,NCT,28.69284050556953,77.26364512709341
35008,Blinkit-35008,Blinkit,Delhi/NCR,NCT,28.675676,77.28759963386142
30303,Blinkit-30303,Blinkit,Loni,Uttar Pradesh,28.67801610061085,77.33974751474504
41149,Blinkit-41149,Blinkit,Delhi/NCR,Uttar Pradesh,28.680350740927057,77.37922450852993
41969,Blinkit-41969,Blinkit,Delhi/NCR,Uttar Pradesh,28.678056524613726,77.35715879341139
33515,Blinkit-33515,Blinkit,Delhi/NCR,Uttar Pradesh,28.676250681997843,77.4248439409968
34416,Blinkit-34416,Blinkit,Delhi/NCR,Uttar Pradesh,28.677796014372976,77.47505455688588
40530,Blinkit-40530,Blinkit,Delhi/NCR,Haryana,28.70844320840819,76.88910816617569
37014,Blinkit-37014,Blinkit,Delhi/NCR,NCT,28.69507069241825,77.109246
33421,Blinkit-33421,Blinkit,Delhi/NCR,NCT,28.69056790765361,77.13460199243667
44666,Blinkit-44666,Blinkit,Delhi/NCR,NCT,28.700869748113547,77.16335799838684
43101,Blinkit-43101,Blinkit,Delhi/NCR,NCT,28.69546938447718,77.17143033832913
37586,Blinkit-37586,Blinkit,Loni,Uttar Pradesh,28.69262953180021,77.29146580103526
34762,Blinkit-34762,Blinkit,Delhi/NCR,NCT,28.675676,77.20776317156285
31648,Blinkit-31648,Blinkit,Loni,Uttar Pradesh,28.695378363995687,77.31001596026347
37740,Blinkit-37740,Blinkit,Loni,Uttar Pradesh,28.687010595400647,77.32543594386966
31522,Blinkit-31522,Blinkit,Delhi/NCR,Uttar Pradesh,28.699940693136902,77.41850712570103
43197,Blinkit-43197,Blinkit,Delhi/NCR,Uttar Pradesh,28.70075443370464,77.42661941368745
35660,Blinkit-35660,Blinkit,Delhi/NCR,NCT,28.7273449838304,77.05475783866414
35324,Blinkit-35324,Blinkit,Delhi/NCR,NCT,28.706109999281352,77.10027851320875
31348,Blinkit-31348,Blinkit,Delhi/NCR,NCT,28.70371809162774,77.11587354446263
41975,Blinkit-41975,Blinkit,Delhi/NCR,NCT,28.70941129284944,77.06573708629082
45845,Blinkit-45845,Blinkit,Delhi/NCR,NCT,28.70441428278836,77.14222634289403
33996,Blinkit-33996,Blinkit,Delhi/NCR,NCT,28.71401722924901,77.21127
44539,Blinkit-44539,Blinkit,Delhi/NCR,NCT,28.7122023025512,77.1755659656479
44327,Blinkit-44327,Blinkit,Delhi/NCR,NCT,28.69745582069709,77.19129842272686
38610,Blinkit-38610,Blinkit,Loni,Uttar Pradesh,28.71121689831117,77.28979804806985
35998,Blinkit-35998,Blinkit,Loni,Uttar Pradesh,28.71526884315487,77.33140217018436
45704,Blinkit-45704,Blinkit,Loni,Uttar Pradesh,28.70511496550485,77.30858186476989
35302,Blinkit-35302,Blinkit,Delhi/NCR,Uttar Pradesh,28.706952011857705,77.4255545791238
32036,Blinkit-32036,Blinkit,Delhi/NCR,NCT,28.722185277757816,77.07955921802034
35636,Blinkit-35636,Blinkit,Delhi/NCR,NCT,28.725549453108155,77.08925720933138
30175,Blinkit-30175,Blinkit,Delhi/NCR,NCT,28.71777007833273,77.1604124420773
41297,Blinkit-41297,Blinkit,Delhi/NCR,NCT,28.716216,77.11418819035056
30850,Blinkit-30850,Blinkit,Delhi/NCR,NCT,28.71524582393101,77.134754655607
34300,Blinkit-34300,Blinkit,Delhi/NCR,NCT,28.720608741645705,77.167545
35658,Blinkit-35658,Blinkit,Loni,Uttar Pradesh,28.729406607977005,77.22042993639977
31084,Blinkit-31084,Blinkit,Delhi/NCR,NCT,28.70887439777219,77.19054455489469
35328,Blinkit-35328,Blinkit,Loni,Uttar Pradesh,28.718695338842974,77.26606079677053
35576,Blinkit-35576,Blinkit,Delhi/NCR,Uttar Pradesh,28.72144417103845,77.45344396054573
39046,Blinkit-39046,Blinkit,Hapur,Uttar Pradesh,28.72973,77.76688936966825
30299,Blinkit-30299,Blinkit,Alipur,NCT,28.7480669310097,77.13211548985245
35690,Blinkit-35690,Blinkit,Alipur,NCT,28.745434879266977,77.1981703873379
35160,Blinkit-35160,Blinkit,Delhi/NCR,NCT,28.62026555012576,77.04055755846322
36451,Blinkit-36451,Blinkit,Delhi/NCR,NCT,28.739914757096656,77.11580823285884
34527,Blinkit-34527,Blinkit,Delhi/NCR,NCT,28.624128288178223,77.02951824192365
44776,Blinkit-44776,Blinkit,Delhi/NCR,NCT,28.61771883794466,77.06888363915549
42997,Blinkit-42997,Blinkit,Delhi/NCR,NCT,28.743595461372617,77.12241980925134
45817,Blinkit-45817,Blinkit,Loni,Uttar Pradesh,28.735625321236075,77.26260596333971
37026,Blinkit-37026,Blinkit,Delhi/NCR,NCT,28.574059606539706,77.23870563511086
33912,Blinkit-33912,Blinkit,Delhi/NCR,NCT,28.61228180955803,77.08886917106106
46797,Blinkit-46797,Blinkit,Alipur,NCT,28.7635839705354,77.18420321474905
43561,Blinkit-43561,Blinkit,Muradnagar,Uttar Pradesh,28.77703877470356,77.50698334569067
39212,Blinkit-39212,Blinkit,Rampur,Uttar Pradesh,28.797297,79.0200354970901
41211,Blinkit-41211,Blinkit,Bhiwani,Haryana,28.80318206108516,76.1346340348421
46791,Blinkit-46791,Blinkit,Alipur,NCT,28.797297,77.13587429357963
44325,Blinkit-44325,Blinkit,Bhiwani,Haryana,28.811954100970176,76.14571320498268
41105,Blinkit-41105,Blinkit,Moradabad,Uttar Pradesh,28.822105171397773,78.7789808881803
39565,Blinkit-39565,Blinkit,Niwari,Uttar Pradesh,28.83049539777219,77.5730406053782
43200,Blinkit-43200,Blinkit,Moradabad,Uttar Pradesh,28.82562655120374,78.70315135955155
37334,Blinkit-37334,Blinkit,Moradabad,Uttar Pradesh,28.83705646927776,78.7380491916489
39886,Blinkit-39886,Blinkit,Alipur,NCT,28.85837919331657,77.08788743780056
35656,Blinkit-35656,Blinkit,Delhi/NCR,Uttar Pradesh,28.601325596478624,77.4424196622595
42995,Blinkit-42995,Blinkit,Rohtak,Haryana,28.87430865037729,76.643489022522
45706,Blinkit-45706,Blinkit,Amroha,Uttar Pradesh,28.89698093280633,78.464702
43989,Blinkit-43989,Blinkit,Rohtak,Haryana,28.890122326985267,76.59789679553407
34682,Blinkit-34682,Blinkit,Alipur,NCT,28.910155974487964,77.109246
45386,Blinkit-45386,Blinkit,Rohtak,Haryana,28.89234564714337,76.642853
40152,Blinkit-40152,Blinkit,Moradabad,Uttar Pradesh,28.87715180524614,78.74753720260678
35006,Blinkit-35006,Blinkit,Rohtak,Haryana,28.89349548544736,76.58174272432835
34680,Blinkit-34680,Blinkit,Rohtak,Haryana,28.89275437872799,76.61711963779443
42462,Blinkit-42462,Blinkit,Rohtak,Haryana,28.911482075098814,76.59116269101841
35890,Blinkit-35890,Blinkit,Delhi/NCR,Haryana,28.92228548221344,77.05983966231507
43198,Blinkit-43198,Blinkit,Meerut,Uttar Pradesh,28.96350140028746,77.64094732924923
33972,Blinkit-33972,Blinkit,Meerut,Uttar Pradesh,28.959459,77.68344957372773
44574,Blinkit-44574,Blinkit,Delhi/NCR,Haryana,28.99825503054258,77.08330143432049
38404,Blinkit-38404,Blinkit,Meerut,Uttar Pradesh,28.955223462809915,77.75264676613439
31344,Blinkit-31344,Blinkit,Meerut,Uttar Pradesh,28.96812211965505,77.735962
37860,Blinkit-37860,Blinkit,Kichha,Uttarakhand,28.982135773984908,79.4023375564897
40821,Blinkit-40821,Blinkit,Delhi/NCR,Haryana,28.991107810995327,77.00929238059632
38040,Blinkit-38040,Blinkit,Kichha,Uttarakhand,28.98077274092706,79.3868521629876
34340,Blinkit-34340,Blinkit,Delhi/NCR,Haryana,28.99006577003233,77.03764801643469
43947,Blinkit-43947,Blinkit,Meerut,Uttar Pradesh,28.990326280273088,77.65868752484921
45424,Blinkit-45424,Blinkit,Meerut,Uttar Pradesh,28.97467080812073,77.7208273957032
36325,Blinkit-36325,Blinkit,Meerut,Uttar Pradesh,29.00348993891484,77.76317074585981
39350,Blinkit-39350,Blinkit,Meerut,Uttar Pradesh,28.99457869205893,77.706813
44814,Blinkit-44814,Blinkit,Delhi/NCR,Haryana,29.001634926338483,77.0226957152796
35338,Blinkit-35338,Blinkit,Meerut,Uttar Pradesh,29.032562041322315,77.67541775925802
34358,Blinkit-34358,Blinkit,Daurala,Uttar Pradesh,29.04243643657923,77.706813
46849,Blinkit-46849,Blinkit,Baraut,Uttar Pradesh,29.098473612648224,77.2593892196372
44331,Blinkit-44331,Blinkit,Daurala,Uttar Pradesh,29.06773194178944,77.70922861311706
45036,Blinkit-45036,Blinkit,Hisar,Haryana,29.155923228889684,75.72228540699615
36525,Blinkit-36525,Blinkit,Hisar,Haryana,29.135575172475743,75.73885604616083
42736,Blinkit-42736,Blinkit,Haldwani,Uttarakhand,29.175676,79.49308945900847
39458,Blinkit-39458,Blinkit,Hisar,Haryana,29.1731652202659,75.72413688016124
42178,Blinkit-42178,Blinkit,Kashipur,Uttarakhand,29.210069690262305,78.96226951016159
40399,Blinkit-40399,Blinkit,Haldwani,Uttarakhand,29.21985416025872,79.47561734986033
37816,Blinkit-37816,Blinkit,Haldwani,Uttarakhand,29.20417173877111,79.50572786427296
39464,Blinkit-39464,Blinkit,Jind,Haryana,29.31423805713259,76.322207
38794,Blinkit-38794,Blinkit,Panipat,Haryana,29.38018809701761,76.99302943381505
42660,Blinkit-42660,Blinkit,Bijnor,Uttar Pradesh,29.381019034854475,78.13832426309223
36286,Blinkit-36286,Blinkit,Panipat,Haryana,29.38634043693856,76.95676383649351
43643,Blinkit-43643,Blinkit,Panipat,Haryana,29.398685632411063,76.97431460223862
38842,Blinkit-38842,Blinkit,Panipat,Haryana,29.425973142651813,76.97974898902284
37758,Blinkit-37758,Blinkit,Muzaffarnagar,Uttar Pradesh,29.46954594286741,77.7076487656634
39358,Blinkit-39358,Blinkit,Sirsa,Haryana,29.533479120014373,75.0375033427113
35932,Blinkit-35932,Blinkit,Karnal,Haryana,29.66257073158462,77.00790012532055
42748,Blinkit-42748,Blinkit,Karnal,Haryana,29.684957954365792,76.978073
42220,Blinkit-42220,Blinkit,Karnal,Haryana,29.70744159144808,77.00422368971401
40970,Blinkit-40970,Blinkit,Kotdwara,Uttarakhand,29.743243,78.51454056865578
39614,Blinkit-39614,Blinkit,Kaithal,Haryana,29.80565918541143,76.40719723977554
41543,Blinkit-41543,Blinkit,Roorkee,Uttarakhand,29.833171273445924,77.88394682191719
36054,Blinkit-36054,Blinkit,Roorkee,Uttarakhand,29.8767475652174,77.88278225858764
39444,Blinkit-39444,Blinkit,Ganganagar,Rajasthan,29.91435108767517,73.87621739638304
35706,Blinkit-35706,Blinkit,Haridwar,Uttarakhand,29.925243110671936,78.13643686961973
37290,Blinkit-37290,Blinkit,Haridwar,Uttarakhand,29.921297278835787,78.1116422787151
43277,Blinkit-43277,Blinkit,Saharanpur,Uttar Pradesh,29.94442682644628,77.54377261761512
42422,Blinkit-42422,Blinkit,Thanesar,Haryana,29.94864093352497,76.8246363099989
36477,Blinkit-36477,Blinkit,Haridwar,Uttarakhand,29.97262265864176,78.047674269635
43633,Blinkit-43633,Blinkit,Haridwar,Uttarakhand,29.98077151563061,78.18222624039934
38456,Blinkit-38456,Blinkit,Thanesar,Haryana,29.973983600071865,76.85961359548791
40531,Blinkit-40531,Blinkit,Saharanpur,Uttar Pradesh,29.98501726122889,77.55453621632263
45945,Blinkit-45945,Blinkit,Raiwala,Uttarakhand,30.061011420050303,78.23395453195195
41723,Blinkit-41723,Blinkit,Birbhaddar,Uttarakhand,30.073788804886814,78.27523
46737,Blinkit-46737,Blinkit,Rishikesh,Uttarakhand,30.11326430614445,78.28504264337775
41967,Blinkit-41967,Blinkit,Yamunanagar,Haryana,30.13634424182537,77.26461324036774
38458,Blinkit-38458,Blinkit,Yamunanagar,Haryana,30.14620110204815,77.2897121681643
43399,Blinkit-43399,Blinkit,Doiwala,Uttarakhand,30.18271217642832,78.1404356602865
38478,Blinkit-38478,Blinkit,Bhatinda,Punjab,30.200232644268773,74.92593727486681
35710,Blinkit-35710,Blinkit,Bhatinda,Punjab,30.21827492921308,74.94785767872565
40769,Blinkit-40769,Blinkit,Sangrur,Punjab,30.251003316924184,75.84366718643659
41295,Blinkit-41295,Blinkit,Raipur,Uttarakhand,30.257974211642114,78.09183015101844
35314,Blinkit-35314,Blinkit,Clement Town,Uttarakhand,30.288441743442327,78.0296478573485
42166,Blinkit-42166,Blinkit,Clement Town,Uttarakhand,30.26676209486165,77.9996455236973
42170,Blinkit-42170,Blinkit,Raipur,Uttarakhand,30.28151239561624,78.06030099557462
33798,Blinkit-33798,Blinkit,Clement Town,Uttarakhand,30.29374867085879,77.9985638950532
41203,Blinkit-41203,Blinkit,Raipur,Uttarakhand,30.297297,78.07418458635054
43635,Blinkit-43635,Blinkit,Dehradun,Uttarakhand,30.300247952209848,78.05043833172388
43899,Blinkit-43899,Blinkit,Dehradun,Uttarakhand,30.30031532554797,78.02478926308976
34530,Blinkit-34530,Blinkit,Patiala,Punjab,30.326926856629537,76.39068897532002
34770,Blinkit-34770,Blinkit,Patiala,Punjab,30.34554117247575,76.43770782028093
37866,Blinkit-37866,Blinkit,Ambala,Haryana,30.33223253826806,76.85229645571151
33924,Blinkit-33924,Blinkit,Dehradun,Uttarakhand,30.32715817175709,77.99579044730058
33796,Blinkit-33796,Blinkit,Dehradun,Uttarakhand,30.322913651455263,78.06078900486368
39453,Blinkit-39453,Blinkit,Dehradun,Uttarakhand,30.33974264426877,78.01538416889152
39460,Blinkit-39460,Blinkit,Vikasnagar,Uttarakhand,30.35712264929932,77.8521029393589
36066,Blinkit-36066,Blinkit,Dehradun,Uttarakhand,30.33725185195832,78.05547869342227
35996,Blinkit-35996,Blinkit,Patiala,Punjab,30.3636511570248,76.40251726477463
40084,Blinkit-40084,Blinkit,Ambala,Haryana,30.379923095220985,76.77214126566287
36640,Blinkit-36640,Blinkit,Raipur,Uttarakhand,30.37690701545096,78.10900838884402
40194,Blinkit-40194,Blinkit,Nabha,Punjab,30.380012926338484,76.161885
37162,Blinkit-37162,Blinkit,Mussoorie,Uttarakhand,30.39370209701761,78.074557229598
45851,Blinkit-45851,Blinkit,Vikasnagar,Uttarakhand,30.468409579231047,77.765112
40872,Blinkit-40872,Blinkit,Rajpura,Punjab,30.47453606144449,76.5898019181597
36774,Blinkit-36774,Blinkit,Dehradun,Uttarakhand,30.30542562450593,78.00105331208957
41869,Blinkit-41869,Blinkit,SAS Nagar,Punjab,30.66287166582824,76.6753908089252
36600,Blinkit-36600,Blinkit,Basi,Punjab,30.634721776859507,76.79017228258135
40196,Blinkit-40196,Blinkit,SAS Nagar,Punjab,30.635458392023,76.75842785430758
34758,Blinkit-34758,Blinkit,Basi,Punjab,30.629754805964783,76.82680482402007
45590,Blinkit-45590,Blinkit,Amloh,Punjab,30.66250784980237,76.29537638612152
34774,Blinkit-34774,Blinkit,Basi,Punjab,30.63866536291772,76.81752572505799
36189,Blinkit-36189,Blinkit,Basi,Punjab,30.661515215954005,76.88110087114191
34016,Blinkit-34016,Blinkit,Basi,Punjab,30.65489662765001,76.85082897344925
45807,Blinkit-45807,Blinkit,Faridkot,Punjab,30.675676,74.76137230820297
43653,Blinkit-43653,Blinkit,SAS Nagar,Punjab,30.65623763780093,76.73992620859924
34760,Blinkit-34760,Blinkit,SAS Nagar,Punjab,30.669309373697445,76.7314289510894
33063,Blinkit-33063,Blinkit,Basi,Punjab,30.647191490118576,76.8216290945412
40484,Blinkit-40484,Blinkit,Chandigarh,Chandigarh,30.66925416672656,76.81450720202925
36604,Blinkit-36604,Blinkit,SAS Nagar,Punjab,30.67677346316924,76.74861173427607
32959,Blinkit-32959,Blinkit,Chandigarh,Chandigarh,30.683234095220985,76.84474824617925
42054,Blinkit-42054,Blinkit,Basi,Punjab,30.67194351706792,76.8541643101683
39610,Blinkit-39610,Blinkit,Khanna,Punjab,30.707010402084084,76.21751976339371
42582,Blinkit-42582,Blinkit,SAS Nagar,Punjab,30.694906750628817,76.67578893673637
33962,Blinkit-33962,Blinkit,SAS Nagar,Punjab,30.701000700323394,76.70971964495573
38034,Blinkit-38034,Blinkit,SAS Nagar,Punjab,30.69457437549407,76.73411898571415
34120,Blinkit-34120,Blinkit,Chandigarh,Chandigarh,30.709893980955805,76.75985848544804
30868,Blinkit-30868,Blinkit,Chandigarh,Chandigarh,30.711666053898668,76.80596884563788
35306,Blinkit-35306,Blinkit,SAS Nagar,Punjab,30.71994399137621,76.65271530540062
36086,Blinkit-36086,Blinkit,SAS Nagar,Punjab,30.7158027768595,76.71612927643669
36076,Blinkit-36076,Blinkit,Chandigarh,Chandigarh,30.70803574667625,76.8385696472608
42468,Blinkit-42468,Blinkit,Chandigarh,Chandigarh,30.69271487136184,76.85224580916038
42094,Blinkit-42094,Blinkit,Chandigarh,Chandigarh,30.728050158102764,76.7498346118897
37678,Blinkit-37678,Blinkit,Chandigarh,Chandigarh,30.721656025152715,76.76716449001022
43545,Blinkit-43545,Blinkit,Chandigarh,Chandigarh,30.72581012217032,76.80491403625254
44936,Blinkit-44936,Blinkit,Chandigarh,Chandigarh,30.71518903359684,76.85099786617653
37680,Blinkit-37680,Blinkit,SAS Nagar,Punjab,30.727852529644267,76.67289027762791
36306,Blinkit-36306,Blinkit,SAS Nagar,Punjab,30.72973,76.72705533604335
44770,Blinkit-44770,Blinkit,Chandigarh,Chandigarh,30.73334570247934,76.77885078774676
32993,Blinkit-32993,Blinkit,SAS Nagar,Punjab,30.742928591088752,76.65660752185353
34536,Blinkit-34536,Blinkit,SAS Nagar,Punjab,30.75615513151276,76.63608440605918
33922,Blinkit-33922,Blinkit,Chandigarh,Chandigarh,30.73922305749192,76.74757770961493
42464,Blinkit-42464,Blinkit,Chandigarh,Chandigarh,30.747155145167085,76.759451
31406,Blinkit-31406,Blinkit,Chandigarh,Chandigarh,30.741106342076893,76.78713687903286
36529,Blinkit-36529,Blinkit,SAS Nagar,Punjab,30.7593755770751,76.61166222871218
37416,Blinkit-37416,Blinkit,SAS Nagar,Punjab,30.76618043837585,76.62572953538933
35750,Blinkit-35750,Blinkit,SAS Nagar,Punjab,30.762236698167445,76.66546859299193
38142,Blinkit-38142,Blinkit,Chandigarh,Chandigarh,30.76733252245777,76.75371650260564
43241,Blinkit-43241,Blinkit,Chandigarh,Chandigarh,30.769951099532875,76.79684194386027
38186,Blinkit-38186,Blinkit,Chandigarh,Chandigarh,30.817874474667622,76.73855109476145
41012,Blinkit-41012,Blinkit,Moga,Punjab,30.822788876033066,75.17181042235133
42656,Blinkit-42656,Blinkit,Pinjaur,Haryana,30.80775225044916,76.91667806923998
35668,Blinkit-35668,Blinkit,Ludhiana,Punjab,30.86548932626662,75.86532384182219
43851,Blinkit-43851,Blinkit,Ludhiana,Punjab,30.866014838304,75.84297622260898
43849,Blinkit-43849,Blinkit,Ludhiana,Punjab,30.85562696119296,75.90133781921668
34352,Blinkit-34352,Blinkit,Ludhiana,Punjab,30.877273077254763,75.79896464150278
31090,Blinkit-31090,Blinkit,Ludhiana,Punjab,30.879231582464968,75.84702476496143
45278,Blinkit-45278,Blinkit,Ludhiana,Punjab,30.88963274739489,75.82773178932926
33804,Blinkit-33804,Blinkit,Ludhiana,Punjab,30.903244561624145,75.89102656231312
36479,Blinkit-36479,Blinkit,Ludhiana,Punjab,30.901214378368664,75.82984135866532
37068,Blinkit-37068,Blinkit,Ludhiana,Punjab,30.91331013833992,75.8678813240498
31092,Blinkit-31092,Blinkit,Ludhiana,Punjab,30.915244907294284,75.81402085341014
44329,Blinkit-44329,Blinkit,Ludhiana,Punjab,30.891892,75.9308758430959
39655,Blinkit-39655,Blinkit,Solan,Himachal Pradesh,30.90802357707509,77.09060343885716
44389,Blinkit-44389,Blinkit,Ludhiana,Punjab,30.9113327621272,75.7667263828259
43549,Blinkit-43549,Blinkit,Ludhiana,Punjab,30.92624263600431,75.83455749093456
38144,Blinkit-38144,Blinkit,Ludhiana,Punjab,30.939042478620195,75.86945163631981
39656,Blinkit-39656,Blinkit,Baddi,Himachal Pradesh,30.94499379015451,76.803175
45284,Blinkit-45284,Blinkit,Phagwara,Punjab,31.21111359252605,75.77292855219194
36080,Blinkit-36080,Blinkit,Jalandhar,Punjab,31.26271280309019,75.58541390694235
37080,Blinkit-37080,Blinkit,Phagwara,Punjab,31.25585150233561,75.695491
37082,Blinkit-37082,Blinkit,Jalandhar,Punjab,31.304769857348187,75.593468
43651,Blinkit-43651,Blinkit,Jalandhar,Punjab,31.314938739849083,75.578893
34114,Blinkit-34114,Blinkit,Jalandhar,Punjab,31.332946695652176,75.6134003587394
44504,Blinkit-44504,Blinkit,Jalandhar,Punjab,31.35757520481495,75.5837689131249
39050,Blinkit-39050,Blinkit,Kapurthala,Punjab,31.378943936040248,75.38942
39837,Blinkit-39837,Blinkit,Una,Himachal Pradesh,31.47219146927776,76.27214284917397
39252,Blinkit-39252,Blinkit,Hoshiarpur,Punjab,31.528536162773985,75.90673591714427
32925,Blinkit-32925,Blinkit,Amritsar,Punjab,31.617842355731224,74.89477894348396
35384,Blinkit-35384,Blinkit,Amritsar,Punjab,31.631106074380163,74.83048212586107
35004,Blinkit-35004,Blinkit,Amritsar,Punjab,31.64184878440532,74.87123089796992
43637,Blinkit-43637,Blinkit,Amritsar,Punjab,31.62886478799856,74.893877
32889,Blinkit-32889,Blinkit,Amritsar,Punjab,31.663028870283863,74.84479157348636
36290,Blinkit-36290,Blinkit,Amritsar,Punjab,31.65302826697808,74.89102258350432
43639,Blinkit-43639,Blinkit,Amritsar,Punjab,31.665422869565216,74.86726630666762
39654,Blinkit-39654,Blinkit,Hamirpur,Himachal Pradesh,31.693945557671576,76.51317390076652
41307,Blinkit-41307,Blinkit,Batala,Punjab,31.81770793819619,75.20088888909734
40401,Blinkit-40401,Blinkit,Dharmsala,Himachal Pradesh,32.20493530326985,76.32555111836412
39356,Blinkit-39356,Blinkit,Pathankot,Punjab,32.27027,75.651767
43901,Blinkit-43901,Blinkit,Bishnah,Kashmir,32.67285276607977,74.83242077048817
39452,Blinkit-39452,Blinkit,Bishnah,Kashmir,32.66799653108157,74.8946666621476
40632,Blinkit-40632,Blinkit,Jammu,Kashmir,32.68302433956162,74.85508935864618
44265,Blinkit-44265,Blinkit,Jammu,Kashmir,32.676520412504495,74.9145617620786
37378,Blinkit-37378,Blinkit,Jammu,Kashmir,32.697053714337045,74.87536406197832
40729,Blinkit-40729,Blinkit,Jammu,Kashmir,32.712276905497674,74.89718260308419
44263,Blinkit-44263,Blinkit,Jammu,Kashmir,32.7305025476105,74.821004
40727,Blinkit-40727,Blinkit,Jammu,Kashmir,32.7389041570248,74.85998085614789
46203,Blinkit-46203,Blinkit,Jammu,Kashmir,32.744689280991736,74.82692617013254
37380,Blinkit-37380,Blinkit,Jammu,Kashmir,32.766851925979154,74.83079715368483
39342,Blinkit-39342,Blinkit,Pune,Maharashtra,18.5024389148401,73.8023357413116
34396,Blinkit-34396,Blinkit,Patiala,Punjab,30.363315413223145,76.37165558215705
34616,Blinkit-34616,Blinkit,Basi,Punjab,30.58760164750269,76.85767657976224
38526,Blinkit-38526,Blinkit,SAS Nagar,Punjab,30.68124151527129,76.69204479520624
42116,Blinkit-42116,Blinkit,SAS Nagar,Punjab,30.68312090801294,76.71715802041206
44337,Blinkit-44337,Blinkit,Chandigarh,Chandigarh,30.714522683435145,76.75178663669745
42174,Blinkit-42174,Blinkit,SAS Nagar,Punjab,30.735254613726195,76.6466833131971
44980,Blinkit-44980,Blinkit,SAS Nagar,Punjab,30.732326119295724,76.6963814062636
44902,Blinkit-44902,Blinkit,SAS Nagar,Punjab,30.73897153036292,76.66534932735203
37738,Blinkit-37738,Blinkit,Pinjaur,Haryana,30.76500885770751,76.91224879516055
38370,Blinkit-38370,Blinkit,Ludhiana,Punjab,30.8571125432986,75.80222388828322
34122,Blinkit-34122,Blinkit,Jalandhar,Punjab,31.29459308336328,75.57511372854854
36040,Blinkit-36040,Blinkit,Jalandhar,Punjab,31.32301246568452,75.564318
45276,Blinkit-45276,Blinkit,Amritsar,Punjab,31.606200211642115,74.93124243093224
34400,Blinkit-34400,Blinkit,Delhi/NCR,Haryana,28.517318347826087,77.0373841293788
41957,Blinkit-41957,Blinkit,Haridwar,Uttarakhand,29.92758111965505,78.06672589977892
39660,Blinkit-39660,Blinkit,Sundarnagar,Himachal Pradesh,31.525629766798417,76.88898481822051
36261,Blinkit-36261,Blinkit,Jalandhar,Punjab,31.352700712540425,75.55582823515817
34752,Blinkit-34752,Blinkit,Bengaluru,Karnataka,12.867960773625583,77.663088
31108,Blinkit-31108,Blinkit,Bengaluru,Karnataka,12.87074684656845,77.57601319246776
41096,Blinkit-41096,Blinkit,Bengaluru,Karnataka,12.909645028745958,77.60288128598008
31530,Blinkit-31530,Blinkit,Bengaluru,Karnataka,12.91512812684154,77.63538134512687
34350,Blinkit-34350,Blinkit,Bengaluru,Karnataka,12.927479905497664,77.60913462489754
36730,Blinkit-36730,Blinkit,Bengaluru,Karnataka,12.905570095939634,77.69683905896203
43557,Blinkit-43557,Blinkit,Bengaluru,Karnataka,12.939750836148042,77.72352696385298
45326,Blinkit-45326,Blinkit,Bengaluru,Karnataka,12.94287377578153,77.62548663614245
37688,Blinkit-37688,Blinkit,Bengaluru,Karnataka,12.964376162055336,77.75709581581809
30558,Blinkit-30558,Blinkit,Bengaluru,Karnataka,13.000328975206612,77.74409116090175
43443,Blinkit-43443,Blinkit,Bengaluru,Karnataka,13.042636464965865,77.73897581801859
34184,Blinkit-34184,Blinkit,Hyderabad,Telangana,17.40906228063241,78.450127
40876,Blinkit-40876,Blinkit,Hyderabad,Telangana,17.45668306431908,78.37117896043512
36269,Blinkit-36269,Blinkit,Mumbai,Maharashtra,19.15416013905857,72.84391488434628
38524,Blinkit-38524,Blinkit,Mumbai,Maharashtra,19.15431974344233,72.88770543676146
34492,Blinkit-34492,Blinkit,Mumbai,Maharashtra,19.19022673625584,72.84161531232797
35640,Blinkit-35640,Blinkit,Mumbai,Maharashtra,19.22616819619116,72.8601038110284
33628,Blinkit-33628,Blinkit,Mumbai,Maharashtra,19.28100821846928,72.87692668257054
41058,Blinkit-41058,Blinkit,Mumbai,Maharashtra,19.28828004743083,72.86463084890174
42806,Blinkit-42806,Blinkit,Lucknow,Uttar Pradesh,26.890998180380883,80.94761431530908
36428,Blinkit-36428,Blinkit,Delhi/NCR,Haryana,28.429018669062163,77.09961273956408
36341,Blinkit-36341,Blinkit,Delhi/NCR,Haryana,28.43984646712181,77.05283697208631
34870,Blinkit-34870,Blinkit,Delhi/NCR,Haryana,28.44687575206612,77.08772368898951
31014,Blinkit-31014,Blinkit,Delhi/NCR,Haryana,28.419350189364,77.09089318203179
33389,Blinkit-33389,Blinkit,Delhi/NCR,Haryana,28.45332113474668,77.08214554651889
34782,Blinkit-34782,Blinkit,Delhi/NCR,Haryana,28.475308609054977,77.08420003340366
37870,Blinkit-37870,Blinkit,Delhi/NCR,Haryana,28.475443355731223,77.06110482020868
31264,Blinkit-31264,Blinkit,Delhi/NCR,NCT,28.50034584980237,77.18543022330009
30474,Blinkit-30474,Blinkit,Delhi/NCR,NCT,28.525099633848367,77.15440296555862
30836,Blinkit-30836,Blinkit,Delhi/NCR,NCT,28.533713835070067,77.21889560103462
42576,Blinkit-42576,Blinkit,Delhi/NCR,NCT,28.56967678548329,77.24715438687154
33990,Blinkit-33990,Blinkit,Delhi/NCR,NCT,28.59098378907654,77.07658788522286
35644,Blinkit-35644,Blinkit,Delhi/NCR,Uttar Pradesh,28.61081454761049,77.28877261295436
45232,Blinkit-45232,Blinkit,Delhi/NCR,NCT,28.683817099173552,77.1351038760574
40529,Blinkit-40529,Blinkit,Delhi/NCR,Uttar Pradesh,28.55717563133309,77.25364910110004
35568,Blinkit-35568,Blinkit,Bengaluru,Karnataka,12.951256327344591,77.7150037288416
35680,Blinkit-35680,Blinkit,Bengaluru,Karnataka,13.008873439453827,77.75955682949248
40523,Blinkit-40523,Blinkit,Bengaluru,Karnataka,12.89933132482932,77.71923982521622
37208,Blinkit-37208,Blinkit,Bengaluru,Karnataka,12.970659848724395,77.65414154505727
39364,Blinkit-39364,Blinkit,Firozpur,Punjab,30.95752313941789,74.61024118523268
37332,Blinkit-37332,Blinkit,Bengaluru,Karnataka,12.862629859504132,77.61553822607141
36818,Blinkit-36818,Blinkit,Bengaluru,Karnataka,12.864218531800216,77.65126910372695
44169,Blinkit-44169,Blinkit,Hoshiarpur,Punjab,31.511565756378005,75.93177806914952
34746,Blinkit-34746,Blinkit,Delhi/NCR,Uttar Pradesh,28.522549594682,77.26139847908122
37818,Blinkit-37818,Blinkit,Haldwani,Uttarakhand,29.232741773625584,79.52707208599658
35316,Blinkit-35316,Blinkit,Dehradun,Uttarakhand,30.34126056557672,77.95662932561832
38464,Blinkit-38464,Blinkit,Dehradun,Uttarakhand,30.391591065756376,77.969159
36772,Blinkit-36772,Blinkit,SAS Nagar,Punjab,30.81316906683435,76.70210904978163
45863,Blinkit-45863,Blinkit,Perungudi,Tamil Nadu,12.956252029105285,80.2378677663614
44862,Blinkit-44862,Blinkit,Bengaluru,Karnataka,12.98118356413942,77.75794866112942
45631,Blinkit-45631,Blinkit,Bengaluru,Karnataka,12.9669917782968,77.7432293001627
45768,Blinkit-45768,Blinkit,Bengaluru,Karnataka,12.99091018253683,77.72143430722778
30622,Blinkit-30622,Blinkit,Bengaluru,Karnataka,12.9899065756378,77.68791428917902
43053,Blinkit-43053,Blinkit,Mumbai,Maharashtra,19.16272235285663,72.8413874600015
41519,Blinkit-41519,Blinkit,Delhi/NCR,Haryana,28.43695839669421,77.10206727250002
35574,Blinkit-35574,Blinkit,Delhi/NCR,Uttar Pradesh,28.54036692094861,77.24272998762191
31494,Blinkit-31494,Blinkit,Delhi/NCR,NCT,28.55777749982034,77.20561822137296
31642,Blinkit-31642,Blinkit,Delhi/NCR,NCT,28.57278920733022,77.15902648665377
43645,Blinkit-43645,Blinkit,Basi,Punjab,30.6398511336687,76.82383171655124
44622,Blinkit-44622,Blinkit,Kolkata,West Bengal,22.57344744664032,88.41379488045216
38036,Blinkit-38036,Blinkit,Jalandhar,Punjab,31.286703511318724,75.6463325695637
46667,Blinkit-46667,Blinkit,Bengaluru,Karnataka,12.812743306503776,77.51155469815096
1400972,Chungam,Swiggy Instamart,Kottayam,Kerala,9.6005,76.530389
1400976,Arapalayam,Swiggy Instamart,Madurai,Tamil Nadu,9.9255,78.099861
1381849,PERUMANOOR,Swiggy Instamart,Cochin,Kerala,9.9658965,76.305997
1394676,THAMPANOOR,Swiggy Instamart,Thiruvananthapuram,Kerala,8.501417,76.953167
1404595,Pattom,Swiggy Instamart,Thiruvananthapuram,Kerala,8.516562552622558,76.9348671132359
1393570,ALUVA,Swiggy Instamart,Aluva,Kerala,10.106556,76.353056
1395735,Punkunnam,Swiggy Instamart,Trichur,Kerala,10.5268894,76.2018233
1402060,Thrikkakara,Swiggy Instamart,Elur,Kerala,10.028926,76.323143
1395734,Nehru Nagar,Swiggy Instamart,Trichur,Kerala,10.5062547,76.2316267
1400926,Palluruthy,Swiggy Instamart,Cochin,Kerala,9.932694,76.265972
1399703,Nehru Stadium,Swiggy Instamart,Elur,Kerala,10.000444,76.302139
1383382,KAKKANAD,Swiggy Instamart,Elur,Kerala,10.0146534,76.3337756
1402446,Vadavalli,Swiggy Instamart,Perur,Tamil Nadu,11.027683,76.906558
1319695,THENGOD,Swiggy Instamart,Aluva,Kerala,10.02845,76.370564
1388684,RS PURAM MAIN,Swiggy Instamart,Coimbatore,Tamil Nadu,11.011403,76.960053
1403358,Cheran Ma Nagar,Swiggy Instamart,Irugur,Tamil Nadu,11.044065813378303,77.03800902453726
1401252,Thudiyalur,Swiggy Instamart,Coimbatore,Tamil Nadu,11.06437,76.945204
1388451,WEST HILLS,Swiggy Instamart,Kozhikode,Kerala,11.271394,75.778911
1401078,Telephone Bhavan,Swiggy Instamart,Erode,Tamil Nadu,11.3365665,77.7273418
1386098,CHAMUNDI TEMPLE,Swiggy Instamart,Mysuru,Karnataka,12.2956553,76.6418746
1402087,Vidyaranyapuram,Swiggy Instamart,Mysuru,Karnataka,12.272795,76.642737
1382427,PEETA METRO STATION,Swiggy Instamart,Cochin,Kerala,9.950983341719212,76.33348316640829
1398449,ROCKFORT,Swiggy Instamart,Tiruchirappalli,Tamil Nadu,10.826361,78.684306
1404578,Tatapuram,Swiggy Instamart,Cochin,Kerala,9.9953,76.279
1392529,TRICHY LINK ROAD,Swiggy Instamart,Singanallur,Tamil Nadu,11.0164462,77.0226188
1403416,Rajendra Nagar,Swiggy Instamart,Mysuru,Karnataka,12.344562407049764,76.64477868182033
1395732,Alagapuram,Swiggy Instamart,Salem,Tamil Nadu,11.676684,78.138031
1398440,Mahindra City,Swiggy Instamart,Singapperumalkovil,Tamil Nadu,12.730417,79.997389
1402141,Chandapura,Swiggy Instamart,Anekal,Karnataka,12.792444,77.706833
1402460,Shubhodaya Hospital,Swiggy Instamart,Mysuru,Karnataka,12.317716,76.69165
1402443,Holiday Village,Swiggy Instamart,Bengaluru,Karnataka,12.86057,77.541535
1404804,SRM University,Swiggy Instamart,Guduvancheri,Tamil Nadu,12.819837,80.042511
1397027,Sarvanampatti,Swiggy Instamart,Periyanayakkanpalaiyam,Tamil Nadu,11.085889,76.998056
1397623,Lokanayaka Nagar,Swiggy Instamart,Mysuru,Karnataka,12.353528,76.619538
1399695,Dommasandra,Swiggy Instamart,Hosur,Tamil Nadu,12.861425,77.780746
1402266,Muthialpet,Swiggy Instamart,Puducherry,Pondicherry,11.954944,79.829333
1403144,Prestige Park Sqaure,Swiggy Instamart,Bengaluru,Karnataka,12.842334,77.58992
1402440,Shikarlipalya,Swiggy Instamart,Anekal,Karnataka,12.834111,77.666417
1404843,VIT,Swiggy Instamart,Vengavasal,Tamil Nadu,12.844488,80.149658
1380710,Rayasandra,Swiggy Instamart,Anekal,Karnataka,12.84618903692565,77.68438360894112
1393562,DLF Woodland,Swiggy Instamart,Anekal,Karnataka,12.784306,77.660056
1402246,Siruseri,Swiggy Instamart,Vengavasal,Tamil Nadu,12.846789,80.211545
1380531,KELAMBAKKAM,Swiggy Instamart,Vengavasal,Tamil Nadu,12.791416222261404,80.2181110090208
1403470,Fiza Mall,Swiggy Instamart,Ullal,Karnataka,12.858535,74.839455
1391892,Semmencheri,Swiggy Instamart,Vengavasal,Tamil Nadu,12.878833,80.212833
1402802,Agaram Then,Swiggy Instamart,Vengavasal,Tamil Nadu,12.885146,80.150657
1403191,Kadri Mega Pod,Swiggy Instamart,Mangalore,Karnataka,12.89778611,74.8450556
1400922,Provident Sunworth,Swiggy Instamart,Bengaluru,Karnataka,12.887056,77.458389
1404599,E-City Megapod,Swiggy Instamart,Bengaluru,Karnataka,12.840915330375966,77.63964841192902
1392660,HSR/KUDLU,Swiggy Instamart,Bengaluru,Karnataka,12.892389,77.649333
1393568,URAPAKKAM,Swiggy Instamart,Guduvancheri,Tamil Nadu,12.858278,80.068611
1239157,Begur,Swiggy Instamart,Bengaluru,Karnataka,12.877897,77.637238
1398438,Amrita Nagar,Swiggy Instamart,Bengaluru,Karnataka,12.882266,77.676314
1385835,Beratena Agrahara,Swiggy Instamart,Bengaluru,Karnataka,12.849095,77.654592
1397048,Bannerghatta Road,Swiggy Instamart,Bengaluru,Karnataka,12.888222,77.5985
1404792,Hongasandra,Swiggy Instamart,Bengaluru,Karnataka,12.901196,77.623413
1395720,SOMASUNDARAPALYA,Swiggy Instamart,Bengaluru,Karnataka,12.9001419,77.6600807
1402269,CMC,Swiggy Instamart,Vellore,Tamil Nadu,12.930518,79.141697
1403421,Greenage HSR 2,Swiggy Instamart,Bengaluru,Karnataka,12.899682,77.636131
1386267,Sholinganallur,Swiggy Instamart,Injambakkam,Tamil Nadu,12.8967,80.232597
1403175,JP 9th Phase,Swiggy Instamart,Bengaluru,Karnataka,12.863351,77.569071
1400961,Padmanabhnagar,Swiggy Instamart,Bengaluru,Karnataka,12.914578,77.559952
1398437,KENGERI SATELLITE TOWN,Swiggy Instamart,Bengaluru,Karnataka,12.913417,77.485417
1382349,Ranka Colony,Swiggy Instamart,Bengaluru,Karnataka,12.904161227966792,77.60063990096421
1396285,RR NAGAR,Swiggy Instamart,Bengaluru,Karnataka,12.92475,77.514306
788742,Banashankari,Swiggy Instamart,Bengaluru,Karnataka,12.9273438,77.5475607
1386090,HSR Sec 2,Swiggy Instamart,Bengaluru,Karnataka,12.904262,77.642027
1403722,Subramanyapura,Swiggy Instamart,Bengaluru,Karnataka,12.89231,77.542526
1395723,Rajakilpakkam,Swiggy Instamart,Vengavasal,Tamil Nadu,12.918083,80.15775
1386264,Tambaram/ Tambaram West,Swiggy Instamart,Vandalur,Tamil Nadu,12.9261783,80.1112602
1403224,Shirke layout,Swiggy Instamart,Bengaluru,Karnataka,12.93657,77.484436
1399354,Siddeshwara Theatre,Swiggy Instamart,Bengaluru,Karnataka,12.9022899,77.5832106
1385836,Kasavanahalli,Swiggy Instamart,Bengaluru,Karnataka,12.907659,77.675316
1385476,Medavakkam New,Swiggy Instamart,Madipakkam,Tamil Nadu,12.927463,80.194938
1392080,BDA Complex HSR,Swiggy Instamart,Bengaluru,Karnataka,12.912565,77.636736
1402605,Haralur Road,Swiggy Instamart,Bengaluru,Karnataka,12.913961,77.666466
1393564,SG PALYA,Swiggy Instamart,Bengaluru,Karnataka,12.927417,77.609639
1403723,Begur Fort,Swiggy Instamart,Bengaluru,Karnataka,12.8687,77.6161
1384788,Balagere,Swiggy Instamart,Bengaluru,Karnataka,12.941094,77.72747
1396284,KORAMANAGALA,Swiggy Instamart,Bengaluru,Karnataka,12.937972,77.626694
1388998,Adarsh Palm Retreat,Swiggy Instamart,Bengaluru,Karnataka,12.92336,77.695092
1382254,Yemalur,Swiggy Instamart,Bengaluru,Karnataka,12.930061193208353,77.67924248758122
1402444,Nimhans,Swiggy Instamart,Bengaluru,Karnataka,12.9353037,77.6087922
1390221,Chrompet 1,Swiggy Instamart,Chennai,Tamil Nadu,12.945399,80.13596
1395722,MURGESH PALYA,Swiggy Instamart,Bengaluru,Karnataka,12.957306,77.662917
1403353,Lavelle Road,Swiggy Instamart,Bengaluru,Karnataka,12.965969,77.604449
1402948,Wilson Garden,Swiggy Instamart,Bengaluru,Karnataka,12.952091,77.594184
1181690,CHRAMJPET3,Swiggy Instamart,Bengaluru,Karnataka,12.9296793,77.5738297
1397627,Bhavani Nagar,Swiggy Instamart,Katpadi,Tamil Nadu,12.96325,79.136417
1404581,Varthur,Swiggy Instamart,Bengaluru,Karnataka,12.956434,77.729695
1388683,Kotivakkam,Swiggy Instamart,Palavakkam,Tamil Nadu,12.974854,80.258486
1401714,Sunkadakatte,Swiggy Instamart,Bengaluru,Karnataka,12.991316,77.498756
1394671,KUBERAN NAGAR,Swiggy Instamart,Madipakkam,Tamil Nadu,12.954334,80.186035
1388682,Guttahalli,Swiggy Instamart,Bengaluru,Karnataka,12.999125,77.578353
1404790,Zamin Pallavaram,Swiggy Instamart,Chennai,Tamil Nadu,12.96277,80.167236
1380899,Hoshalli Extension,Swiggy Instamart,Bengaluru,Karnataka,12.973853516216405,77.54620300375257
1386265,Thuraipakam,Swiggy Instamart,Perungudi,Tamil Nadu,12.947086,80.236888
1400610,Kempapura,Swiggy Instamart,Bengaluru,Karnataka,12.950417,77.690139
1386385,Bengaluru Badootaa,Swiggy Instamart,Bengaluru,Karnataka,12.958886335992364,77.5176215423516
1395425,Kalamandir,Swiggy Instamart,Bengaluru,Karnataka,12.961962,77.704895
565139,CVR,Swiggy Instamart,Bengaluru,Karnataka,12.9721,77.6806
1313712,Shivaji Nagar,Swiggy Instamart,Bengaluru,Karnataka,12.981516,77.601807
1395721,Kodihalli,Swiggy Instamart,Bengaluru,Karnataka,12.9624916,77.6458945
1389252,Pammal,Swiggy Instamart,Chennai,Tamil Nadu,12.968462,80.133513
1381276,ALANDUR,Swiggy Instamart,Saint Thomas Mount,Tamil Nadu,12.991345239881271,80.19895270777764
911033,Laggere,Swiggy Instamart,Bengaluru,Karnataka,12.99166,77.538017
1190778,Indiranagar 5,Swiggy Instamart,Bengaluru,Karnataka,12.9743252,77.6408181
1397630,VELACHERY,Swiggy Instamart,Perungudi,Tamil Nadu,12.974557,80.2211
1384139,Tin Factory,Swiggy Instamart,Bengaluru,Karnataka,12.998405,77.674232
1385942,Thigalarapalya,Swiggy Instamart,Bengaluru,Karnataka,12.993544,77.722766
1387561,Gandhipura,Swiggy Instamart,Bengaluru,Karnataka,12.9745268,77.7671685
1369819,THIRUVANMIYUR,Swiggy Instamart,Gandhi Nagar,Tamil Nadu,13.00127442288849,80.25743030523728
1404806,Anna University,Swiggy Instamart,Gandhi Nagar,Tamil Nadu,13.015452,80.246292
1400923,Gerumbakkam,Swiggy Instamart,Chennai,Tamil Nadu,13.016222,80.139111
1381969,Lingarajapuram,Swiggy Instamart,Bengaluru,Karnataka,13.010016,77.644208
1404679,Horamavu Village,Swiggy Instamart,Bengaluru,Karnataka,13.025098,77.668175
1404583,Kodigehalli,Swiggy Instamart,Bengaluru,Karnataka,13.0199,77.7242
1373485,KR Puram,Swiggy Instamart,Bengaluru,Karnataka,13.023334633566629,77.70608358999996
1402670,Timberyard Layout,Swiggy Instamart,Bengaluru,Karnataka,12.951867,77.548943
1402445,Mugalivakkam,Swiggy Instamart,Manappakkam,Tamil Nadu,13.017778,80.166583
1386941,T Nagar,Swiggy Instamart,Chennai,Tamil Nadu,13.039177,80.236443
1403515,Goraguntepalya,Swiggy Instamart,Bengaluru,Karnataka,13.02885,77.545227
1394670,SOBHA GARRISON,Swiggy Instamart,Bengaluru,Karnataka,13.042656,77.507108
1403833,Mangadu,Swiggy Instamart,Poonamalle,Tamil Nadu,13.031044,80.114007
1395434,HOODI,Swiggy Instamart,Bengaluru,Karnataka,12.990111,77.712083
1386449,Manapakkam,Swiggy Instamart,Chennai,Tamil Nadu,13.029426,80.170441
1400960,Whitefield Main Road,Swiggy Instamart,Bengaluru,Karnataka,12.966528,77.7425
1393566,Ayappanthangal,Swiggy Instamart,Poonamalle,Tamil Nadu,13.039583,80.134778
1403832,Nerkundram,Swiggy Instamart,Chennai,Tamil Nadu,13.057863,80.179719
1229990,Sahakar Nagar,Swiggy Instamart,Bengaluru,Karnataka,13.05629,77.576374
1400929,Red Rhino,Swiggy Instamart,Bengaluru,Karnataka,13.028861,77.762389
1404579,Nagvara Megapod,Swiggy Instamart,Bengaluru,Karnataka,13.04868,77.609108
1393567,Poonamalee,Swiggy Instamart,Poonamalle,Tamil Nadu,13.050631,80.112807
1230880,VIRUGAMBAKKAM,Swiggy Instamart,Chennai,Tamil Nadu,13.04624,80.18883
1399696,Kodambakkam,Swiggy Instamart,Chennai,Tamil Nadu,13.053917,80.225472
1401251,Teynampet,Swiggy Instamart,Chennai,Tamil Nadu,13.03825,80.247611
1400604,Peters Rd Flyover,Swiggy Instamart,Chennai,Tamil Nadu,13.047333,80.271278
1393565,SINGAPURA,Swiggy Instamart,Bengaluru,Karnataka,13.081264,77.540016
1400603,Egmore,Swiggy Instamart,Chennai,Tamil Nadu,13.064333,80.266944
1380898,BT Purshottam Layout,Swiggy Instamart,Bengaluru,Karnataka,13.07836012956186,77.52062339076602
1399355,Jakkur,Swiggy Instamart,Bengaluru,Karnataka,13.091389,77.601417
1394669,P & T LAYOUT,Swiggy Instamart,Bengaluru,Karnataka,13.057804,77.63343
1404671,Kannuru,Swiggy Instamart,Bengaluru,Karnataka,13.087076,77.654088
1382426,ANNA NAGAR MAIN,Swiggy Instamart,Chennai,Tamil Nadu,13.08786043447537,80.2005828516698
1401467,Avadi,Swiggy Instamart,Chennai,Tamil Nadu,13.094722,80.107167
1403023,Shanthi Colony,Swiggy Instamart,Chennai,Tamil Nadu,13.0904154,80.2144364
1404451,Kilpauk Garden Road,Swiggy Instamart,Chennai,Tamil Nadu,13.083846,80.234478
1386386,Puttanahalli,Swiggy Instamart,Bengaluru,Karnataka,13.114128,77.571561
1402050,Parrys,Swiggy Instamart,George Town,Tamil Nadu,13.089889,80.286528
1399698,Korattur,Swiggy Instamart,Chennai,Tamil Nadu,13.09905,80.185091
1398439,JAWAHAR NAGAR,Swiggy Instamart,Chennai,Tamil Nadu,13.114778,80.230944
1397024,BAGALURU ROAD,Swiggy Instamart,Bengaluru,Karnataka,13.123083,77.623694
1386448,Tirumurthy Nagar,Swiggy Instamart,Chennai,Tamil Nadu,13.055384,80.247602
1396287,PUTHAGARAM,Swiggy Instamart,Chennai,Tamil Nadu,13.1253059,80.1949019
1400219,Kodungaiyur,Swiggy Instamart,Chinnasekkadu,Tamil Nadu,13.134806,80.228306
1401249,Washermenpet,Swiggy Instamart,Tiruvottiyur,Tamil Nadu,13.13375,80.292611
1400545,Prestige Royal Gardens,Swiggy Instamart,Bengaluru,Karnataka,13.133806,77.570667
1402775,Tondiarpet Road,Swiggy Instamart,Chinnasekkadu,Tamil Nadu,13.128516,80.250358
1390222,George Town,Swiggy Instamart,George Town,Tamil Nadu,13.105695,80.279349
1402473,Tumkur Central,Swiggy Instamart,Tumkur,Karnataka,13.342452,77.100273
1399705,Central Manipal,Swiggy Instamart,Manipala,Karnataka,13.349111,74.782722
1398448,VK PURAM,Swiggy Instamart,Tirupati,Andhra Pradesh,13.613907,79.417184
1404568,Revenue Colony,Swiggy Instamart,Tirupati,Andhra Pradesh,13.615957,79.433746
1404618,KB Layout,Swiggy Instamart,Akkarampalle,Andhra Pradesh,13.6451,79.4272
1404910,MG Layout,Swiggy Instamart,Nellore,Andhra Pradesh,14.429786,79.972839
1400966,Kuvempu Nagar,Swiggy Instamart,Harihar,Karnataka,14.443005,75.921128
1404650,Kovur Nagar,Swiggy Instamart,Anantapur,Andhra Pradesh,14.683951,77.58432
1402773,Devanahalli,Swiggy Instamart,Devanhalli,Karnataka,13.239246,77.723274
1404750,Udupi,Swiggy Instamart,Udipi,Karnataka,13.330976,74.745941
1387907,Ambatur,Swiggy Instamart,Chennai,Tamil Nadu,13.118256,80.152606
1390351,MARGAO,Swiggy Instamart,Madgaon,Goa,15.284223,73.95791
1400566,Ravi Nagar,Swiggy Instamart,Hubli,Karnataka,15.353833,75.114528
1402251,BITS Goa,Swiggy Instamart,Chicalim,Goa,15.383917,73.869167
1402250,Vasco,Swiggy Instamart,Vasco Da Gama,Goa,15.398066,73.819269
1403181,Vaneli,Swiggy Instamart,Benaulim,Goa,15.269957,73.932579
1392081,CUJIRA WARD,Swiggy Instamart,Bambolim,Goa,15.460619,73.860558
1401655,Vishweshwara Nagara,Swiggy Instamart,Hubli,Karnataka,15.364611,75.149028
1401657,Kuvempu Road,Swiggy Instamart,Shimoga,Karnataka,13.938611,75.553639
1404868,Hotel Sindhura,Swiggy Instamart,Ongole,Andhra Pradesh,15.511082,80.036667
1381971,TALIEGAO,Swiggy Instamart,Taleigao,Goa,15.475060768296622,73.82706343909538
1403560,Chimbel,Swiggy Instamart,Bambolim,Goa,15.495829,73.879303
1403182,Candolim,Swiggy Instamart,Candolim,Goa,15.506157,73.787
1404798,Khorlim - C,Swiggy Instamart,Mapuca,Goa,15.592108,73.800995
1392082,SIOLIM GOA,Swiggy Instamart,Solim,Goa,15.627374,73.770823
1401080,Bangarpet,Swiggy Instamart,Alampur,Telangana,15.823083,78.029556
1395427,BRINDAVAN GARDENS,Swiggy Instamart,Guntur,Andhra Pradesh,16.312077,80.415039
1394684,MEDICAL COLLEGE,Swiggy Instamart,Guntur,Andhra Pradesh,16.301083,80.440194
1387908,VAGATOR,Swiggy Instamart,Vagator,Goa,15.600282,73.745688
1400605,Tilakwadi,Swiggy Instamart,Belgaum,Karnataka,15.829278,74.50125
1400217,Ambedkar Road,Swiggy Instamart,Belgaum,Karnataka,15.88025,74.511688
1402778,Pathareddy Palam,Swiggy Instamart,Guntur,Andhra Pradesh,16.282352,80.453819
1404765,Tenali,Swiggy Instamart,Mangalagiri,Andhra Pradesh,16.23962,80.64967
1398450,TADEPALLE,Swiggy Instamart,Tadepalle,Andhra Pradesh,16.47229,80.616237
1399348,MYTRI NAGAR,Swiggy Instamart,Yanamalakuduru,Andhra Pradesh,16.4783774,80.7000716
1391901,RAMAVARAPADU,Swiggy Instamart,Yanamalakuduru,Andhra Pradesh,16.507337,80.682545
1382351,PORVORIM,Swiggy Instamart,Serula,Goa,15.543197439208834,73.82125847557573
1387707,BHAVANIPURAM,Swiggy Instamart,Vijayawada,Andhra Pradesh,16.537684,80.600234
1386814,BAGA,Swiggy Instamart,Calangute,Goa,15.551362,73.76823
1402475,Shivaji University,Swiggy Instamart,Kolhapur,Maharashtra,16.676028,74.226806
1388390,LABIPET,Swiggy Instamart,Yanamalakuduru,Andhra Pradesh,16.496115,80.650726
1404636,Payakapuram - MP,Swiggy Instamart,Vijayawada,Andhra Pradesh,16.516389,80.623472
1398748,Telecom Nagar,Swiggy Instamart,Guntur,Andhra Pradesh,16.333806,80.439722
1402078,Postal colony,Swiggy Instamart,Kakinada,Andhra Pradesh,16.963861,82.230806
1403724,Shivaji Park,Swiggy Instamart,Kolhapur,Maharashtra,16.70253,74.260483
1404570,Powerpet,Swiggy Instamart,Eluru,Andhra Pradesh,16.71187,81.102455
1403360,GPT Colony,Swiggy Instamart,Kakinada,Andhra Pradesh,16.998789,82.245079
1403145,JC Mall,Swiggy Instamart,Rajahmundry,Andhra Pradesh,17.010216,81.792603
1404573,SRKR College,Swiggy Instamart,Bhimavaram,Andhra Pradesh,16.540104,81.512901
1404605,LB Nagar,Swiggy Instamart,Lal Bahadur Nagar,Telangana,17.343399,78.554077
1403146,Rehmatnagar,Swiggy Instamart,Rajahmundry,Andhra Pradesh,16.9846326,81.79423222
1404848,Bhoj Reddy College,Swiggy Instamart,Gaddi Annaram,Telangana,17.352163,78.507805
1392530,Chintalkunta,Swiggy Instamart,Lal Bahadur Nagar,Telangana,17.329996,78.568657
1402448,Shivarampally,Swiggy Instamart,Hyderabad,Telangana,17.3321425,78.4391203
1380523,Abhyudaya Nagar,Swiggy Instamart,Hyderabad,Telangana,17.362362394488436,78.39493261464521
1386816,Attapur,Swiggy Instamart,Hyderabad,Telangana,17.355889,78.419833
1404574,Saidabad,Swiggy Instamart,Gaddi Annaram,Telangana,17.361474,78.522232
1400220,Shalibanda,Swiggy Instamart,Hyderabad,Telangana,17.353944,78.471556
1403835,Nagole,Swiggy Instamart,Lal Bahadur Nagar,Telangana,17.363103,78.557613
1400602,Mustafa Nagar,Swiggy Instamart,Khammam,Telangana,17.247179,80.16512
1400550,Rethibowli,Swiggy Instamart,Hyderabad,Telangana,17.380417,78.429583
762613,Kothapet,Swiggy Instamart,Gaddi Annaram,Telangana,17.37062406,78.540314625
1404855,Mirpet,Swiggy Instamart,Balapur,Telangana,17.312449,78.532845
1381355,Barkatpura,Swiggy Instamart,Gaddi Annaram,Telangana,17.394383139152424,78.50012586938801
1382981,Arvind Nagar colony,Swiggy Instamart,Hyderabad,Telangana,17.40026238873526,78.4067647563201
1401470,Madhura Nagar Colony,Swiggy Instamart,Hyderabad,Telangana,17.413194,78.377056
1396294,BODUPPAL,Swiggy Instamart,Uppal Kalan,Telangana,17.401222,78.567028
1404789,My Home Tarkshya,Swiggy Instamart,Hyderabad,Telangana,17.38583,78.344887
1387565,Waverock,Swiggy Instamart,Hyderabad,Telangana,17.422039,78.347434
1383572,Jublee hills checkpost,Swiggy Instamart,Hyderabad,Telangana,17.4259923,78.4142841
816649,Tarnaka,Swiggy Instamart,Malkajgiri,Telangana,17.428589,78.532424
1401257,KL Reddy Nagar,Swiggy Instamart,Uppal Kalan,Telangana,17.446944,78.573028
1403845,Ajit Singh Nagar,Swiggy Instamart,Vijayawada,Andhra Pradesh,16.545163333333335,80.637905
1386268,Datar Manzil,Swiggy Instamart,Hyderabad,Telangana,17.407012389859826,78.3792554122228
1385944,Habsiguda,Swiggy Instamart,Uppal Kalan,Telangana,17.40528104514001,78.5439744964242
1229994,Punjagutta,Swiggy Instamart,Hyderabad,Telangana,17.420833,78.442604
1404622,Huda Layout,Swiggy Instamart,Hyderabad,Telangana,17.470725,78.3067
1404783,Cyber Gateway,Swiggy Instamart,Hyderabad,Telangana,17.4384,78.387535
1389638,Kalpataru,Swiggy Instamart,Hyderabad,Telangana,17.458318,78.432707
1400561,DLF Cyber City,Swiggy Instamart,Hyderabad,Telangana,17.44541,78.356194
1402058,Medipally,Swiggy Instamart,Uppal Kalan,Telangana,17.409083,78.6
1396289,Anand Bagh,Swiggy Instamart,Malkajgiri,Telangana,17.45175,78.536028
1404660,Kokapet X Road,Swiggy Instamart,Hyderabad,Telangana,17.39682,78.33328
1401258,Osman Nagar,Swiggy Instamart,Hyderabad,Telangana,17.44575,78.279889
737088,Madhapur,Swiggy Instamart,Hyderabad,Telangana,17.438922,78.39823
1401471,Chandanagar,Swiggy Instamart,Hyderabad,Telangana,17.487501,78.320229
1393828,West Marredpally,Swiggy Instamart,Malkajgiri,Telangana,17.449091,78.504005
886521,YOSUFGUDA,Swiggy Instamart,Hyderabad,Telangana,17.43329,78.427051
1061926,Kondapur,Swiggy Instamart,Hyderabad,Telangana,17.4635604,78.3695787
1382391,Masjid Banda,Swiggy Instamart,Hyderabad,Telangana,17.468918,78.3487325
1381356,Hitech City,Swiggy Instamart,Hyderabad,Telangana,17.4425210158527,78.38797606133495
1383129,Kukatpally,Swiggy Instamart,Hyderabad,Telangana,17.480457,78.394226
810364,Miyapur,Swiggy Instamart,Hyderabad,Telangana,17.49591301,78.34031515
1402983,Secunderabad II,Swiggy Instamart,Hyderabad,Telangana,17.443639,78.46513
1386269,TCS Synergy Park,Swiggy Instamart,Hyderabad,Telangana,17.46447,78.345367
1155153,BOWENPALLY,Swiggy Instamart,Hyderabad,Telangana,17.4688144,78.4808474
1404773,Tellapur new,Swiggy Instamart,Hyderabad,Telangana,17.4637085,78.2892032
1388385,DAMAIGUDA,Swiggy Instamart,Hyderabad,Telangana,17.503279,78.58725
1238352,Nizampet 6,Swiggy Instamart,Hyderabad,Telangana,17.5266505,78.3694765
1386093,Venkata Ramana Colony,Swiggy Instamart,Hyderabad,Telangana,17.488374062531527,78.38126063690974
1401472,JNTU,Swiggy Instamart,Hyderabad,Telangana,17.499528,78.390472
1404791,KPHB,Swiggy Instamart,Hyderabad,Telangana,17.489239,78.42054
1381278,Chinthal,Swiggy Instamart,Hyderabad,Telangana,17.512116883396622,78.46433527859948
1082432,NIZAMPET4,Swiggy Instamart,Hyderabad,Telangana,17.538314,78.393675
1387564,Bachupally 2,Swiggy Instamart,Hyderabad,Telangana,17.547,78.363
1401473,Tirumalgherry,Swiggy Instamart,Malkajgiri,Telangana,17.474867,78.498569
1398441,Kamalanagar,Swiggy Instamart,Malkajgiri,Telangana,17.461389,78.558306
1388312,Kompally,Swiggy Instamart,Hyderabad,Telangana,17.5443971,78.4926065
1401107,Gajula Ramaram,Swiggy Instamart,Hyderabad,Telangana,17.527389,78.418472
1309584,NAWAB NAGAR,Swiggy Instamart,Visakhapatnam,Andhra Pradesh,17.674284949006235,83.1902583857717
1404609,Sri Nagar,Swiggy Instamart,Visakhapatnam,Andhra Pradesh,17.6851,83.2056
1382440,DWARKA NAGAR,Swiggy Instamart,Yarada,Andhra Pradesh,17.7173453199607,83.30089187055201
1403366,Sanjeeviah Nagar,Swiggy Instamart,Gajuwaka,Andhra Pradesh,17.737753,83.265489
1387634,Beeramguda,Swiggy Instamart,Patancheru,Telangana,17.530593,78.294638
1404666,Kurmannapalem,Swiggy Instamart,Visakhapatnam,Andhra Pradesh,17.69656,83.16309
1388113,MADHURWADA,Swiggy Instamart,Bhimunipatnam,Andhra Pradesh,17.800589,83.352235
1403846,Pendurti,Swiggy Instamart,Vepagunta,Andhra Pradesh,17.799972,83.207733
1345681,NAD JUNCTION,Swiggy Instamart,Vepagunta,Andhra Pradesh,17.745893468842585,83.23849653475374
1404663,Kazipet,Swiggy Instamart,Warangal,Telangana,17.993734,79.532486
1404878,Warangal city,Swiggy Instamart,Warangal,Telangana,17.983253,79.604706
1237254,Yapral,Swiggy Instamart,Hyderabad,Telangana,17.512562,78.542142
1395433,PUBLIC GARDEN,Swiggy Instamart,Warangal,Telangana,18.00152,79.556793
1400985,Kaikatiya University,Swiggy Instamart,Warangal,Telangana,18.033165,79.540973
1404816,My Home Bhooja,Swiggy Instamart,Hyderabad,Telangana,17.435318,78.368187
1399807,Sai Nagar,Swiggy Instamart,Karimnagar,Telangana,18.429917,79.136139
1381358,MVP DOUBLE ROAD,Swiggy Instamart,Yarada,Andhra Pradesh,17.7324732,83.3339411
1404611,STBL Cine World,Swiggy Instamart,Bhimunipatnam,Andhra Pradesh,17.826063,83.355003
1402466,Katraj,Swiggy Instamart,Pune,Maharashtra,18.449528,73.872028
1386163,Nanded City,Swiggy Instamart,Pune,Maharashtra,18.457106,73.787371
1395729,Undri,Swiggy Instamart,Pune,Maharashtra,18.45324,73.91541
1402618,Nyati Megapod,Swiggy Instamart,Pune,Maharashtra,18.465956,73.91687
1402268,Hingne Stree,Swiggy Instamart,Pune,Maharashtra,18.484639,73.810583
1393575,Vikas Udyan,Swiggy Instamart,Pune,Maharashtra,18.46125,73.826389
1402790,Fort Area,Swiggy Instamart,Vizianagaram,Andhra Pradesh,18.102955,83.412741
1402781,More Nagar,Swiggy Instamart,Latur,Maharashtra,18.39598,76.567982
1403357,Athipet,Swiggy Instamart,Chennai,Tamil Nadu,13.09577,80.149918
1404644,Bibewadi,Swiggy Instamart,Pune,Maharashtra,18.469521,73.857681
1398754,Urit Nagar Warje,Swiggy Instamart,Pune,Maharashtra,18.48931,73.793789
1394673,BHEKRAI,Swiggy Instamart,Pune,Maharashtra,18.48775,73.952528
1403040,Bhugaon,Swiggy Instamart,Pune,Maharashtra,18.502615,73.748123
1385649,Pranjali Patil Nagar,Swiggy Instamart,Pune,Maharashtra,18.51921,73.769716
1397057,MADHAPUR1,Swiggy Instamart,Hyderabad,Telangana,17.454361,78.387
1396293,ALKAPURI TOWNSHIP,Swiggy Instamart,Hyderabad,Telangana,17.387358,78.366058
1386716,New Bolarum,Swiggy Instamart,Hyderabad,Telangana,17.52652,78.513229
1401109,Magarpatta City,Swiggy Instamart,Pune,Maharashtra,18.512999,73.939142
1404758,PunjaGutta - MP,Swiggy Instamart,Hyderabad,Telangana,17.41177,78.43595
1403453,Vital Chowk,Swiggy Instamart,Shivaji Nagar,Maharashtra,18.530588,73.832592
1403455,Sangamvadi,Swiggy Instamart,Shivaji Nagar,Maharashtra,18.53208,73.874367
1388314,Wanwadi New,Swiggy Instamart,Pune,Maharashtra,18.505552,73.901195
1382354,Kausar Bagh,Swiggy Instamart,Pune,Maharashtra,18.477629,73.893953
1403214,Keshav Nagar,Swiggy Instamart,Pune,Maharashtra,18.53363,73.9425
1402454,Kondhwa,Swiggy Instamart,Pune,Maharashtra,18.464302,73.892845
1383135,AUNDH GAON,Swiggy Instamart,Khadki,Maharashtra,18.562691,73.801971
1397628,MAHESH NAGAR,Swiggy Instamart,Hyderabad,Telangana,17.391417,78.470333
1389691,Kharadi 2,Swiggy Instamart,Pune,Maharashtra,18.5511399,73.9309252
1389001,Samarth Colony,Swiggy Instamart,Pune,Maharashtra,18.564926,73.77609
1400557,Tingre Nagar,Swiggy Instamart,Khadki,Maharashtra,18.579306,73.884861
1382708,Airport Road,Swiggy Instamart,Pune,Maharashtra,18.5757279,73.9131688
1381445,Manjari,Swiggy Instamart,Pune,Maharashtra,18.525571059822948,73.95863565695147
1390229,Pashan Gaon,Swiggy Instamart,Shivaji Nagar,Maharashtra,18.543676,73.793862
1404659,VTP Leonara,Swiggy Instamart,Pune,Maharashtra,18.566948,73.740768
1397626,Tulaja Bhawani Nagar,Swiggy Instamart,Pune,Maharashtra,18.560361,73.949389
1403046,Alpha Homes Megapod,Swiggy Instamart,Pune,Maharashtra,18.586868,73.969421
1403042,Thacker Nagar Megapod,Swiggy Instamart,Pune,Maharashtra,18.585834,73.684528
1403044,Hinjewadi Megapod,Swiggy Instamart,Pune,Maharashtra,18.583642,73.744713
1403036,Ivy Estate Road,Swiggy Instamart,Pune,Maharashtra,18.5833056,73.9963333
1393573,Dattawadi,Swiggy Instamart,Pune,Maharashtra,18.616601,73.752173
1393574,KUNAL ICON PIMPLE SAUDAGAR,Swiggy Instamart,Pune,Maharashtra,18.593686,73.803717
1401652,Good square,Swiggy Instamart,Pune,Maharashtra,18.596004,73.90795
1402464,Brooklyn,Swiggy Instamart,Pune,Maharashtra,18.612853,73.914981
1402465,Zenobia,Swiggy Instamart,Pune,Maharashtra,18.608712,73.721137
1389254,Ravet,Swiggy Instamart,Dehu,Maharashtra,18.655879,73.744494
1404643,PCMC,Swiggy Instamart,Pune,Maharashtra,18.626818,73.801758
1400927,Moshi,Swiggy Instamart,Alandi,Maharashtra,18.681222,73.838417
1390228,Shivrajnagar,Swiggy Instamart,Pune,Maharashtra,18.6015,73.780139
1403215,Charoli,Swiggy Instamart,Alandi,Maharashtra,18.664806,73.888458
1402476,Pradhikaran New,Swiggy Instamart,Pune,Maharashtra,18.651917,73.783333
1404615,Suskhind Phata,Swiggy Instamart,Khadki,Maharashtra,18.547607,73.771599
1383130,Dhobi Talao,Swiggy Instamart,Uran,Maharashtra,18.936506,72.838211
1396282,TARDEO POLICE STATION,Swiggy Instamart,Mumbai,Maharashtra,18.969984,72.814278
1396283,BYCULLA EAST,Swiggy Instamart,Mumbai,Maharashtra,18.975889,72.838389
1403038,Lonavala,Swiggy Instamart,Lonavla,Maharashtra,18.763176,73.410858
1400558,Kohinoor Begonia,Swiggy Instamart,Talegaon Dabhade,Maharashtra,18.741056,73.681667
1400977,Takka Naka,Swiggy Instamart,Panvel,Maharashtra,18.980835,73.113323
1402458,Ulwe,Swiggy Instamart,Artist Village,Maharashtra,18.969516,73.023393
1398760,Marathi Patrakar,Swiggy Instamart,Mumbai,Maharashtra,19.014972,72.844694
1381967,Mahim,Swiggy Instamart,Mumbai,Maharashtra,19.0361932,72.8467828
1403211,Vadale Lake - MP,Swiggy Instamart,Panvel,Maharashtra,18.998722,73.111639
1401265,Kamothe,Swiggy Instamart,Panvel,Maharashtra,19.017364,73.101226
1391897,Postal Colony Chembur,Swiggy Instamart,Mumbai,Maharashtra,19.0588409,72.8907382
1084119,Belapur,Swiggy Instamart,Artist Village,Maharashtra,19.021601711005093,73.02830699134238
1396295,SION EAST,Swiggy Instamart,Mumbai,Maharashtra,19.022056,72.86825
1403032,Sec 11 Belapur,Swiggy Instamart,Artist Village,Maharashtra,19.015339,73.042534
1403216,RoadPali,Swiggy Instamart,Panvel,Maharashtra,19.043961,73.098068
1404757,Nerul - MP,Swiggy Instamart,Mumbai,Maharashtra,19.039675,73.009544
1381500,Telecom Factory,Swiggy Instamart,Mumbai,Maharashtra,19.04992356334872,72.91657932289746
969383,Bandra West,Swiggy Instamart,Mumbai,Maharashtra,19.056184,72.833307
1082435,Kharghar,Swiggy Instamart,Artist Village,Maharashtra,19.05184,73.081064
1402459,Taloja Phase 2,Swiggy Instamart,Artist Village,Maharashtra,19.071998,73.095683
1404760,Kharghar - MP,Swiggy Instamart,Artist Village,Maharashtra,19.041431,73.071152
1381966,INDIRA NAGAR,Swiggy Instamart,Mumbai,Maharashtra,19.0662856,72.8918191
1386846,Taloja Jail Road,Swiggy Instamart,Artist Village,Maharashtra,19.069468,73.074544
1190780,VILEPARLE,Swiggy Instamart,Mumbai,Maharashtra,19.0866481,72.8374707
1335483,SEAWOODS (NAVI MUMBAI),Swiggy Instamart,Mumbai,Maharashtra,19.017979,73.012567
1295147,VILEPARLE EAST,Swiggy Instamart,Mumbai,Maharashtra,19.1147357,72.8502962
1399809,Marol,Swiggy Instamart,Mumbai,Maharashtra,19.110389,72.887194
1397051,VILE PARLE,Swiggy Instamart,Mumbai,Maharashtra,19.104799,72.838066
1403562,Nagardeole,Swiggy Instamart,Ahmadnagar,Maharashtra,19.11248,74.729736
1298955,"RCITY MALL, GHATKOPAR WEST",Swiggy Instamart,Mumbai,Maharashtra,19.09506265121198,72.91765477568399
810366,Andheri East,Swiggy Instamart,Mumbai,Maharashtra,19.1198744,72.861152
1135720,POWAI2,Swiggy Instamart,Mumbai,Maharashtra,19.1188,72.9052
810367,VIKHROLI,Swiggy Instamart,Mumbai,Maharashtra,19.122327,72.926729
1385645,Ghansoli,Swiggy Instamart,Airoli,Maharashtra,19.112493,73.007007
1403564,Vainganga,Swiggy Instamart,Nanded,Maharashtra,19.172136,77.31658
1403842,Relief Road,Swiggy Instamart,Mumbai,Maharashtra,19.165392,72.846725
1390224,Model Colony Mumbai,Swiggy Instamart,Mumbai,Maharashtra,19.133278,72.813
1392531,Lower parel,Swiggy Instamart,Mumbai,Maharashtra,19.000903,72.830223
1389632,Gaothan,Swiggy Instamart,Airoli,Maharashtra,19.165497,72.996665
1402784,Nilaje Gaon,Swiggy Instamart,Dombivli,Maharashtra,19.155699,73.074898
1395728,Katai Village,Swiggy Instamart,Dombivli,Maharashtra,19.163778,73.076
788745,Bhandup,Swiggy Instamart,Mumbai,Maharashtra,19.158428,72.941495
1402806,Container Yard - MP,Swiggy Instamart,Mumbai,Maharashtra,19.139512,72.928823
1398452,Andheri West,Swiggy Instamart,Mumbai,Maharashtra,19.137528,72.833722
1386534,Katai Pipeline Road,Swiggy Instamart,Amarnath,Maharashtra,19.164153546055275,73.11658151956814
1402064,Goregaon West,Swiggy Instamart,Mumbai,Maharashtra,19.178824,72.874072
1230883,Oberoi Mall,Swiggy Instamart,Mumbai,Maharashtra,19.173818,72.856488
1278165,Mulund West,Swiggy Instamart,Mumbai,Maharashtra,19.170386,72.953872
1403692,Badlapur,Swiggy Instamart,Badlapur,Maharashtra,19.159433,73.227699
1402264,Apex Mulund,Swiggy Instamart,Mumbai,Maharashtra,19.184767,72.948677
1401266,Runwal Garden,Swiggy Instamart,Dombivli,Maharashtra,19.188412,73.094688
929911,YOJIT ESTATES,Swiggy Instamart,Mumbai,Maharashtra,19.1932313,72.956769
1239162,Inorbit Mall Malad West,Swiggy Instamart,Mumbai,Maharashtra,19.17681,72.83422
1238357,SAGARLI GAON,Swiggy Instamart,Dombivli,Maharashtra,19.207338,73.098347
1400231,Kandivali,Swiggy Instamart,Mumbai,Maharashtra,19.208417,72.825028
1382439,Thakur Village,Swiggy Instamart,Mumbai,Maharashtra,19.20579,72.8741
1388387,Kalyan East,Swiggy Instamart,Kalyan,Maharashtra,19.226485,73.133177
1400553,Kalwa,Swiggy Instamart,Mumbai,Maharashtra,19.200708,72.999932
1237261,Borivali East,Swiggy Instamart,Mumbai,Maharashtra,19.231257,72.860731
1336659,Thane West,Swiggy Instamart,Mumbai,Maharashtra,19.228014620449333,72.97569589983753
1400552,Uhlasnagar,Swiggy Instamart,Ulhasnagar,Maharashtra,19.225778,73.165472
1399706,Devicha Pada,Swiggy Instamart,Dombivli,Maharashtra,19.226694,73.083389
1062418,DAHISAR WEST,Swiggy Instamart,Mumbai,Maharashtra,19.251583,72.858646
1390223,Chikan Ghar,Swiggy Instamart,Kalyan,Maharashtra,19.25444,73.139913
1404646,Waghbil Naka,Swiggy Instamart,Mumbai,Maharashtra,19.25011022355175,72.97407433867082
1396296,HIRANANDANI MBC PARK,Swiggy Instamart,Mumbai,Maharashtra,19.265951,72.965698
1403034,Lodha Amara,Swiggy Instamart,Mumbai,Maharashtra,19.23263431168182,72.99378725856553
1403747,Ganesh Nagar,Swiggy Instamart,Brahmapur,Odisha,19.305496,84.781799
1388687,Bhayander,Swiggy Instamart,Mumbai,Maharashtra,19.300099,72.85513
1346590,MIRA HUBTOWN,Swiggy Instamart,Mumbai,Maharashtra,19.285109,72.876539
1404642,Mira Road - MP,Swiggy Instamart,Mumbai,Maharashtra,19.280079,72.877907
1314371,Vasai virar,Swiggy Instamart,Mumbai,Maharashtra,19.384573,72.830382
1388686,Pragati Nagar,Swiggy Instamart,Mumbai,Maharashtra,19.410025,72.830872
1402063,Virar East,Swiggy Instamart,Mumbai,Maharashtra,19.470556,72.808861
1401651,Kranti Chowk,Swiggy Instamart,Aurangabad,Maharashtra,19.875542,75.328245
1402065,Nashik Road,Swiggy Instamart,Deolali,Maharashtra,19.959111,73.836222
1400978,CIDCO,Swiggy Instamart,Nashik,Maharashtra,19.960196,73.769783
1389256,COLLEGE ROAD,Swiggy Instamart,Nashik,Maharashtra,19.997022,73.750238
1403726,Bajaj Hospital,Swiggy Instamart,Aurangabad,Maharashtra,19.85309,75.311142
1397037,ADGAON,Swiggy Instamart,Nashik,Maharashtra,20.016139,73.836417
1404444,Bapuji Nagar - MP,Swiggy Instamart,Bhubaneswar,Odisha,20.246355,85.84465
1401465,Sum Hospital,Swiggy Instamart,Bhubaneswar,Odisha,20.278778,85.773361
1398747,Kalinga,Swiggy Instamart,Bhubaneswar,Odisha,20.295194,85.815278
1398746,Bomikhal,Swiggy Instamart,Bhubaneswar,Odisha,20.281071,85.855515
1401658,Medicover Hospital,Swiggy Instamart,Aurangabad,Maharashtra,19.87666372588433,75.35434047887644
1400964,Patia,Swiggy Instamart,Bhubaneswar,Odisha,20.3525,85.825444
1401276,Gidc,Swiggy Instamart,Vapi,Gujarat,20.367194,72.925194
1403140,Chhatra Bazar,Swiggy Instamart,Cuttack,Odisha,20.460764,85.891617
1388452,BOMBAY NAKA,Swiggy Instamart,Nashik,Maharashtra,19.991313,73.791213
1400218,AIIMS-BBSR,Swiggy Instamart,Bhubaneswar,Odisha,20.249674,85.78566
1402771,Dastur Nagar,Swiggy Instamart,Amravati,Maharashtra,20.91855,77.760269
1401715,Dabhel,Swiggy Instamart,Vapi,Gujarat,20.381639,72.905889
1402772,Arjun Nagar,Swiggy Instamart,Amravati,Maharashtra,20.955302,77.764407
1392532,Manish Nagar,Swiggy Instamart,Nagpur,Maharashtra,21.092139,79.073111
1399707,Sai Mandir,Swiggy Instamart,Nagpur,Maharashtra,21.119297,79.070702
1389257,DISTRICT CENTRE,Swiggy Instamart,Bhubaneswar,Odisha,20.32626,85.818027
1393571,MAHAL,Swiggy Instamart,Nagpur,Maharashtra,21.134048,79.089043
1387706,PUNAGAM,Swiggy Instamart,Utran,Gujarat,21.198887,72.866979
1403419,Ayodhaya Nagar,Swiggy Instamart,Nagpur,Maharashtra,21.113682,79.108017
1397035,NANDAVAN,Swiggy Instamart,Nagpur,Maharashtra,21.130861,79.120278
1394674,Vesu,Swiggy Instamart,Surat,Gujarat,21.143965,72.762482
1402075,Tulasipur Colony,Swiggy Instamart,Cuttack,Odisha,20.48613,85.840775
1402789,Sangampura - MP,Swiggy Instamart,Surat,Gujarat,21.181187,72.823158
1403369,Surya Residency,Swiggy Instamart,Durg,Chhattisgarh,21.209114,81.323738
1397039,PALANPUR GAM,Swiggy Instamart,Surat,Gujarat,21.206806,72.776389
1392084,BYRAMJI,Swiggy Instamart,Nagpur,Maharashtra,21.177046,79.088997
1397624,Dharampeth,Swiggy Instamart,Nagpur,Maharashtra,21.146797,79.054939
1382355,BHARTHANA,Swiggy Instamart,Surat,Gujarat,21.14919752693275,72.7900455417176
1403750,Katargam,Swiggy Instamart,Surat,Gujarat,21.213099,72.833626
1400981,Saraswati Nagar,Swiggy Instamart,Raipur,Chhattisgarh,21.255424,81.592628
1400986,Devendra Nagar,Swiggy Instamart,Raipur,Chhattisgarh,21.261362,81.644775
1400987,Purnea,Swiggy Instamart,Raipur,Chhattisgarh,21.223642,81.667877
1403368,Gandhi Chowk,Swiggy Instamart,Bilaspur,Chhattisgarh,22.076469,82.150101
1403030,Kalina,Swiggy Instamart,Mumbai,Maharashtra,19.071075,72.864707
1381643,Uthalsar,Swiggy Instamart,Mumbai,Maharashtra,19.20830328701137,72.97739835634864
1400984,Manjalpur,Swiggy Instamart,Vadodara,Gujarat,22.254889,73.193806
1402086,Bhakti Nagar,Swiggy Instamart,Rajkot,Gujarat,22.265305,70.799861
1404651,Indira Circle,Swiggy Instamart,Rajkot,Gujarat,22.295103,70.759773
1387082,YAKUTPURA,Swiggy Instamart,Vadodara,Gujarat,22.298955,73.229699
1397042,MOTA VARCHA,Swiggy Instamart,Utran,Gujarat,21.234583,72.881417
1391902,NILAMBAR PALMS,Swiggy Instamart,Padra,Gujarat,22.2813213,73.1345369
1388315,GOTRI ROAD,Swiggy Instamart,Vadodara,Gujarat,22.315138,73.144345
1385567,DIWALIPURA,Swiggy Instamart,Vadodara,Gujarat,22.304327,73.164665
1400982,Professor Colony,Swiggy Instamart,Raipur,Chhattisgarh,21.226124,81.626907
1404876,Virar Carshed,Swiggy Instamart,Mumbai,Maharashtra,19.424294,72.811562
1389255,RATRI BAZAAR,Swiggy Instamart,Vadodara,Gujarat,22.326226,73.197551
1314370,Rajpur sonapur,Swiggy Instamart,Baruipur,West Bengal,22.430459976643,88.40436480487281
1402467,Manharpur,Swiggy Instamart,Rajkot,Gujarat,22.323926,70.767906
1402805,IIM-C,Swiggy Instamart,Bishnupur,West Bengal,22.4477221,88.3029298
1386270,Patuli,Swiggy Instamart,Kolkata,West Bengal,22.465599,88.391485
901840,Tollygunge,Swiggy Instamart,Kolkata,West Bengal,22.480990335159127,88.35476217738497
1400223,Kalipur,Swiggy Instamart,Kolkata,West Bengal,22.483667,88.295472
1167234,Haltu 2,Swiggy Instamart,Kolkata,West Bengal,22.479996,88.390406
1404759,Behala - MP,Swiggy Instamart,Kolkata,West Bengal,22.494434,88.333168
1403460,Santoshpur,Swiggy Instamart,Kolkata,West Bengal,22.495899,88.396439
1237258,Garia,Swiggy Instamart,Kolkata,West Bengal,22.46831,88.373531
1169284,Haltu 1,Swiggy Instamart,Kolkata,West Bengal,22.5210357,88.34539
1403137,Nanikhodiyar,Swiggy Instamart,Anand,Gujarat,22.564365,72.955818
1395725,45 Pally,Swiggy Instamart,Kolkata,West Bengal,22.508194,88.298778
1404626,Charaktala,Swiggy Instamart,Kolkata,West Bengal,22.499842,88.324638
1386096,Tiljala,Swiggy Instamart,Kolkata,West Bengal,22.523093,88.385927
1380621,Beck Bagan,Swiggy Instamart,Kolkata,West Bengal,22.52533708362254,88.36013330194702
1400551,Gobra,Swiggy Instamart,Kolkata,West Bengal,22.543167,88.385472
1385840,Kasba,Swiggy Instamart,Kolkata,West Bengal,22.544794,88.360291
1401260,Downtown Mall,Swiggy Instamart,Kolkata,West Bengal,22.559526,88.497699
1400971,Entally,Swiggy Instamart,Kolkata,West Bengal,22.555389,88.363583
1386097,Mani Square,Swiggy Instamart,Kolkata,West Bengal,22.57451,88.399753
1402452,Action Area,Swiggy Instamart,Kolkata,West Bengal,22.57297,88.45941
1403174,Vallabh vidyanagar,Swiggy Instamart,Karamsad,Gujarat,22.545261,72.929382
1404781,Howrah AC,Swiggy Instamart,Haora,West Bengal,22.594795,88.339302
1391896,Manicktala,Swiggy Instamart,Kolkata,West Bengal,22.582382,88.364813
1404795,Taj Bengal,Swiggy Instamart,Kolkata,West Bengal,22.536747,88.349182
1388313,Lake Town,Swiggy Instamart,Garui,West Bengal,22.607573,88.402094
1404625,Thakdari,Swiggy Instamart,Kolkata,West Bengal,22.57336,88.445485
1403836,Silicon City,Swiggy Instamart,Indore,Madhya Pradesh,22.645298,75.834534
1397622,SINTHI,Swiggy Instamart,Baranagar,West Bengal,22.626302,88.382019
1388197,Salt Lake Sector V,Swiggy Instamart,Kolkata,West Bengal,22.586517,88.424866
867466,ARJUNPUR,Swiggy Instamart,Kolkata,West Bengal,22.624182,88.439263
1404788,Satgachi,Swiggy Instamart,Kolkata,West Bengal,22.619806,88.417229
1404809,Raigachi,Swiggy Instamart,Kolkata,West Bengal,22.637318,88.455307
1382353,Talbagan,Swiggy Instamart,Kolkata,West Bengal,22.596116791238668,88.43364543071704
1395726,Rathtala,Swiggy Instamart,Kamarhati,West Bengal,22.6651321,88.3700169
1404707,Kaikhali,Swiggy Instamart,Kolkata,West Bengal,22.627628,88.424179
1382982,Manickpore,Swiggy Instamart,Kolkata,West Bengal,22.64279870967486,88.42160584475538
1400969,Bicholi Mardana,Swiggy Instamart,Indore,Madhya Pradesh,22.709167,75.922583
1404586,BT College,Swiggy Instamart,Madhyamgram,West Bengal,22.680519,88.452385
1402441,Arjunappa Layout,Swiggy Instamart,Bengaluru,Karnataka,12.8621571,77.6840006
1382165,NAVLAKHA - MIM,Swiggy Instamart,Indore,Madhya Pradesh,22.70455071292786,75.87240210147034
1403840,Barrackpore,Swiggy Instamart,Barakpur,West Bengal,22.785063,88.389877
1403472,Bijoynagar,Swiggy Instamart,Kolkata,West Bengal,22.728496,88.498061
1402059,Chota Bangarda,Swiggy Instamart,Indore,Madhya Pradesh,22.733889,75.832056
1388386,USHA NAGAR,Swiggy Instamart,Indore,Madhya Pradesh,22.68617,75.829217
1404858,Khaleelwadi,Swiggy Instamart,Nizamabad,Telangana,18.66826,78.10976
1401659,Golmuri,Swiggy Instamart,Jamshedpur,Jharkhand,22.79015,86.225876
1401475,Apollo DB City,Swiggy Instamart,Indore,Madhya Pradesh,22.763361,75.923389
1403141,Subarnarekha River,Swiggy Instamart,Jamshedpur,Jharkhand,22.81006,86.204181
1402470,Tata,Swiggy Instamart,Jamshedpur,Jharkhand,22.797083,86.178389
1387079,Jagdishpur,Swiggy Instamart,Kolkata,West Bengal,22.622082,88.479584
1402796,Mani Nagar,Swiggy Instamart,Ahmedabad,Gujarat,23.008919,72.615433
1404453,Bopal - MP,Swiggy Instamart,Ahmedabad,Gujarat,23.017954,72.476517
1403027,NIT Jamshedpur,Swiggy Instamart,Jugsalai,Jharkhand,22.7814193,86.1393189
1403028,Mango,Swiggy Instamart,Jamshedpur,Jharkhand,22.839609,86.208908
1386811,Vejalpur,Swiggy Instamart,Ahmedabad,Gujarat,22.996097,72.510688
1400957,Odhav,Swiggy Instamart,Ahmedabad,Gujarat,23.021742,72.662255
1401479,Kalyani,Swiggy Instamart,Kanchrapara,West Bengal,22.972138395822324,88.43307315183989
1385642,Navrangpura,Swiggy Instamart,Ahmedabad,Gujarat,23.033834,72.558546
1383570,Bodakdev,Swiggy Instamart,Ahmedabad,Gujarat,23.037697,72.511901
1403690,Satellite,Swiggy Instamart,Ahmedabad,Gujarat,23.027887,72.529768
1393824,Chitwan,Swiggy Instamart,Ahmedabad,Gujarat,23.024222,72.471944
1403829,Gujarat University - MP,Swiggy Instamart,Ahmedabad,Gujarat,23.043175,72.547928
1401245,Sola Road,Swiggy Instamart,Ahmedabad,Gujarat,23.058873,72.538831
1402439,Shahibag,Swiggy Instamart,Ahmedabad,Gujarat,23.043167,72.58925
1397023,Ghatlodiya,Swiggy Instamart,Ahmedabad,Gujarat,23.074738,72.521431
1388194,Vandematram Icon,Swiggy Instamart,Ahmedabad,Gujarat,23.096482,72.549681
1402450,South Civil Lines,Swiggy Instamart,Jabalpur,Madhya Pradesh,23.163221,79.940475
1400955,Nirma University,Swiggy Instamart,Ahmedabad,Gujarat,23.117359,72.563644
1388195,Dev Business Hub,Swiggy Instamart,Ahmedabad,Gujarat,23.106505,72.597883
1401277,Mahananda Nagar,Swiggy Instamart,Ujjain,Madhya Pradesh,23.15741,75.794899
1387076,Gandhinagar Kudasan,Swiggy Instamart,Ahmedabad,Gujarat,23.18408,72.630542
1401108,Dashmesh Dwar,Swiggy Instamart,Jabalpur,Madhya Pradesh,23.159397,79.908528
1403830,Sri Rameshwaram,Swiggy Instamart,Bhopal,Madhya Pradesh,23.18343,77.461945
1393825,AASHIMA MALL,Swiggy Instamart,Bhopal,Madhya Pradesh,23.174469,77.43728
1402468,Freeganj,Swiggy Instamart,Ujjain,Madhya Pradesh,23.191971,75.791009
1402258,Dhanwantri Nagar,Swiggy Instamart,Jabalpur,Madhya Pradesh,23.192715,79.91819
1403205,MANIT Bhopal,Swiggy Instamart,Bhopal,Madhya Pradesh,23.219551,77.390572
1403753,ISKON Bhopal,Swiggy Instamart,Bhopal,Madhya Pradesh,23.251731,77.496158
1399345,MP NAGAR,Swiggy Instamart,Bhopal,Madhya Pradesh,23.234306,77.432444
1399344,Itwara,Swiggy Instamart,Bhopal,Madhya Pradesh,23.254083,77.412278
1397619,ANAND NAGAR,Swiggy Instamart,Bhopal,Madhya Pradesh,23.277427,77.462238
1395730,Kadru,Swiggy Instamart,Ranchi,Jharkhand,23.352444,85.327278
1403691,People's Mall,Swiggy Instamart,Bhopal,Madhya Pradesh,23.3031559,77.4154337
1402619,Masibari,Swiggy Instamart,Ranchi,Jharkhand,23.350528,85.288139
1401273,Bariatu,Swiggy Instamart,Ranchi,Jharkhand,23.394139,85.353694
1400560,Circular Road,Swiggy Instamart,Ranchi,Jharkhand,23.380407,85.34288
1399804,Pichola,Swiggy Instamart,Udaipur,Rajasthan,24.567083,73.714611
1403748,Bidhannagar,Swiggy Instamart,Durgapur,West Bengal,23.521045,87.34668
1401279,Talwandi,Swiggy Instamart,Kota,Rajasthan,25.136583,75.845639
1401281,Kunadi,Swiggy Instamart,Kota,Rajasthan,25.19825,75.840306
1402074,Chitaipur,Swiggy Instamart,Ramnagar,Uttar Pradesh,25.253306,82.978389
1401280,Borkhera,Swiggy Instamart,Kota,Rajasthan,25.18075,75.88075
1396292,NARIA,Swiggy Instamart,Ramnagar,Uttar Pradesh,25.274778,82.984139
1394452,CHETGANJ,Swiggy Instamart,Varanasi,Uttar Pradesh,25.307583,82.983861
1404835,Lanka,Swiggy Instamart,Varanasi,Uttar Pradesh,25.286749,82.997116
1404674,Kachari,Swiggy Instamart,Varanasi,Uttar Pradesh,25.341345,82.97995
1401660,Ashoka Institute,Swiggy Instamart,Varanasi,Uttar Pradesh,25.366236,83.005478
1403373,Khusi Pura,Swiggy Instamart,Jhansi,Uttar Pradesh,25.451014,78.5892
1397089,SURAJPOLE,Swiggy Instamart,Udaipur,Rajasthan,24.591948,73.697639
1402244,Zero Road,Swiggy Instamart,Prayagraj,Uttar Pradesh,25.432226,81.823341
1399808,Bank Road,Swiggy Instamart,Prayagraj,Uttar Pradesh,25.452361,81.863528
1403977,Sipri Bazar,Swiggy Instamart,Jhansi,Uttar Pradesh,25.454418,78.544464
1398451,PAHADA,Swiggy Instamart,Udaipur,Rajasthan,24.621278,73.706611
1402604,Sunderganj,Swiggy Instamart,Prayagraj,Uttar Pradesh,25.439177,81.793663
1401271,Mithapur,Swiggy Instamart,Patna,Bihar,25.585083,85.135278
1404890,Anisabad,Swiggy Instamart,Patna,Bihar,25.582089325634325,85.09867293810915
1400979,Jakariyapur,Swiggy Instamart,Patna,Bihar,25.590611,85.164111
1404850,Lekha Nagar,Swiggy Instamart,Khagaul,Bihar,25.601332,85.033936
1402068,Kankarbagh,Swiggy Instamart,Patna,Bihar,25.614893,85.167336
1402265,Indrapuri,Swiggy Instamart,Patna,Bihar,25.623306,85.104583
1401272,Ashiyana,Swiggy Instamart,Danapur,Bihar,25.618917,85.078611
1402807,Danapur,Swiggy Instamart,Danapur,Bihar,25.622671,85.059967
1403365,Anandpuri - MP,Swiggy Instamart,Patna,Bihar,25.622401,85.123313
1404797,Jagdishpuri,Swiggy Instamart,Muzaffarpur,Bihar,26.116173,85.396744
1404802,Kala Pahar,Swiggy Instamart,Guwahati,Assam,26.143778,91.740761
1404784,Dakshingaon,Swiggy Instamart,Dispur,Assam,26.119938,91.774139
1402469,Rukmini Nagar - MP,Swiggy Instamart,Dispur,Assam,26.1294473,91.8089473
1404745,Kahilipara,Swiggy Instamart,Dispur,Assam,26.139816,91.765091
1402803,Ganeshguri,Swiggy Instamart,Dispur,Assam,26.160798,91.775254
1401288,Ulubari,Swiggy Instamart,Guwahati,Assam,26.178202,91.756638
1404096,Kampoo Main,Swiggy Instamart,Gwalior,Madhya Pradesh,26.200052,78.156334
1401256,Siddhart Nagar,Swiggy Instamart,Morar,Madhya Pradesh,26.216583,78.218278
1404864,Narayan Nagar,Swiggy Instamart,Guwahati,Assam,26.173395,91.741264
1402626,Milkman Colony,Swiggy Instamart,Jodhpur,Rajasthan,26.264889,72.9935
1403689,Gwalior Fort,Swiggy Instamart,Gwalior,Madhya Pradesh,26.230537,78.180061
1402623,Pandu Nagar,Swiggy Instamart,Kanpur,Uttar Pradesh,26.412292,80.385895
1398750,ASHOK VIHAR,Swiggy Instamart,Kanpur,Uttar Pradesh,26.427917,80.320389
1402472,Nagina Bagh,Swiggy Instamart,Ajmer,Rajasthan,26.468089,74.639319
1402770,Gaurav Path,Swiggy Instamart,Ajmer,Rajasthan,26.492615,74.622289
1398751,Bara Sirohi,Swiggy Instamart,Nawabganj,Uttar Pradesh,26.501667,80.25575
1397090,GEETA NAGAR,Swiggy Instamart,Nawabganj,Uttar Pradesh,26.478083,80.294583
1403752,Saktigarh,Swiggy Instamart,Siliguri,West Bengal,26.705435,88.415833
1400925,Azad Nagar,Swiggy Instamart,Gorakhpur,Uttar Pradesh,26.722056,83.390056
1402077,Champasari,Swiggy Instamart,Siliguri,West Bengal,26.734333,88.404111
1404649,Ektiasal,Swiggy Instamart,Siliguri,West Bengal,26.724613,88.428932
1402260,Jagatpura,Swiggy Instamart,Jaipur,Rajasthan,26.805694,75.860778
1397032,SOUTH CITY,Swiggy Instamart,Lucknow,Uttar Pradesh,26.761889,80.9475
1402809,Bankim Nagar,Swiggy Instamart,Siliguri,West Bengal,26.740038,88.427261
1401262,Emerald Mall,Swiggy Instamart,Lucknow,Uttar Pradesh,26.786806,80.9095
1400225,Lulu Mall,Swiggy Instamart,Lucknow,Uttar Pradesh,26.784139,80.99175
1403183,Shahpur,Swiggy Instamart,Gorakhpur,Uttar Pradesh,26.785437,83.387672
1403751,Chayan Para,Swiggy Instamart,Siliguri,West Bengal,26.762159,88.446121
1402252,Ghanta Ghar,Swiggy Instamart,Gorakhpur,Uttar Pradesh,26.753944,83.376528
1395724,Pratap Nagar,Swiggy Instamart,Jaipur,Rajasthan,26.802528,75.825333
1401477,Durgapura,Swiggy Instamart,Jaipur,Rajasthan,26.851139,75.773889
1403559,Alambagh,Swiggy Instamart,Lucknow,Uttar Pradesh,26.811924,80.900208
1402782,Alamnagar,Swiggy Instamart,Lucknow,Uttar Pradesh,26.836581,80.879339
1386095,PATRIKA GATE,Swiggy Instamart,Jaipur,Rajasthan,26.846963,75.809024
1402783,Vasant Khand,Swiggy Instamart,Lucknow,Uttar Pradesh,26.830586,81.01883
1381754,MANSAROVAR,Swiggy Instamart,Jaipur,Rajasthan,26.863780720610432,75.74983157474034
1402259,Indira Gandhi Nagar,Swiggy Instamart,Jaipur,Rajasthan,26.839215,75.870725
1347753,NADAN MAHAL ROAD,Swiggy Instamart,Lucknow,Uttar Pradesh,26.84193776666213,80.92988637215112
1398443,ANTAS MALL,Swiggy Instamart,Lucknow,Uttar Pradesh,26.836618,81.002455
1404095,Lucknow High Court - MP,Swiggy Instamart,Lucknow,Uttar Pradesh,26.862658,81.010438
1388196,ADARSH NAGAR,Swiggy Instamart,Jaipur,Rajasthan,26.897012,75.831418
1400970,Nirman Nagar,Swiggy Instamart,Jaipur,Rajasthan,26.882583,75.740611
1402612,Shyam nagar,Swiggy Instamart,Jaipur,Rajasthan,26.88868,75.773865
1400973,Saadatganj,Swiggy Instamart,Lucknow,Uttar Pradesh,26.866194,80.880194
1346769,LALKOTHI,Swiggy Instamart,Jaipur,Rajasthan,26.882701078085947,75.79690906221907
1398442,LUCKNOW HIGH COURT,Swiggy Instamart,Lucknow,Uttar Pradesh,26.875,81.013056
1403187,Sector-C - MP,Swiggy Instamart,Lucknow,Uttar Pradesh,26.8729,80.9573
1401263,Sitapur Road,Swiggy Instamart,Lucknow,Uttar Pradesh,26.890843,80.975339
1402262,BBD University,Swiggy Instamart,Goshainganj,Uttar Pradesh,26.88677,81.050553
1339714,JANKIPURAM,Swiggy Instamart,Lucknow,Uttar Pradesh,26.91065624450375,80.9464507109994
1382166,KRISHNA NAGAR,Swiggy Instamart,Jaipur,Rajasthan,26.917498,75.743404
1382290,BANI PARK,Swiggy Instamart,Jaipur,Rajasthan,26.937537006245066,75.80007417423347
1403026,Jhotwara,Swiggy Instamart,Jaipur,Rajasthan,26.9463,75.7442
1400975,IIM Lucknow,Swiggy Instamart,Lucknow,Uttar Pradesh,26.933861,80.913972
1400974,Guramba,Swiggy Instamart,Lucknow,Uttar Pradesh,26.928871,80.964718
1399803,Vidhyadhar,Swiggy Instamart,Jaipur,Rajasthan,26.976266,75.775033
1401076,Rambagh,Swiggy Instamart,Agra,Uttar Pradesh,27.19825,78.003694
1401259,Gaurav Towers,Swiggy Instamart,Jaipur,Rajasthan,26.831889,75.819111
1402243,Sikandra,Swiggy Instamart,Agra,Uttar Pradesh,27.204694,77.954861
1402076,Geeta Enclave,Swiggy Instamart,Mathura,Uttar Pradesh,27.497111,77.661583
1400222,Lalarpura,Swiggy Instamart,Jaipur,Rajasthan,26.90125,75.709833
1400958,DD Cinemas,Swiggy Instamart,Aligarh,Uttar Pradesh,27.884111,78.066083
1400959,Aligarh Central,Swiggy Instamart,Aligarh,Uttar Pradesh,27.900056,78.095694
1403367,Govt Dungar College,Swiggy Instamart,Bikaner,Rajasthan,28.003454,73.341644
1402606,Bareilly Main,Swiggy Instamart,Bareilly,Uttar Pradesh,28.35103,79.42335
1393826,NEHRU COLONY,Swiggy Instamart,Delhi/NCR,Haryana,28.3919602,77.2935421
1402253,Vatika Kunj Ext,Swiggy Instamart,Delhi/NCR,Haryana,28.361194,77.06525
1404834,Sector 11-12,Swiggy Instamart,Delhi/NCR,Haryana,28.36324,77.32565
1402055,Emaar Palm Hills,Swiggy Instamart,Delhi/NCR,Haryana,28.387579,76.976972
1387568,Vatika City Ggn,Swiggy Instamart,Delhi/NCR,Haryana,28.398878,76.955192
1278169,Sector 67,Swiggy Instamart,Delhi/NCR,Haryana,28.391181,77.057603
1382258,Tulip Society Sec 70,Swiggy Instamart,Delhi/NCR,Haryana,28.3945619298682,77.03499428206705
1404613,Shushat Lok,Swiggy Instamart,Delhi/NCR,Haryana,28.422071,77.090134
1381444,SECTOR 88,Swiggy Instamart,Delhi/NCR,Haryana,28.41824,77.349749
1391900,SECTOR 20B,Swiggy Instamart,Delhi/NCR,Haryana,28.409797,77.318897
1389633,Sapphire Mall,Swiggy Instamart,Delhi/NCR,Haryana,28.412856,77.04265
1402607,Sector 89,Swiggy Instamart,Delhi/NCR,Haryana,28.426149,76.936973
1398454,Sector 50,Swiggy Instamart,Delhi/NCR,Haryana,28.408583,77.062444
1395428,DLF SEC 54,Swiggy Instamart,Delhi/NCR,Haryana,28.43975,77.103333
1402066,Chi 5,Swiggy Instamart,Delhi/NCR,Uttar Pradesh,28.4277535,77.5090922
1389006,Sector 10A,Swiggy Instamart,Delhi/NCR,Haryana,28.449587,77.001076
1402056,Unitech,Swiggy Instamart,Delhi/NCR,Haryana,28.435222,77.033611
1397028,GEHLOT FARM SECTOR 47,Swiggy Instamart,Delhi/NCR,Haryana,28.426861,77.04575
1401469,Sector 95,Swiggy Instamart,Farrukhnagar,Haryana,28.410722,76.90725
1402609,Samaspur Village,Swiggy Instamart,Delhi/NCR,Haryana,28.426005,77.067713
1402463,Sector 149,Swiggy Instamart,Delhi/NCR,Uttar Pradesh,28.436065,77.478912
1391899,SECTOR 37,Swiggy Instamart,Delhi/NCR,Haryana,28.455094,77.311602
1399346,Omicron 3,Swiggy Instamart,Delhi/NCR,Uttar Pradesh,28.465833,77.560806
1388388,ALPHA 1,Swiggy Instamart,Delhi/NCR,Uttar Pradesh,28.4733004,77.5042252
1400549,Jharsa Village,Swiggy Instamart,Delhi/NCR,Haryana,28.4444684,77.060062
1402608,Star Mall,Swiggy Instamart,Delhi/NCR,Haryana,28.460083,77.055306
1382659,AV PHASE 3,Swiggy Instamart,Delhi/NCR,Haryana,28.483541,77.021668
1392083,Sector 53,Swiggy Instamart,Delhi/NCR,Haryana,28.441902,77.094724
1394450,Mehroli,Swiggy Instamart,Delhi/NCR,NCT,28.492417,77.184889
1394451,Sector 14 Main,Swiggy Instamart,Delhi/NCR,Haryana,28.47073,77.041298
1380623,DLF Cyber Hub,Swiggy Instamart,Delhi/NCR,Haryana,28.4894406555492,77.09683819496018
1239163,DLF PHASE 1 (SEC 42),Swiggy Instamart,Delhi/NCR,Haryana,28.4627016,77.087471
1402624,Jaypee Greens,Swiggy Instamart,Delhi/NCR,Uttar Pradesh,28.48205,77.54017
1403213,Ardee city Sec 52,Swiggy Instamart,Delhi/NCR,Haryana,28.436736,77.082384
1402248,Jaitpur,Swiggy Instamart,Delhi/NCR,Uttar Pradesh,28.502103,77.318222
1401254,Sector 19,Swiggy Instamart,Delhi/NCR,Haryana,28.4765,77.084889
1398757,Phase I Sector 20 GGN,Swiggy Instamart,Delhi/NCR,Haryana,28.505851,77.069317
1386536,VASANT SQUARE MALL,Swiggy Instamart,Delhi/NCR,NCT,28.525244,77.154404
762551,SPENCER,Swiggy Instamart,Delhi/NCR,Haryana,28.45296959,77.08170687
1384513,Om Vihar,Swiggy Instamart,Delhi/NCR,Haryana,28.5016315,77.04455361
1403184,Ashok vihar Extension,Swiggy Instamart,Delhi/NCR,Haryana,28.495284,77.020353
1402777,Saket - MP,Swiggy Instamart,Delhi/NCR,NCT,28.514877,77.206154
1404627,Jaypee Kasa,Swiggy Instamart,Delhi/NCR,Uttar Pradesh,28.501326,77.390182
1397625,Sector 142 Noida,Swiggy Instamart,Delhi/NCR,Uttar Pradesh,28.504167,77.41475
1389690,CR Park,Swiggy Instamart,Delhi/NCR,Uttar Pradesh,28.54237,77.257278
1399700,Malviya Nagar Main,Swiggy Instamart,Delhi/NCR,NCT,28.534481,77.218636
1398130,HAZIPUR SECTOR 104,Swiggy Instamart,Delhi/NCR,Uttar Pradesh,28.540333,77.3725
1402457,Dwarka Sector 19,Swiggy Instamart,Delhi/NCR,NCT,28.5772454,77.0502261
1399699,Mahipalpur,Swiggy Instamart,Delhi/NCR,NCT,28.541028,77.129278
1404818,AMITY Noida,Swiggy Instamart,Delhi/NCR,Uttar Pradesh,28.540827,77.33577
1404604,Choma village,Swiggy Instamart,Delhi/NCR,Haryana,28.517735,77.037374
1401661,Ecoo Village,Swiggy Instamart,Delhi/NCR,Uttar Pradesh,28.574722,77.436167
1404610,Dwarka Sec 14,Swiggy Instamart,Delhi/NCR,NCT,28.606396,77.033605
1398755,AIIMS,Swiggy Instamart,Delhi/NCR,NCT,28.562528,77.2115
1404675,Govindpuri Metro Station,Swiggy Instamart,Delhi/NCR,Uttar Pradesh,28.545033,77.262329
1387704,NFC,Swiggy Instamart,Delhi/NCR,Uttar Pradesh,28.57283,77.272838
1383134,SECTOR 44,Swiggy Instamart,Delhi/NCR,Uttar Pradesh,28.558014,77.346292
1384147,BARAULA,Swiggy Instamart,Delhi/NCR,Uttar Pradesh,28.554394,77.374933
1382167,SECTOR 76,Swiggy Instamart,Delhi/NCR,Uttar Pradesh,28.565747,77.396113
1382871,Chandar Vihar,Swiggy Instamart,Delhi/NCR,NCT,28.58479880479905,77.06909538597029
810368,Munirika,Swiggy Instamart,Delhi/NCR,NCT,28.55629,77.174751
406774,MALVIYA,Swiggy Instamart,Delhi/NCR,NCT,28.538353,77.2146898
1404584,Kamal Cinema,Swiggy Instamart,Delhi/NCR,NCT,28.565346,77.199799
1267917,Kailash Colony,Swiggy Instamart,Delhi/NCR,NCT,28.557799,77.236092
1383851,Lodi Colony,Swiggy Instamart,Delhi/NCR,NCT,28.572895,77.227996
1395430,SECTOR 9,Swiggy Instamart,Delhi/NCR,Uttar Pradesh,28.581507,77.322784
1382494,Jangpura,Swiggy Instamart,Delhi/NCR,Uttar Pradesh,28.57112485610387,77.2583288910118
1390227,ECO CITY,Swiggy Instamart,Delhi/NCR,Uttar Pradesh,28.578416,77.384428
1403311,Naraina,Swiggy Instamart,Delhi/NCR,NCT,28.63353,77.13722
1404587,Vaidpura,Swiggy Instamart,Dadri,Uttar Pradesh,28.57033,77.485649
1384143,KAKROLA DWARKA,Swiggy Instamart,Delhi/NCR,NCT,28.594436,77.025226
1401649,Manglapuri,Swiggy Instamart,Delhi/NCR,NCT,28.593732,77.08742
762550,JANAKPURI,Swiggy Instamart,Delhi/NCR,NCT,28.6215296,77.0832374
1401654,Nanakpura -Mayapuri,Swiggy Instamart,Delhi/NCR,NCT,28.620583,77.117194
1404576,Mayur Vihar Megapod,Swiggy Instamart,Delhi/NCR,Uttar Pradesh,28.612513,77.303497
1387705,Nawada,Swiggy Instamart,Delhi/NCR,NCT,28.620369159124,77.04032745212317
1386943,MAYUR VIHAR PHASE 3,Swiggy Instamart,Delhi/NCR,Uttar Pradesh,28.595272,77.319807
1388198,SECTOR 62,Swiggy Instamart,Delhi/NCR,Uttar Pradesh,28.619795,77.369682
1401713,Crossing Republic,Swiggy Instamart,Delhi/NCR,Uttar Pradesh,28.628,77.441222
1381835,Rajendra Place,Swiggy Instamart,Delhi/NCR,NCT,28.64429078870524,77.1766378649398
1400556,B Block Sec 122,Swiggy Instamart,Delhi/NCR,Uttar Pradesh,28.593778,77.403139
1383133,SECTOR 59,Swiggy Instamart,Delhi/NCR,Uttar Pradesh,28.60668364273302,77.36476632913116
1404167,Cherry County - MP,Swiggy Instamart,Delhi/NCR,Uttar Pradesh,28.597317,77.450081
1389634,GAUR CITY 2,Swiggy Instamart,Delhi/NCR,Uttar Pradesh,28.622773,77.425346
1403206,Shakarpur - Laxmi Nagar,Swiggy Instamart,Delhi/NCR,NCT,28.628297,77.27872
1062419,KAROL BAGH2,Swiggy Instamart,Delhi/NCR,NCT,28.644846,77.200924
1402615,Wave City Gzb,Swiggy Instamart,Dasna,Uttar Pradesh,28.651101,77.510737
1400548,Paschim Vihar,Swiggy Instamart,Delhi/NCR,NCT,28.639064,77.069527
1386535,Subhash Nagar,Swiggy Instamart,Delhi/NCR,NCT,28.640551,77.119766
1099457,Tilak Nagar,Swiggy Instamart,Delhi/NCR,NCT,28.63501728433219,77.09112262402711
1230886,Mayur Vihar 2,Swiggy Instamart,Delhi/NCR,Uttar Pradesh,28.626045,77.303794
649841,LAXMI N,Swiggy Instamart,Delhi/NCR,NCT,28.6418916,77.2822511
1401267,Nyay Khand,Swiggy Instamart,Delhi/NCR,Uttar Pradesh,28.64275,77.360167
1229997,Patel Nagar,Swiggy Instamart,Delhi/NCR,NCT,28.65022,77.161232
1099458,LAXMI NAGAR2,Swiggy Instamart,Delhi/NCR,Uttar Pradesh,28.6080012,77.2924796
1062420,JANAKPURI_ RAJOURI,Swiggy Instamart,Delhi/NCR,NCT,28.6401352,77.1077267
649851,RAJOURI,Swiggy Instamart,Delhi/NCR,NCT,28.6485387,77.123928
1099459,Dilshad garden 2,Swiggy Instamart,Delhi/NCR,NCT,28.6559234,77.2818721
1400555,Prateek Grand City,Swiggy Instamart,Delhi/NCR,Uttar Pradesh,28.655319,77.400871
1394453,RAJ NAGAR GZB,Swiggy Instamart,Delhi/NCR,Uttar Pradesh,28.672261,77.440055
1400967,Nangloi,Swiggy Instamart,Delhi/NCR,NCT,28.682167,77.058778
1399806,Kaushambi,Swiggy Instamart,Delhi/NCR,Uttar Pradesh,28.642278,77.334667
1385945,Keventers,Swiggy Instamart,Delhi/NCR,Uttar Pradesh,28.66404,77.321404
1404450,Bhera Enclave,Swiggy Instamart,Delhi/NCR,NCT,28.672993,77.093109
1261842,Kirti Nagar,Swiggy Instamart,Delhi/NCR,NCT,28.651164,77.141291
1400924,Karampura,Swiggy Instamart,Delhi/NCR,NCT,28.662389,77.155944
1403207,New Karol Bagh,Swiggy Instamart,Delhi/NCR,NCT,28.658655,77.20243
1400547,Shalimar Bagh,Swiggy Instamart,Delhi/NCR,NCT,28.700417,77.163306
1402052,Inderlok Metro Station,Swiggy Instamart,Delhi/NCR,NCT,28.673,77.170306
1380671,Babarpur,Swiggy Instamart,Loni,Uttar Pradesh,28.690066,77.283795
1404755,Azadpur,Swiggy Instamart,Delhi/NCR,NCT,28.702271,77.181221
1388689,Dilshad Colony,Swiggy Instamart,Loni,Uttar Pradesh,28.678051,77.314262
1403518,Raj Bagh Gzb,Swiggy Instamart,Loni,Uttar Pradesh,28.682836,77.34622
1400226,Vasundhara,Swiggy Instamart,Delhi/NCR,Uttar Pradesh,28.654556,77.361778
1403179,Shahdara Megapod,Swiggy Instamart,Loni,Uttar Pradesh,28.687647,77.291998
1387080,PVR VVIP GHAZIABAD,Swiggy Instamart,Delhi/NCR,Uttar Pradesh,28.698797,77.422718
1062023,Rohini,Swiggy Instamart,Delhi/NCR,NCT,28.716239,77.114781
1404596,Sharda Niketan,Swiggy Instamart,Delhi/NCR,NCT,28.692215,77.116348
1402053,Burari,Swiggy Instamart,Delhi/NCR,NCT,28.73925,77.197722
1403364,Mohan Nagar Ghaziabad,Swiggy Instamart,Delhi/NCR,Uttar Pradesh,28.684383,77.376872
1384511,PV Ranikhet,Swiggy Instamart,Delhi/NCR,NCT,28.715442,77.138837
1402249,Karawal Nagar,Swiggy Instamart,Loni,Uttar Pradesh,28.71899,77.265877
1403516,Bapudham,Swiggy Instamart,Dasna,Uttar Pradesh,28.697865,77.485786
1404620,Samaypur Badli,Swiggy Instamart,Alipur,NCT,28.744797,77.132637
1404165,Avantika,Swiggy Instamart,Delhi/NCR,NCT,28.698431,77.101982
1386271,Kohat Enclave,Swiggy Instamart,Delhi/NCR,NCT,28.702855,77.147173
1401290,Railway Stadium,Swiggy Instamart,Moradabad,Uttar Pradesh,28.844917,78.760556
1403371,Onyx Hospital,Swiggy Instamart,Rohtak,Haryana,28.89262,76.618644
1403370,District Court,Swiggy Instamart,Rohtak,Haryana,28.898944,76.586886
1402272,PVR Moradabad,Swiggy Instamart,Moradabad,Uttar Pradesh,28.871639,78.754194
1389689,Uttam Nagar,Swiggy Instamart,Delhi/NCR,NCT,28.622128,77.069461
1400983,Bhagatpura,Swiggy Instamart,Delhi/NCR,Haryana,28.985806,77.021472
1401283,Beripura,Swiggy Instamart,Meerut,Uttar Pradesh,28.967861,77.68825
1403188,CCS University - MP,Swiggy Instamart,Meerut,Uttar Pradesh,28.953913,77.735535
1402620,Sadar Bazaar,Swiggy Instamart,Meerut,Uttar Pradesh,28.9949,77.7069
1401282,Pallavpuram,Swiggy Instamart,Daurala,Uttar Pradesh,29.044929,77.707016
1402787,District Hospital,Swiggy Instamart,Kichha,Uttarakhand,28.98012,79.40034
1401291,Tehsil Camp,Swiggy Instamart,Panipat,Haryana,29.409333,76.97
1403556,Urban Estate,Swiggy Instamart,Karnal,Haryana,29.6845,76.9841
1401278,Ganpat Nagar,Swiggy Instamart,Ganganagar,Rajasthan,29.9090627,73.880938
1402847,Captain Nagar,Swiggy Instamart,Panipat,Haryana,29.382806,76.973611
1403422,Model Town,Swiggy Instamart,Panipat,Haryana,29.3897190093994,76.9542770385742
1403458,NIT Kurukshetra,Swiggy Instamart,Thanesar,Haryana,29.96939,76.83955
1403512,Arjan Nagar,Swiggy Instamart,Bhatinda,Punjab,30.2256,74.9545
1401285,Iit Roorkee,Swiggy Instamart,Roorkee,Uttarakhand,29.8670149,77.887902
1388685,JOGIWALA,Swiggy Instamart,Dehradun,Uttarakhand,30.305838,78.0474398
1391903,ISBT,Swiggy Instamart,Clement Town,Uttarakhand,30.295594,77.998469
1403754,Mohammadpur,Swiggy Instamart,Saharanpur,Uttar Pradesh,29.941175,77.541145
1401270,Tipuri Bazaar,Swiggy Instamart,Patiala,Punjab,30.366425,76.402039
1401289,Ambala Cantt,Swiggy Instamart,Ambala,Haryana,30.341556,76.837139
1401268,Patiala Cantt,Swiggy Instamart,Patiala,Punjab,30.329639,76.392972
1394449,SAHARANPUR ROAD,Swiggy Instamart,Dehradun,Uttarakhand,30.322098,78.003609
1403178,Jakhan - MP,Swiggy Instamart,Dehradun,Uttarakhand,30.337343,78.055297
1402271,Police Line,Swiggy Instamart,Ambala,Haryana,30.374516,76.781993
1393569,Doon IT Park,Swiggy Instamart,Raipur,Uttarakhand,30.354936,78.083698
1404603,Rajpur,Swiggy Instamart,Raipur,Uttarakhand,30.371376,78.075996
1388997,VIP Road,Swiggy Instamart,Basi,Punjab,30.638794,76.818305
1385562,Peermuchalla,Swiggy Instamart,Basi,Punjab,30.658505,76.856737
1403511,Aero City Mohali,Swiggy Instamart,SAS Nagar,Punjab,30.6553115,76.7408905
1387906,Sec 67 Chandigarh,Swiggy Instamart,SAS Nagar,Punjab,30.673237,76.723481
1387905,Sec 10 Panchkula,Swiggy Instamart,Chandigarh,Chandigarh,30.680975,76.84356
1403687,Emaar The Views,Swiggy Instamart,SAS Nagar,Punjab,30.6566956,76.6821416
1390220,Shivalik City,Swiggy Instamart,SAS Nagar,Punjab,30.69525,76.675001
1403831,Sector 70,Swiggy Instamart,SAS Nagar,Punjab,30.688835,76.71247
1403976,Sector 42B,Swiggy Instamart,Chandigarh,Chandigarh,30.7179,76.7545
1385943,Gillco Parkhills,Swiggy Instamart,SAS Nagar,Punjab,30.728289,76.673743
1389004,Sec 7 Panchkula,Swiggy Instamart,Chandigarh,Chandigarh,30.710278,76.839139
1403510,Phse 3B - MP,Swiggy Instamart,SAS Nagar,Punjab,30.718893,76.709421
1386912,Sunny Enclave,Swiggy Instamart,SAS Nagar,Punjab,30.7451095581055,76.652473449707
1397025,KURALI ROAD,Swiggy Instamart,SAS Nagar,Punjab,30.756194,76.63625
1383823,Sector 23,Swiggy Instamart,Chandigarh,Chandigarh,30.749759,76.751449
1381441,Sub City Center,Swiggy Instamart,Chandigarh,Chandigarh,30.72213775280572,76.76647493358848
1404680,Babaroad,Swiggy Instamart,Ludhiana,Punjab,30.860981,75.868828
1397034,PRITAM NAGAR,Swiggy Instamart,Ludhiana,Punjab,30.916722,75.823333
1404447,Jamalpur,Swiggy Instamart,Ludhiana,Punjab,30.902227,75.910682
1401264,Dugri,Swiggy Instamart,Ludhiana,Punjab,30.8772529,75.7990515
1395727,Hargobind Nagar,Swiggy Instamart,Ludhiana,Punjab,30.9136237,75.8684544
1401284,PPR Mall,Swiggy Instamart,Jalandhar,Punjab,31.294535,75.579483
1402621,Qaji Mandi,Swiggy Instamart,Jalandhar,Punjab,31.342944,75.592639
1404306,GNDU Campus,Swiggy Instamart,Amritsar,Punjab,31.631193,74.815299
1397088,GOLDEN TEMPLE,Swiggy Instamart,Amritsar,Punjab,31.630861,74.881778
1404754,Kothrud - MP,Swiggy Instamart,Pune,Maharashtra,18.502438,73.808907
1401269,Thapar University,Swiggy Instamart,Patiala,Punjab,30.36325,76.371444
1348435,Zirakpur,Swiggy Instamart,Basi,Punjab,30.639908,76.82357
1397796,NS PALYA,Swiggy Instamart,Bengaluru,Karnataka,12.909667,77.602889
1380712,BOTANICAL GARDEN,Swiggy Instamart,Hyderabad,Telangana,17.453386812523647,78.36389012823284
1267913,MITHILA NAGAR,Swiggy Instamart,Hyderabad,Telangana,17.40860659492986,78.44997806958645
1400609,Munnekolala,Swiggy Instamart,Bengaluru,Karnataka,12.956667,77.719778
1392421,CARMELARAM,Swiggy Instamart,Bengaluru,Karnataka,12.909483,77.697731
1389251,Kannamangala,Swiggy Instamart,Bengaluru,Karnataka,13.00845,77.759705
1402247,Prem Nagar,Swiggy Instamart,Dehradun,Uttarakhand,30.33449,77.967049
1381157,Mullur,Swiggy Instamart,Bengaluru,Karnataka,12.901863873524023,77.72350950736907
1402474,WCC Road,Swiggy Instamart,Nagercoil,Tamil Nadu,8.184644,77.418613
1403189,Pappanamcode,Swiggy Instamart,Thiruvananthapuram,Kerala,8.468031,76.98364
1404824,Anyara,Swiggy Instamart,Thiruvananthapuram,Kerala,8.493482,76.926186
1404900,Thirumala,Swiggy Instamart,Thiruvananthapuram,Kerala,8.5067,76.9959
1396291,SREEKARYAM,Swiggy Instamart,Thiruvananthapuram,Kerala,8.545856,76.921219
1387569,POOJAPPURA,Swiggy Instamart,Thiruvananthapuram,Kerala,8.490834,76.976966
1397045,Kaniyapuram,Swiggy Instamart,Thiruvananthapuram,Kerala,8.5732958158672,76.86895758606306
1402070,Peroorkada,Swiggy Instamart,Thiruvananthapuram,Kerala,8.543278,76.971778
1403190,Atitngal,Swiggy Instamart,Attingal,Kerala,8.700694,76.813389
1381968,KULATHOOR,Swiggy Instamart,Thiruvananthapuram,Kerala,8.5500756,76.8762279
1401286,Police Colony,Swiggy Instamart,Tirunelveli,Tamil Nadu,8.710639,77.7485
1401656,Tuticorin,Swiggy Instamart,Korampallam,Tamil Nadu,8.807639,78.134583
1402780,Ayathil,Swiggy Instamart,Kollam,Kerala,8.873115,76.624164
1402261,Moonamkutti,Swiggy Instamart,Kollam,Kerala,8.912046,76.628407
1400224,Thevally,Swiggy Instamart,Kollam,Kerala,8.885139,76.580889
1402456,Chengannur,Swiggy Instamart,Chengannur,Kerala,9.31766,76.614834
1402471,Changanassery,Swiggy Instamart,Changanacheri,Kerala,9.449212,76.54122
1401077,Central Allepy,Swiggy Instamart,Alleppey,Kerala,9.492133,76.33062
1403841,Ettumanoor,Swiggy Instamart,Kottayam,Kerala,9.661879,76.550209
1399704,Thrippunithura,Swiggy Instamart,Arukutti,Kerala,9.9523629,76.3594574
1402451,Kumbalam,Swiggy Instamart,Arukutti,Kerala,9.905029,76.318619
1402453,Kannan Devi Cinemas,Swiggy Instamart,Tirupparangunram,Tamil Nadu,9.883303,78.05829
1397629,PONEKKARA,Swiggy Instamart,Elur,Kerala,10.022389,76.274028
1403029,Poppys Hotel,Swiggy Instamart,Madurai,Tamil Nadu,9.950917,78.171568
1403838,Kent Mahal,Swiggy Instamart,Aluva,Kerala,10.003842,76.380211
1403362,Paravur Road,Swiggy Instamart,Aluva,Kerala,10.126095,76.322508
1381277,VIDYA NAGAR,Swiggy Instamart,Elur,Kerala,10.051167358957358,76.31830938761314
1403759,Senjai,Swiggy Instamart,Karaikkudi,Tamil Nadu,10.071007,78.771027
1402072,Ollur,Swiggy Instamart,Trichur,Kerala,10.486479,76.237671
1402613,Perumbavoor,Swiggy Instamart,Perumpavur,Kerala,10.127368,76.471415
1403142,Mannuthy,Swiggy Instamart,Trichur,Kerala,10.529137,76.256164
1403209,Muvattupuzha,Swiggy Instamart,Muvattupula,Kerala,9.983535,76.574961
1403844,Chalakudy,Swiggy Instamart,Kizhake Chalakudi,Kerala,10.3122633,76.3351063
1402455,Peringavu,Swiggy Instamart,Trichur,Kerala,10.548174,76.227562
1402061,Angamalai,Swiggy Instamart,Angamali,Kerala,10.1957612,76.3908926
1402263,Madurai South,Swiggy Instamart,Madurai,Tamil Nadu,9.900021,78.117065
1403456,Tanjavur Medical College,Swiggy Instamart,Thanjavur,Tamil Nadu,10.757196,79.123787
1402073,KK Nagar,Swiggy Instamart,Tiruchirappalli,Tamil Nadu,10.756853,78.700823
1404925,Aiswarya Nagar,Swiggy Instamart,Palakkad,Kerala,10.772066,76.670486
1402071,Adat Road,Swiggy Instamart,Avanoor,Kerala,10.552611,76.170972
1403372,Arugampalayam,Swiggy Instamart,Karur,Tamil Nadu,10.947171,78.092315
1403558,Vadugapatti,Swiggy Instamart,Karur,Tamil Nadu,10.9626,78.0651
1403185,Rajagiri Hospital,Swiggy Instamart,Aluva,Kerala,10.086144,76.383682
1401253,Podanur,Swiggy Instamart,Madukkarai,Tamil Nadu,10.944722,76.951611
1403359,Peelamedu - MP,Swiggy Instamart,Coimbatore,Tamil Nadu,11.042580564414362,76.97695985931999
1402067,Kalpathy,Swiggy Instamart,Palakkad,Kerala,10.792933,76.638695
1403420,Edapally North,Swiggy Instamart,Elur,Kerala,10.04283,76.299736
1401274,Khadarpet West,Swiggy Instamart,Tiruppur,Tamil Nadu,11.095639,77.356861
1402069,Arulananda Nagar,Swiggy Instamart,Thanjavur,Tamil Nadu,10.77411,79.138534
1404585,HiLITE,Swiggy Instamart,Kozhikode,Kerala,11.244663,75.835655
1397030,GOVINDAPURAM,Swiggy Instamart,Kozhikode,Kerala,11.237444,75.804694
1403186,NIT Calicut,Swiggy Instamart,Mavoor,Kerala,11.324191,75.936476
1404931,Karaparamba Junction,Swiggy Instamart,Kozhikode,Kerala,11.287324,75.784195
1396290,VELLIPARAMBA,Swiggy Instamart,Kozhikode,Kerala,11.271893,75.82412
1401275,Central Kumaran Nagar,Swiggy Instamart,Tiruppur,Tamil Nadu,11.12225,77.34
1398447,GUGAI,Swiggy Instamart,Salem,Tamil Nadu,11.641389,78.151167
1402054,Parimalam Mahal,Swiggy Instamart,Erode,Tamil Nadu,11.325111,77.683889
1399347,Trichy Central,Swiggy Instamart,Tiruchirappalli,Tamil Nadu,10.809694,78.678639
1404569,Talap,Swiggy Instamart,Cannanore,Kerala,11.870083,75.371445
1402786,Reddiarpalayam,Swiggy Instamart,Puducherry,Pondicherry,11.932495,79.784645
1395429,MYSORE UNIVERSITY,Swiggy Instamart,Mysuru,Karnataka,12.286363248462216,76.61439885934841
1403050,Nambiar,Swiggy Instamart,Anekal,Karnataka,12.842996,77.726624
1404928,Kuttar,Swiggy Instamart,Ullal,Karnataka,12.8093,74.875542
1403465,Kulashekhara,Swiggy Instamart,Mangalore,Karnataka,12.8942,74.8903
1402682,Kanchi East,Swiggy Instamart,Kanchipuram,Tamil Nadu,12.8357801,79.70771887
1404867,Virupatchipuram,Swiggy Instamart,Vellore,Tamil Nadu,12.887102,79.136093
1404785,Vani Vilas Mohalla - MP,Swiggy Instamart,Mysuru,Karnataka,12.320312673566391,76.60326991831495
1388112,BEML,Swiggy Instamart,Bengaluru,Karnataka,12.9781191,77.6759756
1403049,Prestige Jindal City,Swiggy Instamart,Nelamangala,Karnataka,13.053649,77.48471
1404799,Tata New Haven,Swiggy Instamart,Nelamangala,Karnataka,13.102744,77.444717
1403143,MV Nagar,Swiggy Instamart,Tiruvallur,Tamil Nadu,13.134,79.91327
1403313,Tiruverkadu,Swiggy Instamart,Poonamalle,Tamil Nadu,13.076758,80.125557
1381832,NATHAM,Swiggy Instamart,Injambakkam,Tamil Nadu,12.837858278116054,80.23081768506574
1404617,Provident Capella,Swiggy Instamart,Bengaluru,Karnataka,12.984131,77.767464
1403019,Prestige Shantiniketan,Swiggy Instamart,Bengaluru,Karnataka,12.987618,77.729741
1403177,Wimco Nagar,Swiggy Instamart,Tiruvottiyur,Tamil Nadu,13.166327,80.295342
1386712,Yelahanka New Town,Swiggy Instamart,Bengaluru,Karnataka,13.098619,77.574441
1404794,Agrahara Layout - MP,Swiggy Instamart,Bengaluru,Karnataka,13.103094,77.629967
1400965,Mudichur,Swiggy Instamart,Vandalur,Tamil Nadu,12.910722,80.070083
1401246,Ullal,Swiggy Instamart,Bengaluru,Karnataka,12.958528,77.480528
1403025,Cholambedu,Swiggy Instamart,Chennai,Tamil Nadu,13.126184,80.124443
1403356,Pammal Ganesh Cinemas,Swiggy Instamart,Chennai,Tamil Nadu,12.984448,80.128502
1403024,Pudupakkam,Swiggy Instamart,Vengavasal,Tamil Nadu,12.82125,80.204582
1403363,Rammurthy Nagar,Swiggy Instamart,Nellore,Andhra Pradesh,14.452712,79.988483
1404769,Navodhaya Nagar,Swiggy Instamart,Anantapur,Andhra Pradesh,14.66575,77.60186
1404830,Venkateswara Nagar,Swiggy Instamart,Ongole,Andhra Pradesh,15.491481,80.04882
1404446,Aldona Madel,Swiggy Instamart,Mapuca,Goa,15.591516,73.840919
1402442,Chinnapa Layout,Swiggy Instamart,Bengaluru,Karnataka,12.941389,77.754111
810362,PERUNGUDI 2,Swiggy Instamart,Perungudi,Tamil Nadu,12.9720049,80.2479561
1404851,Otteri,Swiggy Instamart,Chennai,Tamil Nadu,13.098974,80.250824
1401079,C Camp,Swiggy Instamart,Alampur,Telangana,15.797444,78.052417
1404886,Kannagi Nagar - MP,Swiggy Instamart,Injambakkam,Tamil Nadu,12.928411,80.235054
1404860,APCO Colony,Swiggy Instamart,Lal Bahadur Nagar,Telangana,17.370525,78.57235
1382255,Musheerabad,Swiggy Instamart,Malkajgiri,Telangana,17.414711,78.498253
1400606,Sarathi Nagar,Swiggy Instamart,Khammam,Telangana,17.2503551,80.1326154
1404811,Sikenderguda,Swiggy Instamart,Hyderabad,Telangana,17.344585,78.392204
1385563,NANAKARAMGUDA (RELOCATION),Swiggy Instamart,Hyderabad,Telangana,17.42325,78.328844
1388311,Aparna Hill Park,Swiggy Instamart,Hyderabad,Telangana,17.498984,78.31697
1403837,Suryanagar,Swiggy Instamart,Karimnagar,Telangana,18.457127,79.122014
1387703,RK Studios,Swiggy Instamart,Mumbai,Maharashtra,19.047268,72.90815
1404907,Marathon Nexzone,Swiggy Instamart,Kalundri,Maharashtra,18.970366,73.131569
1404877,AG Nagar,Swiggy Instamart,Mumbai,Maharashtra,19.26767,72.878021
1381561,Hawaiian Village,Swiggy Instamart,Mumbai,Maharashtra,19.27613387130033,72.96023834652637
1398759,Millennium Avanish,Swiggy Instamart,Airoli,Maharashtra,19.1426207,72.9913945
1403022,Patrapada,Swiggy Instamart,Bhubaneswar,Odisha,20.235384,85.76593
1404808,Patia - MP,Swiggy Instamart,Bhubaneswar,Odisha,20.35096,85.831192
1403021,Kanan Vihar,Swiggy Instamart,Bhubaneswar,Odisha,20.360258,85.828873
1401464,Symphony Mall,Swiggy Instamart,Bhubaneswar,Odisha,20.322943,85.883331
1395731,Civil Hospital,Swiggy Instamart,Rajkot,Gujarat,22.30232,70.79595
1391895,Purabanchal,Swiggy Instamart,Kolkata,West Bengal,22.512056,88.418194
1404787,Kadampukur,Swiggy Instamart,Kolkata,West Bengal,22.587393,88.492569
973251,BADI BHAMORI,Swiggy Instamart,Indore,Madhya Pradesh,22.748165,75.890765
1402788,Ambikapatty,Swiggy Instamart,Silchar,Assam,24.803789,92.793533
1404857,Ranipur/Banaras Station,Swiggy Instamart,Varanasi,Uttar Pradesh,25.29306,82.973836
1402255,Harishankarpuram,Swiggy Instamart,Gwalior,Madhya Pradesh,26.206593,78.189559
1401287,Vivekananda Palky,Swiggy Instamart,Dibrugarh,Assam,27.470333,94.932671
1402047,Manjoor Garhi,Swiggy Instamart,Aligarh,Uttar Pradesh,27.925139,78.076611
1402245,Dohara,Swiggy Instamart,Bareilly,Uttar Pradesh,28.373782,79.459371
1403212,Venice Mall,Swiggy Instamart,Delhi/NCR,Uttar Pradesh,28.450961,77.52383
1402462,Ace City,Swiggy Instamart,Delhi/NCR,Uttar Pradesh,28.561563,77.444542
1383383,POCHANPUR,Swiggy Instamart,Delhi/NCR,Haryana,28.564283,77.050354
1403208,Kwality Market,Swiggy Instamart,Delhi/NCR,NCT,28.670467,77.083404
1403474,OP Jindal Chowk,Swiggy Instamart,Thanesar,Haryana,29.969639,76.890396
1403513,Sector 115,Swiggy Instamart,SAS Nagar,Punjab,30.7332,76.6474
1403048,Koorakanchery,Swiggy Instamart,Trichur,Kerala,10.506684,76.211044
1386817,SAKET SQUARE,Swiggy Instamart,Indore,Madhya Pradesh,22.728663,75.888336
1403843,Adajan Gam - MP,Swiggy Instamart,Surat,Gujarat,21.184334,72.786377
1404856,Sanath Nagar,Swiggy Instamart,Yanamalakuduru,Andhra Pradesh,16.487633,80.677467
1403415,Thakurpur,Swiggy Instamart,Kolkata,West Bengal,22.483118,88.338387
1397618,Shela,Swiggy Instamart,Ahmedabad,Gujarat,22.998083,72.468444
1386812,EIJisbridge,Swiggy Instamart,Ahmedabad,Gujarat,23.022988,72.556744
1401487,Amolapatty,Swiggy Instamart,Dibrugarh,Assam,27.475639,94.908889
1403725,Budhena Village,Swiggy Instamart,Delhi/NCR,Haryana,28.4042,77.3485
1298919,Sector 28,Swiggy Instamart,Delhi/NCR,Haryana,28.472171,77.071091
1404841,IIT - Delhi,Swiggy Instamart,Delhi/NCR,NCT,28.546551,77.189613
1404825,Gardenia Glory,Swiggy Instamart,Delhi/NCR,Uttar Pradesh,28.551748270516043,77.35526557055479
1404820,Gaur City Mall,Swiggy Instamart,Delhi/NCR,Uttar Pradesh,28.60873,77.430443
1404859,Sec-22,Swiggy Instamart,Delhi/NCR,Uttar Pradesh,28.593775,77.349159
1386719,CP,Swiggy Instamart,Delhi/NCR,NCT,28.641541,77.234208
1385946,JAIPURIA MALL,Swiggy Instamart,Delhi/NCR,Uttar Pradesh,28.640442,77.377862
1403517,ATS Homekraft,Swiggy Instamart,Delhi/NCR,Uttar Pradesh,28.659957,77.4665
1404166,Opulent Mall Gzb,Swiggy Instamart,Delhi/NCR,Uttar Pradesh,28.654839,77.435064
1404098,Police Line Gzb,Swiggy Instamart,Delhi/NCR,Uttar Pradesh,28.678897,77.474107
1401650,Adarsh Park,Swiggy Instamart,Ganganagar,Rajasthan,29.924022,73.863671
1381970,JAKHAN,Swiggy Instamart,Raipur,Uttarakhand,30.368827,78.074725
1404600,Arhat Bazaar - C,Swiggy Instamart,Dehradun,Uttarakhand,30.312504,78.023117
1404885,Ambalamukku - MP,Swiggy Instamart,Thiruvananthapuram,Kerala,8.532538,76.95517
1404672,Thammanam,Swiggy Instamart,Cochin,Kerala,9.988272,76.310474
1404677,Edachira,Swiggy Instamart,Aluva,Kerala,10.016194,76.37475
1381848,Vinayaka Nagar,Swiggy Instamart,Anekal,Karnataka,12.818141329077712,77.66399533106575
1387560,Anantnagar,Swiggy Instamart,Anekal,Karnataka,12.8319844,77.6906079
1382707,Gottigere,Swiggy Instamart,Bengaluru,Karnataka,12.856550090931206,77.59375954397252
1237709,KUMARASWAMY LAYOUT,Swiggy Instamart,Bengaluru,Karnataka,12.894056,77.565621
1231052,HSR 3,Swiggy Instamart,Bengaluru,Karnataka,12.91447708083533,77.64477779736536
1404588,Santosh Nagar,Swiggy Instamart,Vengavasal,Tamil Nadu,12.913692,80.179843
1400215,Gunjuru,Swiggy Instamart,Bengaluru,Karnataka,12.928417,77.740528
1397026,Chitlapakkam,Swiggy Instamart,Chennai,Tamil Nadu,12.932956,80.141286
1382350,Kartik Nagar,Swiggy Instamart,Bengaluru,Karnataka,12.97539272857814,77.70557064269501
816648,Ulsoor,Swiggy Instamart,Bengaluru,Karnataka,12.987999,77.618539
1349401,RAGHAVA NAGAR,Swiggy Instamart,Madipakkam,Tamil Nadu,12.974486246875326,80.2035727607715
1402774,KLE College,Swiggy Instamart,Bengaluru,Karnataka,12.978532,77.511703
1231805,Hebbal,Swiggy Instamart,Bengaluru,Karnataka,13.022278,77.607834
1390218,HRBR Layout,Swiggy Instamart,Bengaluru,Karnataka,13.023479,77.639465
1404662,T C Palya,Swiggy Instamart,Bengaluru,Karnataka,13.01854,77.68402
1399697,Jafferkhanpet,Swiggy Instamart,Alandur,Tamil Nadu,13.029389,80.204472
1382868,Nanjappa Circle,Swiggy Instamart,Bengaluru,Karnataka,13.0690728,77.5568697
1404766,Santhome,Swiggy Instamart,Gandhi Nagar,Tamil Nadu,13.029501,80.274895
1404837,Chetpet,Swiggy Instamart,Chennai,Tamil Nadu,13.072689,80.247868
1396660,BHARTIYA CITY,Swiggy Instamart,Bengaluru,Karnataka,13.088326,77.634172
1386813,MOGAPPAIR EAST,Swiggy Instamart,Chennai,Tamil Nadu,13.079643,80.183221
1391894,B N Reddy Nagar,Swiggy Instamart,Lal Bahadur Nagar,Telangana,17.327657,78.545482
1404664,Champapet,Swiggy Instamart,Gaddi Annaram,Telangana,17.34139,78.52842
1402256,Nacharam,Swiggy Instamart,Malkajgiri,Telangana,17.436472,78.553167
1393827,SATADAR NAGAR,Swiggy Instamart,Hyderabad,Telangana,17.468596,78.413518
1386094,Kothaguda,Swiggy Instamart,Hyderabad,Telangana,17.473188,78.363979
1404893,Nizampet village,Swiggy Instamart,Hyderabad,Telangana,17.517821,78.379188
1386717,Suchitra,Swiggy Instamart,Hyderabad,Telangana,17.513169,78.479014
1380670,VIJAYA NAGAR,Swiggy Instamart,Chennai,Tamil Nadu,13.078561149317206,80.14983553239489
1404826,MRK Rd Alwal,Swiggy Instamart,Hyderabad,Telangana,17.49971,78.510414
1385564,Kalyani Nagar,Swiggy Instamart,Pune,Maharashtra,18.551125,73.904483
1382710,Sayaji Hotel,Swiggy Instamart,Pune,Maharashtra,18.5950102635943,73.75890067942854
1113109,ANTOPEHILL,Swiggy Instamart,Mumbai,Maharashtra,19.0450204,72.8680399
1404645,Park Road,Swiggy Instamart,Mumbai,Maharashtra,19.105726,72.851463
1404751,Naupada,Swiggy Instamart,Mumbai,Maharashtra,19.184643136684866,72.96753174650286
1403051,Eksar,Swiggy Instamart,Mumbai,Maharashtra,19.236029,72.837357
1404771,Bethany Hospital,Swiggy Instamart,Mumbai,Maharashtra,19.218496,72.953194
1400554,Elymus,Swiggy Instamart,Dombivli,Maharashtra,19.20534188565675,73.11580543611855
1404681,Majiwada - MP,Swiggy Instamart,Mumbai,Maharashtra,19.215929,72.976555
1386450,GDA MARKET VAISHALI,Swiggy Instamart,Delhi/NCR,Uttar Pradesh,28.644719,77.352034
1386092,INFOPARK,Swiggy Instamart,Elur,Kerala,10.0075861,76.3544269
1398756,Nolambur Village,Swiggy Instamart,Chennai,Tamil Nadu,13.074728,80.168022
1404770,Sushant Lok Phase 1,Swiggy Instamart,Delhi/NCR,Haryana,28.462852,77.080444
1403020,MG Road,Swiggy Instamart,Bengaluru,Karnataka,12.973482,77.609406
1401110,Kalena Agrahara,Swiggy Instamart,Bengaluru,Karnataka,12.875824,77.591164
1400930,Adonai Church,Swiggy Instamart,Bengaluru,Karnataka,13.016234,77.650452
1404452,Kothanur,Swiggy Instamart,Bengaluru,Karnataka,13.057866,77.64852
1404591,Srinidhi Layout,Swiggy Instamart,Bengaluru,Karnataka,12.892978,77.574669
1404673,Hennur,Swiggy Instamart,Bengaluru,Karnataka,13.036905115313507,77.62797854232855
1403749,RPC Layout,Swiggy Instamart,Bengaluru,Karnataka,12.964695,77.533346
1404590,Koramangala 7th Block,Swiggy Instamart,Bengaluru,Karnataka,12.937196,77.614273
1400216,SNN Clermont,Swiggy Instamart,Bengaluru,Karnataka,13.04222,77.612453
cd810e0e-6373-4ae8-b18d-c040393a4191,CHN-Sholinganallur New,Zepto,Chennai,Tamilnadu,12.930555,80.232566
5c849951-0ba3-4878-9b29-eb2d3ef252eb,SUR-Majura Gate,Zepto,Surat,Gujarat,21.173552,72.823647
8a93c269-b281-4e2d-98b8-cce217827cd0,GZB-Shyam Park,Zepto,Delhi/NCR,Uttar Pradesh,28.680958153616587,77.34536166318739
1fc29afb-f9cf-4819-8af5-dc02edf25642,JLR-Jalandhar Heights,Zepto,Jalandhar,Punjab,31.2676632,75.5870526
8303b80f-8aea-4d15-9c54-ef1b3c12b6e5,HYD-BOLARUM,Zepto,Hyderabad,Telangana,17.5265278,78.5129444
973a6df0-7634-4291-be0d-cd48a816516b,MUM-Mahim,Zepto,Mumbai,Maharashtra,19.042160158844943,72.84312361106556
ae43241e-255b-4c36-8275-c775b91b4028,BLR-RAGHAVENDRA LAYOUT,Zepto,Bengaluru,Karnataka,12.8849293,77.5409494
ea7bcce0-6cbf-4a46-a731-3cc66449e073,NAG-Bhupesh Nagar,Zepto,Nagpur,Maharashtra,21.18091227,79.06012809
b9641f44-b385-4cbd-816e-6dceeff911b0,HYD-APCO Colony,Zepto,Hyderabad,Telangana,17.368778,78.576139
04c98d7c-c6bf-41f6-8d43-dc50e7c0edb1,FBD-Saini Mohalla,Zepto,Delhi/NCR,Haryana,28.3270814,77.3357423
ee6f8d8a-94dc-47c7-a4c5-7ea1efe3031b,CHN-ADYAR,Zepto,Chennai,Tamilnadu,13.00196700697597,80.2560087555934
c56338b2-6871-4193-b594-445cdb7706b3,JAI-Kankha Di Dhani,Zepto,Jaipur,Rajasthan,26.814305,75.763155
5dbd7e40-75db-452c-bd76-7dac3d7c0c0b,DEL - East of Kailash,Zepto,Delhi/NCR,Delhi,28.554289,77.243605
e65fe048-7b72-4698-8aac-03359d3171a3,BLR-Kasturinagar,Zepto,Bengaluru,Karnataka,13.0047881,77.6629972
9f128d50-def8-471b-bc47-b041d95b885a,NOD_SECTOR 63 NOIDA,Zepto,Delhi/NCR,Uttar Pradesh,28.618837,77.378237
4ab9ad5d-75ba-4cca-93cd-9f40062825c7,CHN-Thoraipakkam New,Zepto,Chennai,Tamilnadu,12.96051,80.2468
2a607d6c-27cf-4475-a804-e99a363919c4,LDH-Hargobind Nagar,Zepto,Ludhiana,Punjab,30.911503,75.868477
1a2ba310-07de-4a70-946c-b54f2a487646,BLR-Kadugodi,Zepto,Bengaluru,Karnataka,12.98612069,77.7450889
3422fce9-9587-44a5-8cff-8ee60c65617d,NOD-Sector 46 Network,Zepto,Delhi/NCR,Uttar Pradesh,28.556297,77.350386
c1490eb7-318a-4ee3-b14c-37e943e3b44a,LKO-Krishna Nagar,Zepto,Lucknow,Uttar Pradesh,26.794554,80.881897
7435fb66-e8cd-436b-9471-199862cc9fa1,CHN-Navalur Network,Zepto,Chennai,Tamilnadu,12.82142,80.20477
efe487f5-0138-496c-9360-ba76a80cd46f,CHN-KUMANANCHAVADI,Zepto,Chennai,Tamilnadu,13.04614,80.11744
c2279e92-0a29-4470-861e-28a8798e031f,Mum-Parel,Zepto,Mumbai,Maharashtra,18.99228241814113,72.84805584890945
97a88d32-5435-4ba1-b678-b881529ce97d,PUN-Bavdhan,Zepto,Pune,Maharashtra,18.5189577,73.76990496
0ea53a34-8b00-4f97-b9c1-9cab4eba4f40,GZB-MADHUBAN BAPUDHAM,Zepto,Delhi/NCR,Uttar Pradesh,28.698249,77.486097
0053a04d-aeb4-46b5-99fe-d740491e3843,BLR-Jakkur New,Zepto,Bengaluru,Karnataka,13.06662468,77.6092697
884a853d-1386-4114-a4eb-d60cc898406f,MUM-Shilphata,Zepto,Mumbai,Maharashtra,19.1499223,73.0439121
6c3a340a-8c23-4518-95ff-4e7aebe0ff6a,GGN-Sohna,Zepto,Delhi/NCR,Haryana,28.2523,77.0713
be1ccc2b-a9dd-4372-82da-e831188bcb55,IDR-Sahakar Nagar,Zepto,Indore,Madhya Pradesh,22.66749,75.81348
9c01eb65-1a76-4b02-985f-1eae1b8c2ca2,HYD-Alkapur township,Zepto,Hyderabad,Telangana,17.397111,78.36725
e8906fc6-3925-4713-bca4-3388408415d9,AHM-Nikol New,Zepto,Ahmedabad,Gujarat,23.044102,72.672668
2abca56f-4918-4aa7-b110-34068bd40d7e,MDU-SS Colony,Zepto,Madurai,Tamilnadu,9.914887,78.094715
65505923-68ad-4bd1-8258-cbff0d32e938,CHN-Puthagram,Zepto,Chennai,Tamilnadu,13.133006,80.192203
0f63c763-901b-4a64-8c53-da415735616b,CHN-Mahindra World City,Zepto,Chennai,Tamilnadu,12.730437,79.997378
7e7b4df8-a5a1-4acb-9aa4-b5ecf86a6f2b,DEL-SHAKTI NAGAR,Zepto,Delhi/NCR,Delhi,28.684013,77.196556
e92b6e46-2f9f-46b5-99ab-56d2db0a90a6,MUM-Taloja,Zepto,Mumbai,Maharashtra,19.070581,73.098137
2b28a8f0-7027-4c5b-8a0b-63c748e5e29d,NAG-Zingabai Takali,Zepto,Nagpur,Maharashtra,21.19269,79.07063
c05fc241-12e3-417b-aa15-a13ecfc60122,PAN-Sector 18 Huda,Zepto,Panipat,Haryana,29.43842,76.97276
4c79b92b-aa06-420e-8af9-c385a233be62,HYD-KONDAPUR NETWORK 2,Zepto,Hyderabad,Telangana,17.467594828983522,78.36751090823947
ecd420a4-fb9a-4d21-b002-fafa41a685ff,JAI-Jagatpura,Zepto,Jaipur,Rajasthan,26.803806,75.8729429
5678bc9a-0e9e-4d5e-a78c-4b418df692eb,BLR-Bannerghatta Network 2,Zepto,Bengaluru,Karnataka,12.86837,77.61872
cf384ecd-5e1f-47e9-9194-8e9dc940e8c3,BLR-JAYANAGAR New,Zepto,Bengaluru,Karnataka,12.941703,77.580188
84e7185d-375b-4386-ad42-ae55139e9e0f,MUM-Sainath Nagar,Zepto,Mumbai,Maharashtra,19.4209807,72.8187571
7d1a958f-c3c0-498d-ac4f-1482550f08d4,DED-Balliwala,Zepto,Dehradun,Uttarakhand,30.3294,78.01163
d2020a3b-0420-4886-8c55-3128f6a3f592,SUR-Adajan,Zepto,Surat,Gujarat,21.19389953,72.78632357
594e08e1-87d1-4502-9e92-182e895a6c0c,AHM-Paldi,Zepto,Ahmedabad,Gujarat,23.016747,72.566938
82dffafa-bf7f-4752-a0b2-561dc1349c4a,GGN-SECTOR 49,Zepto,Delhi/NCR,Haryana,28.410107,77.051341
83561210-ebc8-42d7-b63f-1cb5e3117b08,PUN-Pimple Saudagar Network-2,Zepto,Pune,Maharashtra,18.597253,73.765
c9b29da7-6062-41cf-9c31-ddd073e447ba,REW-Sector 4,Zepto,Rewari,Haryana,28.179775,76.628566
7a6201d1-93ae-4a45-bdb1-fbf73c1255a8,AMB-Arya Nagar,Zepto,Ambala,Haryana,30.337112,76.864876
27f14bc8-3989-446f-b877-52a87b4f39fb,CHN-Perumbakkam Network,Zepto,Chennai,Tamilnadu,12.877048,80.198829
5369c87b-f60c-40ad-a57d-8729da87e72f,HYD-Kapra,Zepto,Hyderabad,Telangana,17.48647,78.56183
d50a3a1a-4ab0-4a0e-b87d-e032776daff9,MUM-Kandivali West New,Zepto,Mumbai,Maharashtra,19.20472507,72.82723531
dd520c1a-80de-4060-9e8a-7b2156223efe,PUN-Katraj,Zepto,Pune,Maharashtra,18.44510808,73.88534402
553c9cfa-5a00-4b98-a1d5-152c813e12d2,KOL-Kestopur,Zepto,Kolkata,West Bengal,22.59477361,88.43478454
3b579acc-ff7e-4e12-8b96-8e144cff0aa7,MUM-Girgaon,Zepto,Mumbai,Maharashtra,18.957252469614385,72.81948612136898
261b9c45-eb5b-4398-be1c-909ccde6f629,DEL-ROHINI SECTOR 3,Zepto,Delhi/NCR,Delhi,28.697833,77.114542
5690bc28-515a-4020-96a6-1e33718b8fb3,AHM-Nirma University,Zepto,Ahmedabad,Gujarat,23.13125,72.55217
2132443f-a32b-487a-b774-ce86e7184578,PYJ-Kalindipuram,Zepto,Prayagraj,Uttar Pradesh,25.42617925,81.7849634
6e8bac7d-b774-43ae-9fba-3a2c9ce4637a,COI-Singanallur,Zepto,Coimbatore,Tamilnadu,11.004333,77.029363
53e2e572-473e-4948-a71f-02590a60f747,GGN-Sector-45,Zepto,Delhi/NCR,Haryana,28.44781985,77.06840927
8c5cc6a4-843f-4ace-a59d-4547a9ff9e8a,CHN-Manivakkam,Zepto,Chennai,Tamilnadu,12.890704,80.066877
94ec12c0-9fd4-45fe-aea4-1e41e70413fb,LDH-Rishi Nagar,Zepto,Ludhiana,Punjab,30.916811,75.805462
0bb92297-286f-45a2-8b94-40bb25c86e55,LKO-Gudamba,Zepto,Lucknow,Uttar Pradesh,26.92214909998486,80.97039589604312
adec0623-e83c-46cc-9eef-d33b4486d054,HYD-KOTHAPET New,Zepto,Hyderabad,Telangana,17.373297,78.543314
f503f309-0f93-4388-850f-1091f44232e0,CHN-Palavanthangal,Zepto,Chennai,Tamilnadu,12.990941,80.190823
a466fff3-62f1-4065-bfab-4ed019c39afc,HYD-Jeedimetla,Zepto,Hyderabad,Telangana,17.526245,78.428032
f44aaa81-4dd2-4f45-8695-57b7faa3e66e,LKO-Arjunganj,Zepto,Lucknow,Uttar Pradesh,26.80775,80.9962222
f2c5a570-9b33-4094-9b3b-614319c81f8e,NAG-Gokulpeth,Zepto,Nagpur,Maharashtra,21.1466389,79.0542934
d809f060-1074-46a3-b914-345f30df60b9,SPR-Sadar Thana,Zepto,Saharanpur,Uttar Pradesh,29.951775,77.550741
76763e89-ac03-4897-b7c4-f2569eb37f35,PUN-NIBM ROAD,Zepto,Pune,Maharashtra,18.46877195587373,73.90035155767262
edf1aca4-600d-45b6-b7f8-8d83157bb84f,MUM-WAGHLE ESTATE,Zepto,Mumbai,Maharashtra,19.19617470535646,72.94593366861521
0be324c2-79de-426d-8d78-24b4d50cd9b4,BEK-Mahanagar Colony,Zepto,Bareilly,Uttar Pradesh,28.39054323,79.45453077
1bbb2d45-ee2a-40b6-9f0b-c451b7960651,VAD-Gotri Road,Zepto,Vadodra,Gujarat,22.31624439,73.13118508
0da49a11-dc9d-46d6-aff6-c33d197f8992,HYD-Kothapet Network New,Zepto,Hyderabad,Telangana,17.3671867,78.5207456
2036c1f6-0885-407c-a607-6a237897ae33,JAI-Nirman Nagar,Zepto,Jaipur,Rajasthan,26.885461,75.749982
4e507e91-6be7-4f3c-8dfe-aaa051a6d0c8,BLR-ITPL Layout,Zepto,Bengaluru,Karnataka,12.96191262,77.71678497
2c5f4d5e-e4b5-40d2-9230-d35756cfd601,PUN-Bibewadi,Zepto,Pune,Maharashtra,18.470524,73.862885
6047c8fe-15ed-4c61-8d3e-060e800702f5,BLR - Bhadrappa Layout,Zepto,Bengaluru,Karnataka,13.04753257586126,77.57837342971322
ea69a325-0bcd-41d5-84cd-fb1863043812,MUM-Yashwant Nagar,Zepto,Mumbai,Maharashtra,19.452023,72.803967
19196ae9-a62a-4eee-a6c3-b6243c9b3f01,GGN-Sector 37,Zepto,Delhi/NCR,Haryana,28.455115,76.990607
4e9be954-763d-417a-94b5-04c7a7dc27d4,LKO-Aziz Nagar,Zepto,Lucknow,Uttar Pradesh,26.917683,80.937691
4b54927e-5c54-4564-8c9f-1e518e6488e3,DEL-Munirka,Zepto,Delhi/NCR,Delhi,28.556305,77.173222
3c4c217e-1efd-4915-ada7-22f94230bae6,BEL-Sector 12,Zepto,Belgavi,Karnataka,15.8796111,74.5268611
9cdc6807-1add-4e75-887d-8c8b32b7fc7e,HSS-Krishna Nagar Colony,Zepto,Hisar,Haryana,29.13709405,75.73790241
2607025a-3900-4f19-a9b9-d158be8b4858,DED-Dharampur Chowk,Zepto,Dehradun,Uttarakhand,30.301613,78.051037
97a25366-1a8e-4834-9d57-a976e76af3dc,MUM-Nalasopara,Zepto,Mumbai,Maharashtra,19.40993,72.83361
f9e3aef6-a8b9-4bb4-9177-a7ca316dfd71,MUM-Park Road,Zepto,Mumbai,Maharashtra,19.10068894,72.85325786
e3846f73-ac5c-4b6f-a467-946a66a6704c,UDR-Shobhagpura,Zepto,Udaipur,Rajasthan,24.600647,73.709322
14f1a8ec-192a-49d1-95fd-514b5e14f919,GGN-Sector 70 A,Zepto,Delhi/NCR,Haryana,28.38621,77.02198
4889c148-d24c-4837-888b-fbb7c0d86a91,SAS-Jubilee Junction,Zepto,SAS Nagar,Punjab,30.672933,76.727499
007c5273-56fd-4f81-a8e6-69d2e0db52b4,VAD-Karelibaug,Zepto,Vadodra,Gujarat,22.341301,73.20376
48ff71eb-60ab-412e-937c-cdef9b1d3a33,WGC-Kareemabad,Zepto,Warangal,Telangana,17.956337,79.600845
0f2d3f82-cf97-45e8-bd80-759fe5dfbf6c,BLR-Sarjapur-2,Zepto,Bengaluru,Karnataka,12.9026566,77.6613229
40382f4d-61eb-4e99-9a0f-201fd9926f40,BLR-BTM-2,Zepto,Bengaluru,Karnataka,12.9117795419901,77.6031987740639
684a75ae-c944-480c-a64f-76a1a9cfa393,MUM-Nehru Nagar,Zepto,Mumbai,Maharashtra,19.05860442,72.87954559
559d99e4-56b4-4659-9022-07abdf9329b2,PUN-Mhalunge Road,Zepto,Pune,Maharashtra,18.57223717,73.7537584
56b34f56-7705-43b0-8fee-64125becba91,KOL-Joka New,Zepto,Kolkata,West Bengal,22.44882397565557,88.3011469959512
0f8103ff-a85c-40ac-8658-ffecaa4fb853,CHN-Sivan Nagar,Zepto,Chennai,Tamilnadu,13.138587,80.288094
bcfaff62-217e-4fab-b8cd-a89d81ccfc4a,GGN-Ardee City NEW,Zepto,Delhi/NCR,Haryana,28.422124,77.090524
d4826474-66a7-4a03-98a6-950ae93a634d,NOD-Jalvayu Vihar,Zepto,Delhi/NCR,Uttar Pradesh,28.454972,77.519796
4bbfd2a7-633f-40bf-91e3-3cfdd08fd6cc,LKO-vijaya Khand,Zepto,Lucknow,Uttar Pradesh,26.86719,81.01611
443fffe1-024b-4c04-9b3a-eaf3af01c83d,CHN-Pammal Network 2,Zepto,Chennai,Tamilnadu,12.979998,80.13662
8851f149-0658-4c0f-9995-1fcf9ca5404b,NAG-Garoba Maidan,Zepto,Nagpur,Maharashtra,21.138921,79.125938
9ab4aaf2-f0b5-477c-b633-b3a555b0db42,MUM-CHEMBUR NEW,Zepto,Mumbai,Maharashtra,19.05033,72.9095
ed887f36-42af-4fcb-92b8-e626ff12058b,HYD-Kokapet,Zepto,Hyderabad,Telangana,17.383792,78.341412
4b7a4e49-97dc-4bab-a168-52fcc8711105,PUN-Kondhwa,Zepto,Pune,Maharashtra,18.470199,73.891835
1aeea608-4e80-48a1-9c8a-0d0ac28eb876,FBD-Sector-86,Zepto,Delhi/NCR,Haryana,28.411383,77.347755
99949ff5-2335-4704-bbdf-b8f86a90c811,BLR-RWF Yelahanka,Zepto,Bengaluru,Karnataka,13.106778,77.580361
56b257df-32c7-482f-9963-01ec865624c3,CHN-Medavakkam Network,Zepto,Chennai,Tamilnadu,12.9279,80.20017
a7a8db9f-5860-4635-9e4b-8b3aba6526e4,DEL-Sagarpur,Zepto,Delhi/NCR,Delhi,28.608631,77.098019
41b702ce-4302-4b24-8997-c9bd507d5ea7,DEL-Dwarka Sector 12 Network,Zepto,Delhi/NCR,Delhi,28.607881,77.033508
34774f44-f41c-4bde-993b-8e93684ff94f,BLR-Pipeline road new,Zepto,Bengaluru,Karnataka,13.04233,77.54778
fae50483-1e9b-491c-a62a-5e7216cb7f57,NOD-SECTOR 142 NETWORK,Zepto,Delhi/NCR,Uttar Pradesh,28.504493556668105,77.4144443958839
8ffc7380-5ace-4a2b-b8c9-f4e85364d14c,HYD-Bachupally New,Zepto,Hyderabad,Telangana,17.53993,78.3660868
e4a9d9d2-dcea-46bb-b683-83dda1e9e6d6,BLR-Shivaji nagar New,Zepto,Bengaluru,Karnataka,12.989395,77.609946
6500290b-eea8-460e-a447-14e27bbfe116,HYD-Shaikpet,Zepto,Hyderabad,Telangana,17.40972287,78.39461117
24161f96-e91b-451f-ae76-79a5c7469496,HOS-Hosur,Zepto,Hosur,Tamilnadu,12.72144,77.823116
ab5b8567-c808-4008-8793-b83489a3c6fa,MUM-Goregaon E Network New,Zepto,Mumbai,Maharashtra,19.179661,72.865097
ea49abf1-77df-4575-8022-fbcf9e25b3b4,BLR-JP Nagar New,Zepto,Bengaluru,Karnataka,12.894204,77.584495
fab4fc54-b957-4a4b-9e1b-eb5642c9e224,MUM- Lower Parel Network,Zepto,Mumbai,Maharashtra,19.01505491,72.83806561
36924e6d-5307-4b1e-af42-2143e748a664,NAS-Dasak,Zepto,Nashik,Maharashtra,19.978547,73.827885
ed394930-f138-4f33-a3dc-51910eb68f59,PAL-Kalpathy,Zepto,Palakkad,Kerala,10.7899323,76.6499911
dbd8cb1b-0dd8-476d-8c3c-0b2be12536b2,IDR-Navlakha,Zepto,Indore,Madhya Pradesh,22.695321,75.859981
044b3951-b27e-4dc4-b831-5698618b65d0,PAT-New Lal Bagh Colony,Zepto,Patiala,Punjab,30.320601,76.38423
960c0c9b-3602-42c5-bea7-b9f8a737e68f,MUM-Wadala New,Zepto,Mumbai,Maharashtra,19.03297391,72.87819379
20c47a85-2b47-41d8-a02f-8a9b34c8bb4b,LKO-Khera Para,Zepto,Lucknow,Uttar Pradesh,26.83282,80.85764
30cbdf99-c43b-4a4f-8754-7399625ce08c,MUM-Palghar,Zepto,Mumbai,Maharashtra,19.6928897,72.771077
bd54e57b-7052-4b6f-a52d-64f90447f943,NOD-Chi 5,Zepto,Delhi/NCR,Uttar Pradesh,28.42847,77.50791
4a23af0e-df8c-46c5-a68f-78fe1e0909f3,KOC-PALLURTHY,Zepto,Kochi,Kerala,9.931492,76.263654
1a13c8ef-91b4-462b-b27d-45451693f7a2,HYD-NIZAMPET NETWORK 2,Zepto,Hyderabad,Telangana,17.5056111,78.3914722
2aea52a3-d15a-4e0c-b97d-4670bd600eaf,MUM-Kamothe,Zepto,Mumbai,Maharashtra,19.02101767818052,73.1012720067633
da931d01-2519-4d80-89ae-9d74dbb71918,NAS-Indira Nagar,Zepto,Nashik,Maharashtra,19.97452111,73.78760208
cd6c08c9-56dc-4f63-8aee-c53fbd38927b,HYD-Chengicherla,Zepto,Hyderabad,Telangana,17.432703,78.597353
b2b682f4-7010-4945-b0bf-6e55df78f39d,HYD-JUBLEEHILLS,Zepto,Hyderabad,Telangana,17.424047,78.412773
8c84e7ae-6e94-48f2-b4c8-af6c199aef1b,HYD-Neknampur,Zepto,Hyderabad,Telangana,17.393,78.376462
74eedd8a-1705-46c3-8dd3-bbfcc0289ec3,KOC-Kalamassery,Zepto,Kochi,Kerala,10.037119,76.315822
1b66cb9f-a71a-4a96-896f-a420974a2b32,GGN-Sector 52,Zepto,Delhi/NCR,Haryana,28.435337,77.078114
c833cd5c-df44-42c9-865f-2035f4aa3c4e,JAI-Krishna Nagar,Zepto,Jaipur,Rajasthan,26.923404,75.730658
551d5b20-6c19-465c-aaf8-0624166cbf93,MUM-Borivali West,Zepto,Mumbai,Maharashtra,19.22356982,72.85172035
8988d40f-12d3-42d5-9a8e-243712f8e37f,MUM-Vikhroli East,Zepto,Mumbai,Maharashtra,19.12824417123806,72.93787759387904
07b1b3f7-203d-4d37-9297-1ea22235fe2c,JAI-Bani Park,Zepto,Jaipur,Rajasthan,26.933465,75.797009
d0e7fabd-57c5-4073-9c43-dc5bbdf3d8fd,DED-Kargi,Zepto,Dehradun,Uttarakhand,30.287845,78.028913
90f2f25e-b21f-4999-957f-a96a81f01dfb,GGN-SECTOR 39 NEW,Zepto,Delhi/NCR,Haryana,28.444382,77.05648
a44922a3-06b3-4840-959b-f3f0623c983e,MRT-Daurli,Zepto,Meerut,Uttar Pradesh,29.05499,77.70842
66343bcf-0c12-4c87-b3b8-5e582e518ca7,MUM-Vashi New,Zepto,Mumbai,Maharashtra,19.085756569679944,72.99873718935925
5dce0ecb-2c78-4578-92b8-b76780ec63bd,HYD-Begumpet Network,Zepto,Hyderabad,Telangana,17.44463251,78.46286575
4f1a8aec-600b-429b-81e8-c9ecebf9b5da,TAMBARAM,Zepto,Chennai,Tamilnadu,12.928668552771864,80.1154870844817
c221bd15-b6c3-407e-a195-7f714e91db4c,MUM-Seawoods,Zepto,Mumbai,Maharashtra,19.01166619373261,73.02365402389766
5ec071fd-78df-41f6-b3ae-7298d9f96a3d,BLR-Teachers colony,Zepto,Bengaluru,Karnataka,12.925095,77.637091
631ed664-2717-487d-9979-1e294b7a1b4e,BLR-Choodasandra,Zepto,Bengaluru,Karnataka,12.8821174,77.6733285
2a82431b-9c30-453e-a6b9-4dc586ae5e75,CHN-Govarthanagiri,Zepto,Chennai,Tamilnadu,13.098921,80.108276
30a65b0b-3941-4a5f-a0e4-8d0626b37c89,KNU-Barra,Zepto,Kanpur,Uttar Pradesh,26.436009,80.296192
fb0d381c-e38f-4bcc-a5f8-872e3e033e62,CHN-Velachery Network,Zepto,Chennai,Tamilnadu,12.97692,80.21513
93891814-819c-4e05-95a9-48ba1696f039,BLR-Hope Farm New,Zepto,Bengaluru,Karnataka,12.98416,77.767
18073c2e-7d0d-4096-b0e0-c8b5f7454446,HYD_MIYAPUR,Zepto,Hyderabad,Telangana,17.49290969105258,78.35278852664352
4db16931-a992-4b6a-805d-be5d594941ba,GGN-Sector 24 New,Zepto,Delhi/NCR,Haryana,28.49603,77.109233
9b74fd73-1753-4b1c-a6df-6b8d01bd168c,DED-Kulhan,Zepto,Dehradun,Uttarakhand,30.37233129558665,78.09883718469094
2e591664-44a8-491a-9add-0af20446f0cc,GGN-SECTOR 53,Zepto,Delhi/NCR,Haryana,28.44344,77.09568
17532e16-28d2-4271-bbac-c48b9b3f8dd1,KOL-Kamarhati,Zepto,Kolkata,West Bengal,22.67153941,88.37841808
ad87f09e-6b7e-40d4-99e7-2776aaf587a1,HYD-Ameenpur,Zepto,Hyderabad,Telangana,17.52584138,78.31925768
308d5afe-f44d-443b-ab47-5f6e43f3fcbd,VJW-HB Colony,Zepto,Vijayawada,Andhra Pradesh,16.532303,80.592049
93cd2e82-b141-41bc-91c5-2805396da43d,DEL-Sarita Vihar,Zepto,Delhi/NCR,Delhi,28.537425,77.296626
48018697-39cd-458a-a2dc-b6ac22e6b5c0,MUM-Tilak Nagar,Zepto,Mumbai,Maharashtra,19.06785932102084,72.89862229585934
75ce4477-9307-4db7-b750-a640a90e0e51,LKO-Manas Enclave,Zepto,Lucknow,Uttar Pradesh,26.902775,81.002369
e3b48c7c-765f-4ae8-a150-7d982b2d75d9,CHD-Manimajra,Zepto,Chandigarh,Chandigarh,30.71021,76.84246
d9b656fe-41ad-4645-9fad-af3bf1cf7d8f,DEL-Bagdola,Zepto,Delhi/NCR,Delhi,28.57344104,77.07253362
917d20a7-58e4-4574-95dd-dfe3513dd1b2,BLR-YESHWANTPUR,Zepto,Bengaluru,Karnataka,13.010808,77.540878
43dc610a-b80c-43e1-ac35-2d899d88795d,BLR-GUNJUR,Zepto,Bengaluru,Karnataka,12.9286633,77.7380822
d955c760-9c2f-4001-b7bd-24b8b4ce38b0,GZB-Sector 2,Zepto,Delhi/NCR,Uttar Pradesh,28.6813333,77.3598611
993f0320-ff43-4904-aca7-570e60b128bd,CHN-Mount Road,Zepto,Chennai,Tamilnadu,13.0810031,80.2562947
ac34d1f4-7a17-4238-8ee1-6472d277a1e9,MYQ-Bogadi,Zepto,Mysuru,Karnataka,12.29376,76.60272
0e3197dd-32d8-47f6-88ce-bf4e94bbd0f8,CHN-Madambakkam Network-2,Zepto,Chennai,Tamilnadu,12.89781,80.142832
62648dc2-e2ea-48d9-8d26-314169b943ac,SUR-Amroli,Zepto,Surat,Gujarat,21.24244118,72.85200981
a0cf8634-2b62-4ead-8cd7-5ee6c5d11192,MUM-GHATKOPAR WEST,Zepto,Mumbai,Maharashtra,19.086253298553697,72.90183329744956
1a96b304-c2cb-4a59-88cc-8e3496e1b525,KNU-Kidwai Nagar,Zepto,Kanpur,Uttar Pradesh,26.427685,80.321483
a704a05d-0f16-42da-a511-627c9f613d33,PYJ-New Katra,Zepto,Prayagraj,Uttar Pradesh,25.470258,81.855923
2d36aa4d-f410-4fd9-8b9b-cbfd02460e51,BLR-Hennur New,Zepto,Bengaluru,Karnataka,13.03859871,77.64591263
9a51d2b1-9708-4648-a294-0f5a5909cf5a,GGN-Sector66,Zepto,Delhi/NCR,Haryana,28.40211,77.059
72a5dc2f-b97c-406d-b3e4-090e99736baf,NAS-Balram Nagar,Zepto,Nashik,Maharashtra,20.020823599734488,73.83442736681803
95bc5024-3ef7-49b5-80a9-9c9df49638dc,HYD-Medipalli,Zepto,Hyderabad,Telangana,17.403365,78.592185
baa090fc-be13-4b34-87c5-2aea256fd4c4,GGN-Udyog Vihar New,Zepto,Delhi/NCR,Haryana,28.506127,77.069438
5116a0c5-42bc-487c-ac82-37af432606b0,MUM-KOPARKHAIRNE SECTOR 4A,Zepto,Mumbai,Maharashtra,19.109309,73.009048
b359ba27-8fe9-4c95-85f0-0939de00f5a4,KTU-Kunadi,Zepto,Kota,Rajasthan,25.2039,75.836
f4bba239-1eaa-447f-bca5-8ac8d536cec1,LKO-Golf City,Zepto,Lucknow,Uttar Pradesh,26.77888982,80.99924366
c2c05ffc-0eb1-4164-86cc-49cb1271d92a,DEL-KIRTI NAGAR,Zepto,Delhi/NCR,Delhi,28.654999,77.143668
f275b3c5-5538-46b4-940f-82d9358dba84,HYD-Kachiguda,Zepto,Hyderabad,Telangana,17.3948246,78.5003449
f0d7e6e8-969c-4cdb-8505-3fa1e55790b1,HYD-NALLAGANDLA NEW,Zepto,Hyderabad,Telangana,17.467098236083984,78.30860137939453
7e5a1821-59ed-4d8a-8431-a3705afb22d2,BLR-HSR Layout New,Zepto,Bengaluru,Karnataka,12.911832659657172,77.6439838767151
4ba4eee4-2869-4f08-8ba8-ccf06a2b4e3c,PUN-Pimple Nilakh,Zepto,Pune,Maharashtra,18.565983,73.7922303
dc47f38a-1d35-4144-a6b2-d1470a32faf3,BLR-Sanjaynagar,Zepto,Bengaluru,Karnataka,13.03273924,77.58054019
52278321-e20a-4a88-b24c-613fafa720e0,MUM-Ulhas Nagar,Zepto,Mumbai,Maharashtra,19.225634,73.165896
2d89c87c-884c-41c3-89bb-12f9dcddc03f,MUM-Kharghar New,Zepto,Mumbai,Maharashtra,19.039497699869628,73.0677381108301
b8f93707-6d8d-4c31-8b58-627f09ba83cf,MUM-MHB Colony,Zepto,Mumbai,Maharashtra,19.24075,72.8359167
0e027a98-e51d-488b-af9b-f81381bb9837,NOD-Sector 73 Network,Zepto,Delhi/NCR,Uttar Pradesh,28.583612,77.371656
ca648d74-89e2-415d-98d5-7ff5c233898c,HYD- Sainikpuri New,Zepto,Hyderabad,Telangana,17.50275679512329,78.54592262199633
7a85bcbe-fbfc-4ad8-be93-9da42c05a380,HYD-RC Puram New,Zepto,Hyderabad,Telangana,17.530935,78.296639
ae984dc5-d33f-49cd-914c-d95d51f9e0ca,MUM-Koparkhairne New,Zepto,Mumbai,Maharashtra,19.118582,72.992032
f7f23e4a-92a3-4b7a-b913-28df57301982,CHN-Irumbuliyur,Zepto,Chennai,Tamilnadu,12.912454,80.105023
ebc97fa4-aae3-4ece-9ce9-8025aa679e49,GGN- Hayatpur,Zepto,Delhi/NCR,Haryana,28.421887,76.934209
54c72546-0ffd-4491-b075-faadc90e4cb0,KNU-Lal Bangla,Zepto,Kanpur,Uttar Pradesh,26.422324,80.390759
2a3b1c03-c42a-484e-bdd9-bc853efd6fca,HYD-Kings colony,Zepto,Hyderabad,Telangana,17.3256389,78.4500278
e842cdf7-9206-4281-9724-f8ac8bf69cdc,CHN-Tirumudivakkam,Zepto,Chennai,Tamilnadu,12.968377,80.105767
7b2176ce-862d-4e58-9d5e-6373e729c2a6,SAS-Zirakpur Apple Heights,Zepto,SAS Nagar,Punjab,30.63755,76.81407
50928523-a4f4-42ad-8c57-e2eedf5f19cd,BLR-Vidyaranyapura,Zepto,Bengaluru,Karnataka,13.0695733,77.5589887
311ccac4-761e-4862-beeb-f41ba7e37bec,KOL-Birati,Zepto,Kolkata,West Bengal,22.6604,88.42924
fa4d495a-c01f-4132-9be3-89c4cf72dd7b,KAR-Ganesh Nagar,Zepto,Karimnagar,Telangana,18.42255036,79.13438491
96348a97-316b-4e61-963d-05f9827366de,GGN-Sector 51 New,Zepto,Delhi/NCR,Haryana,28.425944,77.065083
852818aa-dfa5-4943-b2b5-1cd51c26bdd5,DEL-Rajauri Garden Network,Zepto,Delhi/NCR,Delhi,28.653296,77.11833
7e376b5b-070a-4df3-9d78-125c12bb0745,MUM-Palava Phase 2,Zepto,Mumbai,Maharashtra,19.16409005784192,73.11630978163831
be8c29f7-cb07-48e2-8239-5df581ba541b,AHM-Tragad,Zepto,Ahmedabad,Gujarat,23.117458329980906,72.56342716643466
b38414a7-3fac-439c-a764-2133973bf49e,HYD-Bolaram Industrial Area,Zepto,Hyderabad,Telangana,17.529276,78.357285
f737581f-b7f3-450a-8cf7-f5fb6e6184a0,PUN-Dhanori,Zepto,Pune,Maharashtra,18.59958313,73.90875236
4be1c14d-98a6-42a7-aea9-488538abd03c,NAS-CIDCO,Zepto,Nashik,Maharashtra,19.982591139946347,73.76242753146478
354e4def-47bd-4c5c-bbff-e408cfc0de6c,PUN-Wadgaon Sheri,Zepto,Pune,Maharashtra,18.561199,73.914504
63e5a81f-f326-48df-8250-1f28417a8ebc,PNY-Lawspet,Zepto,Puducherry,Puducherry,11.953354,79.818137
5bbd5e39-81de-4d1a-9706-25cbe2cb58af,NAG-Raghuji Nagar,Zepto,Nagpur,Maharashtra,21.1285609,79.1046203
57fbfbc2-6ec0-4465-aff3-81e771faf303,DEL-PITAMPURA NEW,Zepto,Delhi/NCR,Delhi,28.690002,77.134438
5c59e348-7c63-47e6-92e8-ad748aa75242,NOD-SAKIPUR,Zepto,Delhi/NCR,Uttar Pradesh,28.497747172541715,77.52450425504158
809ea1fc-cf81-4257-b2b5-7d53a911cae0,CHD-Sector 17,Zepto,Chandigarh,Chandigarh,30.742671,76.787421
06031ad9-0300-4c0d-bc7d-cc16959c7467,DEV-Jayanagara,Zepto,Davanagere,Karnataka,14.44420255,75.9289551
e6020704-f789-4a3f-9f3a-1f289bcb343f,KOL-Topsia,Zepto,Kolkata,West Bengal,22.5388218,88.37665444
f0fa4a29-bff9-43fa-bbbf-8c843ce7b579,TUM-SS Puram,Zepto,Tumkuru,Karnataka,13.341513,77.103305
699290c8-7009-4704-82c7-e90e8ba1be3e,LDH-Pakhowal,Zepto,Ludhiana,Punjab,30.864435,75.80634
6fdc556b-2daf-480a-b272-b48c18e4460c,HYD-Hill County,Zepto,Hyderabad,Telangana,17.52218217,78.37476449
a98b17a7-c155-4e4e-8b87-bfb5ac1a44a2,HYD-Yosufguda,Zepto,Hyderabad,Telangana,17.43610093,78.4290556
4565fffb-f4fa-4808-91e1-31e69f6ac9df,HYD-Uppal Network,Zepto,Hyderabad,Telangana,17.4193227,78.5720739
a09f04ca-3c1d-4523-8606-386ce213a7ae,BLR-Kambipura,Zepto,Bengaluru,Karnataka,12.8872429,77.45868
2398d252-ec15-485b-bd2f-2b03432ea794,FBD-Sector 79,Zepto,Delhi/NCR,Haryana,28.389159,77.36254
6893b298-d63b-4c4f-b155-2e4a0ca502d5,HYD-Moosapet New,Zepto,Hyderabad,Telangana,17.45930686,78.42360236
885c5a49-6ecc-47fa-ac1e-87310b08de65,AHM-Thaltej,Zepto,Ahmedabad,Gujarat,23.046357348085174,72.5042132571951
db68a1c5-3c18-49d4-bd83-87b4f580fd45,DEL-East Of Kailash Network,Zepto,Delhi/NCR,Delhi,28.560985387886664,77.2518555255955
0a5e41a0-7252-43f6-9e8f-9a1e5d48ddd3,BLR-BASAVANAPURA,Zepto,Bengaluru,Karnataka,13.015649,77.70943
f69d994e-7d4d-4a5f-bc76-db7b26027ef0,DED-Badripur,Zepto,Dehradun,Uttarakhand,30.274212,78.060638
7cd6cb01-f62f-4c1a-8b2c-21c20b17526a,CHN-Ashok Nagar,Zepto,Chennai,Tamilnadu,13.03675374,80.19937905
819d4daf-ab7a-4291-be40-3070ebb46cec,HYD-ALWAL,Zepto,Hyderabad,Telangana,17.51427474100308,78.48976787865101
534be34c-5cc2-4882-b34a-ddb1ece9eaf1,CHN-Guduvancheri lake,Zepto,Chennai,Tamilnadu,12.85027205,80.05165254
5858e2d0-74e9-4250-bdca-c6949282438b,GGN-Sector 112,Zepto,Delhi/NCR,Haryana,28.512795,77.012309
40632fc7-b3f8-4ebc-b2e7-db803accef4e,GGN-Sector 79,Zepto,Delhi/NCR,Haryana,28.35374108955676,76.97115270953702
e791004e-f7d8-4a2b-9e05-ac0a95bd2706,BLR-Mathikere,Zepto,Bengaluru,Karnataka,13.0265,77.558028
2c224926-8b10-4295-9710-004f8e7b3880,CHD-Sector 34,Zepto,Chandigarh,Chandigarh,30.72215,76.76781
4094e2e2-e495-4375-843d-1376747202c5,CHN-CHITLAPAKKAM,Zepto,Chennai,Tamilnadu,12.927312,80.144457
d5da3809-1327-4050-b59b-43342ea74482,BLR-Doddakannelli,Zepto,Bengaluru,Karnataka,12.90605,77.697337
afc14c75-c874-46d8-9877-e66bfa0c7299,BLR-Kothnur New,Zepto,Bengaluru,Karnataka,12.870096566041893,77.5837238276831
ffb97d6d-e865-4bf7-a4e4-4b95ebc3b7d9,CHN-KK Nagar Network-2,Zepto,Chennai,Tamilnadu,13.0612,80.184319
83e33858-a13f-4c67-a016-07de0cce8043,HYD-Attapur,Zepto,Hyderabad,Telangana,17.365683144806347,78.42128093818215
1c6c1528-3f93-42f0-8640-66ba46e9dace,KOC-Vallathol Padi,Zepto,Kochi,Kerala,10.03746,76.341296
b2b8106d-74fa-4f6c-8edb-e491da91ddf1,HYD-Habsiguda,Zepto,Hyderabad,Telangana,17.399693,78.542595
aa0cbb4d-1d2d-4ec6-9ed9-bc998260760f,LKO-Eldeco,Zepto,Lucknow,Uttar Pradesh,26.75932713,80.951681
3f391c43-b41c-43e8-b378-34f272c6296c,HYD-Hitech City,Zepto,Hyderabad,Telangana,17.4317775,78.3734138
b4be4358-8c60-4b61-9d4c-0a2f44c1b2cc,LKO-Chowk,Zepto,Lucknow,Uttar Pradesh,26.867813,80.905173
f68f6daf-2bba-450e-9a05-082e29e9129d,PUN-HINJEWADI PHASE-1 NEW,Zepto,Pune,Maharashtra,18.58198863410696,73.74013889559649
455d4f27-20fa-488a-ab60-54cb113e4f26,JAI-Pratap Nagar,Zepto,Jaipur,Rajasthan,26.806125,75.83429
ab3bee45-6ef0-4dbe-bf5f-253d0817ceb5,KOL-DumDum,Zepto,Kolkata,West Bengal,22.627591952143923,88.42375018980698
84bf9085-f4e6-4c8c-9cf6-9876beafada3,AHM-Vastral,Zepto,Ahmedabad,Gujarat,22.992198163198875,72.65352630625945
9bfb7127-8a86-4de2-968a-e7cd9d1b8d51,GGN-Palam Vihar Network,Zepto,Delhi/NCR,Haryana,28.515994,77.038629
49e49285-a768-494f-9429-89a6cf673007,AGR-Jaipur House,Zepto,Agra,Uttar Pradesh,27.189279,77.984588
97acd88b-1a82-499b-acf1-c7e365eab5ce,BLR-Marathahalli 2,Zepto,Bengaluru,Karnataka,12.97467998024602,77.69700174228993
2d8ae8c3-c7c3-4826-8802-e386af7f5385,HYD-KONDAPUR NEW,Zepto,Hyderabad,Telangana,17.470378875732422,78.35928344726562
1db5fffc-4eca-4f44-8ba6-14c5c107e81f,NOD-Sector 73 NOIDA NEW,Zepto,Delhi/NCR,Uttar Pradesh,28.59071,77.381058
3a44ca1a-adde-4f8e-9e0c-613a98d348b7,BLR-BROOKEFIELD,Zepto,Bengaluru,Karnataka,12.98497,77.71066
accc8ada-86f9-48fe-9d7a-098000985bee,VLD-Abrama,Zepto,Valsad,Gujarat,20.59228369,72.94433162
e4bfd8b0-11a9-475c-b34e-a4c43cbafe65,AHM-Nandanbaug,Zepto,Ahmedabad,Gujarat,22.997339,72.467201
4de81c28-7ac9-4ad6-80e4-b812ed475261,DEL-Sultanpuri,Zepto,Delhi/NCR,Delhi,28.69593209268941,77.05831739607602
1df7d024-3938-424e-a351-0c61f146c944,LKO-Aliganj,Zepto,Lucknow,Uttar Pradesh,26.89829768,80.94414524
848af961-1a54-410e-b220-59a42507d39a,ATQ-Gumtala,Zepto,Amritsar,Punjab,31.6642465,74.8448465
e58fff62-7695-44c2-aba0-6bc96074bc64,BLR-Belathur,Zepto,Bengaluru,Karnataka,12.9996667,77.7464722
cf3c7b38-d1af-4f20-ba14-8f1386ea3c45,HYD-LB Nagar,Zepto,Hyderabad,Telangana,17.35207396,78.5543485
54358b29-1ad2-4c8c-a4cb-95af6d0eabc2,NOD-ETA II,Zepto,Delhi/NCR,Uttar Pradesh,28.499879,77.541621
3eced897-a793-4b9d-bc3b-1772a883d8af,NOD - Sector 117 Noida,Zepto,Delhi/NCR,Uttar Pradesh,28.575489,77.395161
90fc9dad-9c9d-4a35-8cda-ef07da7811ef,BLR-Avalahalli Main,Zepto,Bengaluru,Karnataka,12.946167,77.549333
8c0bdb95-9f6b-4cd1-bd88-c304f5fce8e2,CHN-AMBATTUR,Zepto,Chennai,Tamilnadu,13.118442356686533,80.15887434280786
f640034b-60ca-4426-8b7b-edcf408846ec,KOC-Edappally,Zepto,Kochi,Kerala,10.017925,76.28959
f48e88cb-0bbb-4ce1-9ce3-8005cc76c1e6,MUM-Worli,Zepto,Mumbai,Maharashtra,18.992952,72.82207664
da5125c1-14c6-4407-b8a3-7e2749ecbc51,DEL-Samaypur,Zepto,Delhi/NCR,Delhi,28.755682,77.148151
6fee31f5-1ec7-43e1-9d2f-1bc462d5fee9,IDR-Niranjanpur,Zepto,Indore,Madhya Pradesh,22.77507301,75.8955752
58c5b67d-32d8-494a-8451-a720173b6b8e,BLR-Kogilu Road,Zepto,Bengaluru,Karnataka,13.10307433,77.63013442
fe6fabb1-7063-4dba-b83a-6cb00e8a26e2,NOD-Panchsheel Greens,Zepto,Delhi/NCR,Uttar Pradesh,28.614677,77.455696
d096ba7c-7e56-41ec-adc1-8b71b0107da1,KAR-Sapthagiri Colony,Zepto,Karimnagar,Telangana,18.43315635,79.11304832
68c16fa4-b598-4f88-a656-a573186596c7,BLR-Abbigere,Zepto,Bengaluru,Karnataka,13.074063,77.519827
e09e8bac-2aad-4634-9d2c-d19833956f3a,GGN-Sector 86,Zepto,Delhi/NCR,Haryana,28.394882,76.933179
08d249a3-3f40-428b-8ec5-cd9beb33ed41,DEL-Nirman Vihar,Zepto,Delhi/NCR,Delhi,28.641917,77.28227
75946a5e-942e-4db1-9e7c-5fe2eb85088b,BLR-Brookfield Network,Zepto,Bengaluru,Karnataka,12.99616854,77.69103524
01084781-096d-4da8-bc1c-cd56769e8d87,KNU-Azad Nagar,Zepto,Kanpur,Uttar Pradesh,26.508984,80.294056
77acda94-75cc-4146-952c-813f5bd745dd,HYD-Banjara Hills new,Zepto,Hyderabad,Telangana,17.414844406474053,78.45113748124795
3072e208-7b9a-4821-a000-e121ba8a43fa,DEL-Khanpur,Zepto,Delhi/NCR,Delhi,28.500805,77.235137
2ed5a568-da07-4497-b5c7-29237e478a38,BLR-Margosa road,Zepto,Bengaluru,Karnataka,13.0059977,77.5695793
8eec86a7-817c-4719-b317-7e2118611b1e,MUM-MIRA ROAD NEW,Zepto,Mumbai,Maharashtra,19.28087098763743,72.87677472690024
b1403534-cd6b-49d0-a7cd-ce20e6497768,BLR-RICHMOND TOWN,Zepto,Bengaluru,Karnataka,12.966376175570629,77.60692111743604
3099e4ba-785d-4de5-81e1-f4a9f8707beb,HYD-Nallagandla 2,Zepto,Hyderabad,Telangana,17.45844099,78.30385401
d390ee2b-1c8f-4236-9c8b-b60173fd330a,MUM-Malad Network,Zepto,Mumbai,Maharashtra,19.18963269,72.83888913
4f8f3e7f-09f6-4bea-924e-c29764c91e48,NOD-Noida Extension,Zepto,Delhi/NCR,Uttar Pradesh,28.611330483028468,77.4464718972315
e94ce78f-6b7b-4c04-b125-d52e1669f97d,CSN-Nageshwarwadi,Zepto,Chatrapati Sambhaji Nagar,Maharashtra,19.884301,75.322868
06bc0cca-b09b-4c18-b6c5-8358f91c7201,DED-Subhash Nagar,Zepto,Dehradun,Uttarakhand,30.277167,77.989784
ebc8fa1c-02ba-4a0a-a544-0854ce8beead,SUR-Tadwadi,Zepto,Surat,Gujarat,21.2101866,72.7951279
fe7c8d05-02c0-4358-a794-1d5f862d74e8,MUM-Palava City,Zepto,Mumbai,Maharashtra,19.16382103163072,73.07617957680532
178dbe40-5ad9-4ddf-99ec-18192cb71db7,MUM-Airoli,Zepto,Mumbai,Maharashtra,19.16459082984763,72.99547915339458
44cd48b8-13b4-47a2-b689-11128d52c932,BWD-Milkapur,Zepto,Bhiwadi,Rajasthan,28.189369,76.819283
560c2c80-71e4-4cba-bfdc-a228a6174054,PNY-White Town,Zepto,Puducherry,Puducherry,11.9312412,79.8095272
0975536b-fda2-455c-89cd-c7d4b0149fd8,NAS-Panchvati,Zepto,Nashik,Maharashtra,20.0060692,73.80134884
5a9291a1-3743-44ad-9c10-9d458d5b6325,CHN-Navalur New,Zepto,Chennai,Tamilnadu,12.8433031,80.227891
5a1efe1d-fe99-4c6a-a79f-fe807d6ea14d,CHN-Nolambur,Zepto,Chennai,Tamilnadu,13.077016,80.168452
695b2cc3-3e79-4e8e-99dc-85ddfb90d256,NOD-Sector-10 New,Zepto,Delhi/NCR,Uttar Pradesh,28.59504615463995,77.33037885977807
8bbd3120-1502-4ab1-a042-10b6191176df,MDU-TVS Nagar,Zepto,Madurai,Tamilnadu,9.903672964,78.1014393
ed86e5ce-e9c9-489b-8371-b4c1543b8758,AHM-Jagatpur,Zepto,Ahmedabad,Gujarat,23.109884,72.55066
aed3e474-bd2f-4577-bd79-b74b53ce9e4e,HYD-Vinobha Nagar Colony,Zepto,Hyderabad,Telangana,17.4829801,78.5417257
5bc98314-fe7f-490b-a41c-cb478ab34dd9,GZB-Gyan Khand,Zepto,Delhi/NCR,Uttar Pradesh,28.643889,77.349417
6671859b-cb7c-4dc7-bba6-d6554b27b7b2,HYD-Chanchalguda,Zepto,Hyderabad,Telangana,17.366977,78.492063
8628a7a0-4fb1-4002-95d3-f5ab2061181f,DEL-JASOLA VIHAR,Zepto,Delhi/NCR,Delhi,28.54523037006522,77.29151914019407
2240913f-e14f-46cc-94e8-ff6f5c32ffab,BLR-Neo Town,Zepto,Bengaluru,Karnataka,12.81998463,77.66277018
5c85fffa-7130-43f2-9b34-0decc06beddc,BLR-Nagavara,Zepto,Bengaluru,Karnataka,13.038049,77.617309
8f1d26b5-d168-42b5-9aa2-fc76bbd55a9f,PUN-RAVET,Zepto,Pune,Maharashtra,18.64149294294968,73.75666901073262
b51017b6-8aed-4bff-a391-ba12ec8f9cee,CHN-Chromepet,Zepto,Chennai,Tamilnadu,12.944697,80.140698
f79f191f-80eb-430f-b855-448625ab2243,PAL-Pallipuram,Zepto,Palakkad,Kerala,10.77439,76.63836
0b45bb12-e3bd-415b-b298-ee97db10a222,MUM-Virar,Zepto,Mumbai,Maharashtra,19.46566,72.80345
10a970cf-668a-4633-9641-bd1e37fba249,MUM-Ulwe,Zepto,Mumbai,Maharashtra,18.96591558271774,73.02217593239014
d9c0b720-ce7d-4571-9df2-5d2069c2f8b4,NOD-JP Greens,Zepto,Delhi/NCR,Uttar Pradesh,28.4750833,77.5237222
5d8ec059-9f5f-4867-8520-b232a1ebde3d,DEL-Janta Market,Zepto,Delhi/NCR,Delhi,28.6409342,77.12115066
db4ee2ab-1f56-4e37-9969-3407620c48f5,PUN-Ambegaon,Zepto,Pune,Maharashtra,18.4485458,73.8363517
14dd523d-d177-479e-ad17-8d1185f3e185,MYQ-Kuvempu Nagar,Zepto,Mysuru,Karnataka,12.28111301,76.63026927
46582e95-02a7-4eb6-b80a-526a5e73c6ae,SAS-Jal Vayu Vihar,Zepto,SAS Nagar,Punjab,30.76165018,76.66594959
351f1ba8-e6e4-4f44-97bc-40f0a23568f2,HYD-Manikonda Network,Zepto,Hyderabad,Telangana,17.39326289,78.35983441
29d47abc-4861-444d-baf6-b32eb28f98a6,UDR-Fatehpura,Zepto,Udaipur,Rajasthan,24.600782,73.689251
abed156e-9d65-4438-86b9-5c5c4696cbb6,KNU-Yashoda Nagar,Zepto,Kanpur,Uttar Pradesh,26.4066389,80.3330556
5a8602ea-7595-466b-bb0d-8ab128a663e0,NOD-Sector 93,Zepto,Delhi/NCR,Uttar Pradesh,28.5207326770714,77.3852765423292
2cad2a10-1a07-4006-971e-6b305738e8e4,SUR-Bhimrad,Zepto,Surat,Gujarat,21.135340187662283,72.79504846696098
1794eede-9e42-4a9c-b132-0be5b0e4e4a4,NAS-Ganpati Nagar,Zepto,Nashik,Maharashtra,20.012346754929084,73.74804822786608
856b33b6-5cfb-4b67-8702-62b49fc5db26,BLR-Sompura,Zepto,Bengaluru,Karnataka,12.86423227,77.77015527
bd5c7fca-c35a-404c-a803-ce735acbeea5,MRT-Mangal Pandey Nagar,Zepto,Meerut,Uttar Pradesh,28.969224,77.735525
300a1056-ad32-430e-b5e4-41624b0494ed,BLR-Chamrajpet,Zepto,Bengaluru,Karnataka,12.960098,77.559489
73731b71-1ef1-403c-b1e0-e214f7c78b20,MRT-Defence Colony,Zepto,Meerut,Uttar Pradesh,29.011046,77.749799
ba537e2f-5d2b-460c-8e18-adedaea3a91f,BLR-CV Raman Nagar Network-2,Zepto,Bengaluru,Karnataka,12.96657501,77.67172065
4d3f28cf-646c-49cb-833b-0dbce82498d5,KOL-Bhawanipore New,Zepto,Kolkata,West Bengal,22.5287374,88.3518097
250d0a67-ee4b-4cdd-ac75-0c5e65c25ee9,MUM-Marol Network,Zepto,Mumbai,Maharashtra,19.11564642,72.88302819
936f8969-5c1b-4ebc-976b-ee4324c0accb,HYD-Singapore Town Ship,Zepto,Hyderabad,Telangana,17.436627,78.643496
2b293e1e-3e46-4377-aa87-b860c58730c9,HYD-MEHDIPATNAM Network 1,Zepto,Hyderabad,Telangana,17.404861,78.407028
8e706906-0373-4de9-b9f7-cbfcc5ab2bca,CHN-KK Nagar Network New,Zepto,Chennai,Tamilnadu,13.034808,80.169856
ba4957a9-6519-443e-9919-8c71440d61dc,PUN-Wagholi,Zepto,Pune,Maharashtra,18.5851025,73.9912603
a25f2e2f-5336-4195-93f1-a7cd6d1be9d1,CHN-Kelambakkam Network,Zepto,Chennai,Tamilnadu,12.807574,80.22292
9e330266-5ce4-4408-af82-5614f2b3b001,HAR-Haripur Kalan,Zepto,Haridwar,Uttarakhand,29.99499278,78.19115354
b1f236d6-edfd-47eb-a6fe-dd5bbca86e4d,JAI-Adarsh Nagar,Zepto,Jaipur,Rajasthan,26.907474,75.830045
5c012bfa-7eab-4aa6-9285-60683ed3107c,GZB-VAISHALI,Zepto,Delhi/NCR,Uttar Pradesh,28.646249,77.334833
b85a5165-14eb-433e-b1c9-bcc435f89d26,NOD-Bahlopur,Zepto,Delhi/NCR,Uttar Pradesh,28.611323,77.397793
13ffc117-24d6-4854-a53e-a51d7330973e,HYD-MADHAPUR NETWORK,Zepto,Hyderabad,Telangana,17.4514128,78.3901131
0fbf57e9-75ca-499b-94d5-479f33b564ea,CHN-Maraimalai Nagar,Zepto,Chennai,Tamilnadu,12.788993,80.020219
596b77f1-86e7-4246-ad37-f87897a9779a,PUN_KOREGAON PARK,Zepto,Pune,Maharashtra,18.533569049069985,73.88536765814126
561f9537-1e81-4654-a9e0-6144a15caa90,WGC-Girmajipet,Zepto,Warangal,Telangana,17.9919722,79.5936389
61d4ef22-b293-4f2b-a1ef-faa0f49c4322,IDR-Tilak Nagar,Zepto,Indore,Madhya Pradesh,22.71828807,75.89388135
55b244f4-1068-4dfc-be57-0aee061bc311,HYD-Santosh Nagar,Zepto,Hyderabad,Telangana,17.355972,78.503853
5c0e30fc-969b-4051-a30a-e9e5be4affdd,BLR-Nikoo Home New,Zepto,Bengaluru,Karnataka,13.079770738761654,77.64375553773301
c8f9f22d-b083-4eb1-894d-47b4daeeb2b5,CHN-Saidapet,Zepto,Chennai,Tamilnadu,13.023149,80.226517
21217c69-8530-4f00-9366-e96ab493bfe8,SUR-City Light,Zepto,Surat,Gujarat,21.170115,72.780632
f9e3fcb4-fe52-4901-b9d8-f8817d8f9045,HYD-KPHB Phase 6,Zepto,Hyderabad,Telangana,17.4854021,78.3895281
cc72f206-e146-43c5-a01b-56ddc8d11464,MUM-SANTACRUZ,Zepto,Mumbai,Maharashtra,19.086709685493343,72.8361652951062
a06b81f7-ce53-499c-bcd0-768ec804abae,KAR-Vavilalapally,Zepto,Karimnagar,Telangana,18.45129845,79.1203944
3516f4f6-dec8-4e36-abb0-77f26d0f4a16,PUN-LIG Colony,Zepto,Pune,Maharashtra,18.664297,73.768168
eae819e6-830f-4bc1-95ef-514cab9dbdbd,CHN-Mogappair Network,Zepto,Chennai,Tamilnadu,13.10177749030884,80.19337758822826
751c003c-bbe4-453d-ae3d-404380528149,Powai,Zepto,Mumbai,Maharashtra,19.1183474,72.9050423
01c75445-012e-4df6-b075-6856318038cc,CHN-Ayanavaram,Zepto,Chennai,Tamilnadu,13.095466,80.233032
5cad640b-fe79-43bb-aac2-849733defb55,DEL-Krishna Market,Zepto,Delhi/NCR,Delhi,28.5756389,77.2426667
266fb1d0-6495-4f65-9bcd-f03b54724799,DEL-Kalkaji Network,Zepto,Delhi/NCR,Delhi,28.52276,77.261513
fe4a16ca-6c7c-4f1a-88a7-fecda52d8057,PUN-PIMPLE SAUDAGAR,Zepto,Pune,Maharashtra,18.6039,73.791804
b5c0eebd-0709-4d34-9530-d4540f4db62f,DEL-Vijay Vihar Phase 2,Zepto,Delhi/NCR,Delhi,28.707438540041867,77.1009929175267
9d0db896-5c44-4fcb-9cdb-b88d01aed7e1,NOD-Beta 1,Zepto,Delhi/NCR,Uttar Pradesh,28.483608,77.506043
96e97213-52da-4e71-a1c3-b3a95e2edf43,SAS-Sector 127,Zepto,SAS Nagar,Punjab,30.72846,76.649391
ae16b84f-5364-4a24-86b7-d42d13891838,GOP-Gorakhnath,Zepto,Gorakhpur,Uttar Pradesh,26.7845556,83.3572778
2fd0f3ca-d788-41bc-be14-a18850bf78cc,BLR-Kasavanahalli,Zepto,Bengaluru,Karnataka,12.899348,77.678337
e9c206f4-5e36-40ea-9d34-071b0c016be3,HYD-BAIRAMALGUDA,Zepto,Hyderabad,Telangana,17.33527595,78.55255546
adff0588-4405-4d2c-ba0f-059a9e563839,JLR-Tower Enclave,Zepto,Jalandhar,Punjab,31.29591,75.55938
f39c8468-8ad4-41c4-b159-1b0d9a2d0a6f,GTR-Lalapet,Zepto,Guntur,Andhra Pradesh,16.29852268,80.45298144
fdc84bec-ec86-4b5d-b18b-84daca52c609,MUM-Ambernath,Zepto,Mumbai,Maharashtra,19.199237313907336,73.19936989586273
b0caee9f-aa50-45bf-92bb-b533d55b50a0,LKO-IIM,Zepto,Lucknow,Uttar Pradesh,26.931493,80.907628
b54c01f1-4f46-47d6-a3e7-bd040d3e8548,MUM-New Balaji Nagar,Zepto,Mumbai,Maharashtra,19.208603,73.196536
3c87aea3-d63e-4765-bf86-2fd7a8c1ebff,CHN-Santosh Nagar,Zepto,Chennai,Tamilnadu,12.911353,80.182789
73b0c599-728d-4642-a0e3-1e5b68836327,DEL-South Extension New,Zepto,Delhi/NCR,Delhi,28.573257,77.228054
102af115-4cad-419f-9bd5-567159eefc5c,MUM-DOMBIVALI (W) Network 1,Zepto,Mumbai,Maharashtra,19.202021856200744,73.10257090827216
4b085c97-667a-4149-ade7-d61c8a7fa42f,BLR-Kalyan Nagar Network,Zepto,Bengaluru,Karnataka,13.01482,77.62778
44cc43cf-500a-44a1-967f-36164e30d124,MUM-Kalyan East,Zepto,Mumbai,Maharashtra,19.222392943715807,73.1218402991264
3dbc1d3e-adfe-47b7-92f8-511a7007b9b7,NOD-Vaidpura,Zepto,Delhi/NCR,Uttar Pradesh,28.571107,77.486582
456f820f-097c-49b2-8b2b-8f9dc11addd3,VJW-Sanath Nagar,Zepto,Vijayawada,Andhra Pradesh,16.4883889,80.6724444
fec59a85-00e2-4551-a354-869500f18e23,MUM-Vashi Network 2,Zepto,Mumbai,Maharashtra,19.079023145549385,73.0156047372779
5f97e876-bbea-4c00-8df2-2005db7db8dc,BLR-Challakere,Zepto,Bengaluru,Karnataka,13.02629,77.64364
5a365997-32ca-4016-a42c-7108b5701d65,BLR-Ullal,Zepto,Bengaluru,Karnataka,12.958532,77.479896
06f57b41-596b-4486-b641-46d309fc4262,NOD-Gulistanpur,Zepto,Delhi/NCR,Uttar Pradesh,28.521839,77.530144
961f1f02-65c5-403a-a32f-edaf705eadfd,GZB-Loni Road,Zepto,Delhi/NCR,Uttar Pradesh,28.680484,77.379311
e5eedfad-51fc-488d-9061-f56ebaed8440,VAD-Panchvati,Zepto,Vadodra,Gujarat,22.3321412,73.14433546
0c865653-8eac-4a33-900c-d2ed7f3c0477,DEL-MAYUR VIHAR,Zepto,Delhi/NCR,Delhi,28.6088517,77.2936104
aa16c37d-46a9-4e32-84b3-0e2401bd196f,CHN-Anna Nagar Network,Zepto,Chennai,Tamilnadu,13.077160707507687,80.20862053507403
471b6b1b-6289-47bf-ac72-a61684f86181,VJW-Durgapuram,Zepto,Vijayawada,Andhra Pradesh,16.520896,80.637548
37abf3a3-594f-4498-97df-be8059e950d4,AHM-Sola,Zepto,Ahmedabad,Gujarat,23.0794562,72.5073023
9e3001c8-62f6-4305-87fc-7280c8028beb,MYQ-Mahadevpura,Zepto,Mysuru,Karnataka,12.265086,76.636803
0c0d1420-27e4-46b9-84d5-b7337e19154a,HYD-NCB Enclave,Zepto,Hyderabad,Telangana,17.4644585227638,78.3456015932205
c4ae2b4d-5005-4d2e-869a-f340fd7e595b,NOD-Sector 46 Network-2,Zepto,Delhi/NCR,Uttar Pradesh,28.53746907242446,77.36489075901586
34404f78-ff38-402a-a367-29b31e477ca3,BLR-Goraguntepalya,Zepto,Bengaluru,Karnataka,13.02475,77.537306
9b1181f5-a8d1-4009-ad89-e1a9696a4cfb,MUM-Chandivali,Zepto,Mumbai,Maharashtra,19.113939,72.89901
225cd095-2106-490a-81c8-de5faa97ac65,GGN - SUN CITY,Zepto,Delhi/NCR,Haryana,28.425148,77.105662
9e82a26c-9e78-4ea5-93a7-b0b077538621,CHD-Sector 26,Zepto,Chandigarh,Chandigarh,30.7245407,76.8063765
dc8d6b1b-1d01-46bd-809c-606fca125ab1,DEL-Model Town Network,Zepto,Delhi/NCR,Delhi,28.704421,77.195459
52e787a0-2b5c-4184-8ba9-437d1d3408d8,LKO-Tedhi Pulia,Zepto,Lucknow,Uttar Pradesh,26.8995,80.966841
743eb98c-c506-4a2c-b9d4-ee218bb5b202,MUM-Parel Network 2,Zepto,Mumbai,Maharashtra,18.963986,72.840103
92a53fbb-3e34-4c74-9362-faff5a5cf154,BLR-Ramamurthy Nagar Network,Zepto,Bengaluru,Karnataka,13.01813845,77.6597251
fabff813-eb3d-499a-8f9d-691ab28251fc,NOD-SECTOR 135,Zepto,Delhi/NCR,Uttar Pradesh,28.5024757,77.3901675
4ef0ca3e-626a-4770-8efe-9eda4c147b0b,AHM-Motera,Zepto,Ahmedabad,Gujarat,23.11021444742525,72.60519543707521
7fbf2dd5-101c-4f92-802d-728264804add,CHN-KKNAGAR NEW,Zepto,Chennai,Tamilnadu,13.0452296,80.1932739
81822dd8-20a3-4da0-b460-671c9d1f6d27,MUM-Malabar Hill,Zepto,Mumbai,Maharashtra,18.95189265820192,72.79484351852422
50ec3eef-df88-4e0d-94d3-2e120efa7655,HBL-Keshwapura,Zepto,Hubballi,Karnataka,15.360006551884732,75.14823066598052
77f731b8-a268-437a-b89c-7356dda3e298,KUR-Sector 17,Zepto,Kurukshetra,Haryana,29.965591,76.840957
7de4838b-ae7c-44d0-bf24-fb2040666654,BLR-INDIRANAGAR NEW,Zepto,Bengaluru,Karnataka,12.962298,77.645909
3f1d2280-a5ff-48c0-a1fa-470988df7803,BLR-Agrahara Road,Zepto,Bengaluru,Karnataka,12.931722,77.682389
0ee686e2-fe05-4ea1-9740-46835a298b6b,NOD-Bisrakh Sector 1,Zepto,Delhi/NCR,Uttar Pradesh,28.563075,77.4483112
e28ae9bc-cda0-445f-a13a-a2ebe0260fef,BEK-Janakpuri,Zepto,Bareilly,Uttar Pradesh,28.375635,79.421319
05c5bd1a-d9b2-4ea3-848c-d8ae96b1d04a,DEL-RAJOURI GARDEN NEW,Zepto,Delhi/NCR,Delhi,28.642622024719767,77.10423886866187
b099eada-6069-4faf-91fb-8faa600884c3,MUM-Boisar,Zepto,Mumbai,Maharashtra,19.7945851,72.753159
20e1fb39-8704-49ca-8bf1-6de8f4040084,MEH-Hub Town,Zepto,Mehsana,Gujarat,23.592901,72.381096
e0277dfe-53d9-484f-9d68-2356bcffa5f8,MYQ-Hudco,Zepto,Mysuru,Karnataka,12.34215604,76.64499428
cb822812-1d29-440c-8759-b33d31f78248,PUN-Balewadi,Zepto,Pune,Maharashtra,18.581723,73.767667
3a15115a-c99e-4421-bfcc-5b97a2716da5,PUN-Kharadi Network-3,Zepto,Pune,Maharashtra,18.56396746334238,73.95438124467181
02e94766-b296-4233-b2ec-4989686163ec,COI-Ramnathapuram,Zepto,Coimbatore,Tamilnadu,10.995934,77.002709
ffa16021-e499-4c0b-80b1-aabca4b46cfd,SUR-Sarthana,Zepto,Surat,Gujarat,21.23775161,72.91002749
ac3f4c36-1bc5-4305-b093-f3100f7877ed,BEL-Khanapur Road,Zepto,Belgavi,Karnataka,15.8347758,74.50261744
22cd61da-18f7-490b-9394-24abc3780214,CHN-Mylapore Network-2,Zepto,Chennai,Tamilnadu,13.0568179,80.2584586
5400933d-3c5d-4015-a767-daed27781a0d,BLR- Sonnenahalli New,Zepto,Bengaluru,Karnataka,12.961701188648863,77.49901481825137
d54cc989-bc58-4cb9-9c2e-3a3468546c3f,HYD-PRAGATHI NAGAR,Zepto,Hyderabad,Telangana,17.53127614,78.39400556
8b5992ad-b397-4fdb-be52-0d780c7cc501,KNU-Shastri Nagar,Zepto,Kanpur,Uttar Pradesh,26.46220406,80.29723625
ead42923-cfd0-4a7d-bb71-b879631773f1,DEL-ANAND VIHAR,Zepto,Delhi/NCR,Delhi,28.648976,77.302663
7644b7fa-98d0-4bdd-a093-965dac5a807b,PUN-Dighi,Zepto,Pune,Maharashtra,18.61789848,73.85725457
96a968d7-aca7-4b78-9302-ef72fbb1cc57,DEL-Mahipalpur,Zepto,Delhi/NCR,Delhi,28.544371,77.128642
3ed41d5c-5bb0-4ea9-b041-4d40c2b1f963,NOD-Sector 4,Zepto,Delhi/NCR,Uttar Pradesh,28.58336104,77.31994863
23a32270-0c20-470b-bff3-fb21ab1ad02e,KOL-Mahish Bathan,Zepto,Kolkata,West Bengal,22.572546601542346,88.45761351374573
83f44cd9-3310-40dc-9ccb-e3ed8c988fd7,CSN-Satara Parisar,Zepto,Chatrapati Sambhaji Nagar,Maharashtra,19.85253868,75.31630228
2916f784-3ab0-4749-896b-702f58275041,GOP-Avas vikas Colony,Zepto,Gorakhpur,Uttar Pradesh,26.722849,83.434282
1e32417a-1c1c-4f1c-972e-9852a27904d0,CHN-Mogappair New,Zepto,Chennai,Tamilnadu,13.078271,80.180817
dd73c1bc-4757-4993-896b-cc949247ba76,PUN-Laxmi Chowk,Zepto,Pune,Maharashtra,18.59941717230431,73.73563016019001
3732acbe-d428-40f6-9d42-0a11976d0207,VNS-Sarnath,Zepto,Varanasi,Uttar Pradesh,25.36075,83.0186111
c970d888-4dd3-4658-bb86-07830d78296c,HYD-Domalguda,Zepto,Hyderabad,Telangana,17.4074167,78.4824722
8f4404df-c3e2-4a76-9e9c-ade81e757c3e,FBD- Sector-16,Zepto,Delhi/NCR,Haryana,28.412155,77.314736
68072b30-73d7-493c-8d6f-a61998fba1d8,PNK-Sector 20,Zepto,Panchkula,Haryana,30.669965167876665,76.86020635185898
4942530d-03e3-44f5-ba28-30c05c238e24,COI-Sai baba colony,Zepto,Coimbatore,Tamilnadu,11.033708,76.948121
6de9aaa0-268d-44a5-8e39-aa2130d5354a,KOL-Kamalgachi,Zepto,Kolkata,West Bengal,22.441372241242,88.3931993093092
4a511ca9-e290-426b-8e0a-942d3f309896,SAS-Gillco Park hills,Zepto,SAS Nagar,Punjab,30.728968134859524,76.67361885380483
839c4631-7b88-4c92-b55f-fe1fd4a12303,CHN-VGM Street,Zepto,Chennai,Tamilnadu,13.053661,80.24532
08c4b285-4a72-4fe8-b25d-6d4b24982703,GZB-Pratap Vihar,Zepto,Delhi/NCR,Uttar Pradesh,28.655726,77.4010239
bc299560-8f6b-43ba-b146-879f3594ea7e,NAS-Rane Nagar,Zepto,Nashik,Maharashtra,19.96040875,73.771445
35225fcb-30cc-4ab8-939b-a0a5e0887285,AHM-New North Bopal,Zepto,Ahmedabad,Gujarat,23.034127,72.472844
fb48fc60-af3a-421b-9cce-928e2c0cb95f,FBD-Sector-21,Zepto,Delhi/NCR,Haryana,28.420583,77.287403
72b84119-233b-4472-9e3c-651bd462d16f,LKO-Eldeco Udyan 2,Zepto,Lucknow,Uttar Pradesh,26.759374,80.932982
291264cf-55b8-4ae3-93b2-cb23fd795054,MUM-Panvel New,Zepto,Mumbai,Maharashtra,18.99893579254381,73.11147995473613
5f5e8200-1796-4df9-9da6-3c80b0e3c6ce,MUM-Bhandup New,Zepto,Mumbai,Maharashtra,19.1614372,72.9367809
085097a9-564c-45fe-98d8-23d7fd268328,JAI-Indira Gandhi Nagar,Zepto,Jaipur,Rajasthan,26.83972367,75.87101554
4d6a1ca0-2dde-48ae-9524-d0a2bf803f7c,MUM-Runwal Garden,Zepto,Mumbai,Maharashtra,19.1885767,73.0941626
cb64eb92-03c1-452a-b98d-2582d7818f74,GGN-Nathupur,Zepto,Delhi/NCR,Haryana,28.487138,77.099425
411fefdc-6597-4e1e-ad2c-1cd7cdeadb5a,MYQ-Rajendra Nagar,Zepto,Mysuru,Karnataka,12.326933,76.661029
bfbe7463-5e2b-4358-9899-2dd0f8a631dd,JLR-JP Nagar Road,Zepto,Jalandhar,Punjab,31.330721,75.563309
7ed513e4-0a4c-453d-9446-7ab609bafdbf,HYD-Charminar,Zepto,Hyderabad,Telangana,17.362577,78.463435
fe32a518-baf9-4645-9232-f3db7f77c5db,PUN-KHARADI New,Zepto,Pune,Maharashtra,18.550326,73.94403395
266f0f16-dcf8-4ab0-bbfb-2860b57c3c9b,BLR-BHADRAPPA LAYOUT NETWORK,Zepto,Bengaluru,Karnataka,13.05902074,77.58133229
7ecd44a0-e376-4404-ba72-0210469bce81,BLR-Banashankari New,Zepto,Bengaluru,Karnataka,12.938726,77.539149
04b8b5aa-15dd-49f9-ada0-df4d94f119a4,PUN-Viman Nagar New,Zepto,Pune,Maharashtra,18.56769,73.90771
f2e8316d-0937-4104-bae3-a24d608bb09c,DEL-Rohini Sector 23,Zepto,Delhi/NCR,Delhi,28.7225398547508,77.08796346722174
eeea2403-3a6e-49b7-874b-3d8743ef3cd8,BLR-Bannerghatta Network,Zepto,Bengaluru,Karnataka,12.865913287820057,77.59627360901976
a16e98dd-a208-4aa2-9627-69eef07e8d69,BLR-Malagala,Zepto,Bengaluru,Karnataka,12.97812065,77.51643345
aff88637-57fd-492a-91a6-52c08d65b44b,CHN-Nandambakam New,Zepto,Chennai,Tamilnadu,13.020427,80.202178
1cd83478-5874-45ea-8d9a-d2ac95d461e3,HYD-Manikonda New,Zepto,Hyderabad,Telangana,17.40248658,78.38178394
dbce85ee-e3de-44b6-994d-72bc38c63389,GGN-Manesar,Zepto,Delhi/NCR,Haryana,28.361335,76.949587
c42a2c0f-9fd7-4843-8b42-7c71b32be093,LKO-Vikas Khand,Zepto,Lucknow,Uttar Pradesh,26.85219707,80.9995068
31a7478c-9eed-4599-881a-9616df850bfe,NAG-Besa,Zepto,Nagpur,Maharashtra,21.084562,79.103836
d3b1134c-67ad-483b-ae21-de0d090cd4df,HYD-Bairaghiguda,Zepto,Hyderabad,Telangana,17.3570581,78.3854925
57d17930-01e0-4657-a792-57a1b7edf762,MUM-Badlapur East,Zepto,Mumbai,Maharashtra,19.155345,73.23874
3a9d3627-e56b-4584-ab9f-ed78e1903ed4,GZB-Krishna Vihar,Zepto,Delhi/NCR,Uttar Pradesh,28.72237,77.32201
34420157-825b-4822-acc8-9f20ae822fe3,DEL-Dilshad Garden New,Zepto,Delhi/NCR,Delhi,28.677253,77.308197
e4a1792d-8ffa-4015-a415-e91fe2f01493,JAI-Hawasadak,Zepto,Jaipur,Rajasthan,26.891841,75.770729
416b9549-1413-435d-b08b-1d150131f6cd,BLR-Electronic City Network-2,Zepto,Bengaluru,Karnataka,12.85202043,77.65224877
d605b9c6-d32b-4771-a7db-87c450a5f34c,CHN-Ambattur Network,Zepto,Chennai,Tamilnadu,13.126177,80.148302
9c668882-09c3-4d40-8a71-de5200ded97e,ATQ-Sandhu Colony,Zepto,Amritsar,Punjab,31.62767,74.80861
30dc951d-cd0e-4703-9f84-583ef7de1794,KOL-Baisakhi,Zepto,Kolkata,West Bengal,22.598938,88.423108
5ca7734d-e625-4328-8588-a4a102966b36,HYD-Hitech City Network,Zepto,Hyderabad,Telangana,17.44529653,78.35592404
58c8d052-7d22-4240-a853-91638fbc3736,BLR-BEML Layout,Zepto,Bengaluru,Karnataka,12.91703243,77.49891252
cd3f5394-9700-484e-97d7-7d68e3a620af,GZB-Sahibabad New,Zepto,Delhi/NCR,Uttar Pradesh,28.66749031,77.33111451
3c0de1fa-d7b5-4cef-b867-cad33562463c,VAD-Harni,Zepto,Vadodra,Gujarat,22.313686979935497,73.2380834097607
cbb87b63-9d7e-44bc-a5e5-38972f48f45e,CHN-ECR,Zepto,Chennai,Tamilnadu,12.936704815201308,80.25222145767073
1edbc6f5-f8dd-4dd0-9555-a8a5d90dd2d7,DEL-ROHINI Sector 15,Zepto,Delhi/NCR,Delhi,28.731067,77.133079
8f97a712-462e-4382-a597-32da737f7260,HYD-Gudimalkapur,Zepto,Hyderabad,Telangana,17.3828056,78.43375
9a06ad35-7abd-4a32-bb2d-ae5a46fb3620,BLR-Bagalur,Zepto,Bengaluru,Karnataka,13.12263575,77.62344754
70587079-1b46-4f4e-85fa-e84acebcd919,BLR-Dooravani Nagar,Zepto,Bengaluru,Karnataka,13.01020348,77.66771313
7bd58b6d-6d2d-4056-8d6e-830f6d9f6e09,LDH-Urban Estate,Zepto,Ludhiana,Punjab,30.866365,75.843149
71e632bb-df6a-45e2-9fa2-08fa0f5cdbe9,AHM-Vraj Vihar 3,Zepto,Ahmedabad,Gujarat,23.01690221833235,72.51887676865417
6db09732-73a0-424c-b528-1778ad7ba7e5,CHN-PERAMBUR NEW,Zepto,Chennai,Tamilnadu,13.11858136085829,80.2283102393704
6e46b50c-08d0-49c8-a89a-4d29ce4ed370,AHM-Shantigram,Zepto,Ahmedabad,Gujarat,23.15029700515664,72.54099093167065
24419582-74c5-42eb-b56b-2ae54181e752,FBD-Ballabgarh,Zepto,Delhi/NCR,Haryana,28.347248,77.336472
d4183ad0-d407-4321-89ff-c1ee36a05553,HYD-PJR Layout,Zepto,Hyderabad,Telangana,17.507607,78.336183
b91aec1b-7f2b-45a0-b047-bf7750d4d193,MDU-Villapuram,Zepto,Madurai,Tamilnadu,9.896385,78.118977
56c431da-a864-4121-be49-15e003139701,DEL-ROHINI Sector 15 Network,Zepto,Delhi/NCR,Delhi,28.743214,77.123118
45ad8335-4678-452f-bd65-ac17a60e54c7,PAL-TKV Nagar,Zepto,Palakkad,Kerala,10.771389,76.671293
700d1509-0a10-4ca8-87b9-f8c3e612fb5c,HYD-Gundlapochampally,Zepto,Hyderabad,Telangana,17.5660556,78.4802222
146ab60b-09e2-4856-8aa2-2f7c1a6977e6,LDH-Jamalpur,Zepto,Ludhiana,Punjab,30.9023575,75.9106893
ebad4c79-770a-495f-88bf-6d99b2acc4e8,HYD-Kavuri Hills,Zepto,Hyderabad,Telangana,17.4396869,78.3964842
662012a6-9b5c-4471-8051-f83675b0d84c,Mum-Bhandup network,Zepto,Mumbai,Maharashtra,19.1453923,72.932539
bb713aac-cd12-4b4d-9026-704e3deaaac3,HYD-MEHDIPATNAM,Zepto,Hyderabad,Telangana,17.394537,78.426308
aa4c6307-c5ae-46c8-8c4d-9750b2bf193f,GZB-Indirapuram Network-4,Zepto,Delhi/NCR,Uttar Pradesh,28.658135,77.377902
252ed3f4-d99b-4793-951e-ae673cb9ebbf,PUN-Magarpatta New,Zepto,Pune,Maharashtra,18.51127658,73.94451072
ac3b884c-75d1-48a6-b477-0a0782cf19b4,DEL-Najafgarh,Zepto,Delhi/NCR,Delhi,28.6119975,76.9890681
cf7f18ae-84f3-429a-a19d-f35f08e97c58,MUM-Bhayendarpada,Zepto,Mumbai,Maharashtra,19.27645289501628,72.95811157114244
b463b5a9-6661-4ee9-b58b-03b285ac536e,FBD-NIT 2,Zepto,Delhi/NCR,Haryana,28.4040795,77.2994235
edbcfecc-a753-4fc8-ab8a-eb7b7d3dfbd7,PUN-HINJEWADI PHASE 3,Zepto,Pune,Maharashtra,18.58575838,73.68435608
4778fa3d-0494-484a-b488-e2b40088ddd7,BLR-Vijay Nagar Network,Zepto,Bengaluru,Karnataka,12.960476,77.519569
a711add6-8a26-4dde-b204-d68ea1e9386a,HYD-Mallapur,Zepto,Hyderabad,Telangana,17.441291,78.563521
0af692ee-167f-4903-bf7c-959643e47899,KOL-NEW TOWN,Zepto,Kolkata,West Bengal,22.582489,88.46281
52917883-e475-4632-9fa3-9c99ba0f4b78,MUM-Nerul,Zepto,Mumbai,Maharashtra,19.0342751864124,73.0290366887755
1b997590-99e0-4da0-96a6-4eeeaf13ca2e,HYD-Sumitra Nagar Colony,Zepto,Hyderabad,Telangana,17.48913882,78.41357257
c647bfb4-1b5a-433d-ba29-0c75c2da883e,BLR-Kannika Nagar,Zepto,Bengaluru,Karnataka,12.79803706,77.66311187
51e91140-ab27-4854-959e-b8e0b9b50b3b,KNL-Vikas Colony,Zepto,Karnal,Haryana,29.668816,77.008948
d613f8a4-718e-44e8-b3a3-cad4d092bfe2,KOL-Haridevpur,Zepto,Kolkata,West Bengal,22.4658468,88.3356827
e7cfb807-6977-42cb-90de-2a3a2527d6c3,SUR-Yamuna Nagar,Zepto,Surat,Gujarat,21.18644,72.85862
06629b33-6f9f-4e0d-a919-bacd9c88661c,HYD-ECIL New,Zepto,Hyderabad,Telangana,17.46219887,78.56375634
2bf9f3ff-7b68-4ac5-a814-1059b71840cf,SAS-Kharar,Zepto,SAS Nagar,Punjab,30.7658333,76.6255556
3fdf2ec3-0ac0-4e8d-a7f0-e184ef12fbe6,BLR-SHIVAJI NAGAR Network,Zepto,Bengaluru,Karnataka,13.002645579349275,77.59946145767019
e85e67f1-ab37-4e67-be93-1a2d5ab95185,GZB-Loni,Zepto,Delhi/NCR,Uttar Pradesh,28.74279,77.28761
01e98a7e-46d7-48f1-bbcd-8e864116e992,DEL-Vasant Kunj 2,Zepto,Delhi/NCR,Delhi,28.514304,77.164948
fccfee31-fe80-4c19-bde6-986f2e01cd84,BLR-RR Nagar Network,Zepto,Bengaluru,Karnataka,12.9031547,77.51191762
760bb995-e9d4-4372-8a03-6d34c08cec8d,GGN-Sector 66 Network,Zepto,Delhi/NCR,Haryana,28.394653,77.073013
63a0ab1c-b753-47cb-83a6-5362d31f5d17,LKO-Jankipuram,Zepto,Lucknow,Uttar Pradesh,26.931303,80.943974
d5350a6a-f6d4-454f-9c53-205dfefec328,PUN-Kharadi Network-2,Zepto,Pune,Maharashtra,18.533524,73.9423298
689c5ff8-e8ad-4289-a5a5-4b48c0e31114,VNS-BHU,Zepto,Varanasi,Uttar Pradesh,25.282241,82.996338
285e3359-d42c-4b88-9edb-35550d7f3b41,KOL-Motinagar,Zepto,Kolkata,West Bengal,22.6342218,88.4599105
08562d04-1972-4d6f-819c-4111321529e6,DEL-Rajapuri,Zepto,Delhi/NCR,Delhi,28.603142,77.057077
6d1f09eb-28f1-48b4-86c8-bcfa246c70fa,KOC-Infopark,Zepto,Kochi,Kerala,10.015076,76.356353
7e586f3d-8e30-4859-8851-4476b8a965f4,DEL-RK PURAM,Zepto,Delhi/NCR,Delhi,28.567889,77.189055
e1befcff-e3d0-4fce-929c-50b9b6ae296f,DEL-Kalyan Vihar,Zepto,Delhi/NCR,Delhi,28.687703,77.195064
1ac44aad-7c9b-46ca-9df0-d0908355de55,BLR-Singapura,Zepto,Bengaluru,Karnataka,13.090409,77.53952
fd647cf6-e1e8-417e-b2ce-e3f9cb4fbb4f,GGN-Palam Vihar,Zepto,Delhi/NCR,Haryana,28.503209,77.031636
ada60f46-a0a6-4737-9ed4-614f58c1b6ed,HYD- BEGUMPET,Zepto,Hyderabad,Telangana,17.435793,78.483413
eb94a416-fd5b-4c8d-a9c2-a5d93a3069d9,NOD-Sector 149,Zepto,Delhi/NCR,Uttar Pradesh,28.435224,77.479131
656bef79-0f91-45cd-9f93-8fedf1a932ce,DEL-Kirti Nagar Network-2,Zepto,Delhi/NCR,Delhi,28.6618098,77.1528689
f625ba3c-a01b-4fb4-992e-18498a745538,SAS-Friends Enclave,Zepto,SAS Nagar,Punjab,30.633292,76.825098
7fda3ccf-78cb-4aa8-a910-b1046fd0baf0,MUM-Charkop,Zepto,Mumbai,Maharashtra,19.209924280617624,72.82369506593042
226297cf-9bae-4e84-9aa6-294d8ef080a3,NOD-Sector 49,Zepto,Delhi/NCR,Uttar Pradesh,28.561056,77.366484
5afbd13c-b8be-4b40-a643-b0322e48117e,HYD-Sai Nagar Colony,Zepto,Hyderabad,Telangana,17.514847,78.28822
29f978f1-5bc3-4358-a811-4b817ebebfcb,HYD-Mallampet,Zepto,Hyderabad,Telangana,17.5585283,78.3612617
b8aed0f4-59e0-4387-825d-406800150b71,DEL-Shahdara,Zepto,Delhi/NCR,Delhi,28.689378,77.273315
2450ecfc-98bd-4179-adc1-067f7f73d984,HBL-Gokul Road,Zepto,Hubballi,Karnataka,15.3508889,75.1094444
51c21317-e191-44cc-8af2-9a25f9146b8c,MUM-WAGHBIL NEW,Zepto,Mumbai,Maharashtra,19.249464668378334,72.97454663690698
1abad930-6541-4216-afbe-fa376cf5bc72,PYJ-Jhunsi,Zepto,Prayagraj,Uttar Pradesh,25.420596,81.923845
7f29c0fa-d7a3-4171-8b8b-36f9df214049,HYD-Malkajgiri,Zepto,Hyderabad,Telangana,17.4687763,78.545844
3ad99f22-61be-4afe-8f58-d2958dae7f39,CHN-Velachery New,Zepto,Chennai,Tamilnadu,12.988306,80.203389
50cf7835-361c-4c3f-822a-9fc9be0d2d33,MUM-Mulund East,Zepto,Mumbai,Maharashtra,19.165236883355483,72.96329865457429
5ee3f39d-3d7b-44b2-bbeb-b17e8457dc4e,DEL-Chattarpur Enclave,Zepto,Delhi/NCR,Delhi,28.5017175,77.1858712
22c1e59e-db0c-4fc4-b5f0-82b6c33ff15f,KOL-Amarpalli,Zepto,Kolkata,West Bengal,22.61564934,88.41176398
36cd2c76-4ad6-4cb7-8ee2-beebba1d15ad,HYD-Manikonda Network 2,Zepto,Hyderabad,Telangana,17.41368,78.377369
425e3ad2-0f08-4dbb-b90b-c892dc41be83,FBD-Sector 10 New,Zepto,Delhi/NCR,Haryana,28.375138,77.327767
d4185d5e-735d-441d-99bb-1ed22f277e6d,SAS-Peer Muchalla,Zepto,SAS Nagar,Punjab,30.658766,76.856497
3d277bf6-7a5f-498a-a956-56fd8ab9ef82,FBD- NIT,Zepto,Delhi/NCR,Haryana,28.3858894,77.2895509
562cb7b1-abca-43e3-a6c9-051c96f50712,LKO-Dubagga,Zepto,Lucknow,Uttar Pradesh,26.87342849,80.8695171
5e770e6a-d0c6-4c35-b3b3-090a9d1f157b,JLR-BMC Chowk,Zepto,Jalandhar,Punjab,31.316497,75.591066
2c911eaa-a276-47bc-92d8-447d166f2dfa,MUM-MAJIWADA,Zepto,Mumbai,Maharashtra,19.220213,72.986282
6272824c-8e49-42e1-a31d-19f76894bf74,KNU-Awas Vikas,Zepto,Kanpur,Uttar Pradesh,26.48942044,80.25380283
89c66d8a-45f7-48b3-adc9-9271cb4684f6,DED-Majra,Zepto,Dehradun,Uttarakhand,30.300604,78.001368
4ba5f414-34e0-442c-938e-ef76fc9804bf,DEL-KIRTI NAGAR NETWORK,Zepto,Delhi/NCR,Delhi,28.639074325561523,77.1297836303711
84f9975d-cc19-4d21-aa76-43e3aab9779a,DEL-Kalkaji New,Zepto,Delhi/NCR,Delhi,28.5449,77.2623
48a75423-507c-4e6d-8eaa-603c77f48b05,GGN-Sector 12 Network-2,Zepto,Delhi/NCR,Haryana,28.45482,77.03863
9cc80a80-f39d-4da4-9ce6-14fad42e470e,KOL-Nazirabad,Zepto,Kolkata,West Bengal,22.512722,88.417444
42d58798-26cc-429a-aea6-92dbbecae776,DEL-Mayapuri,Zepto,Delhi/NCR,Delhi,28.624069,77.118918
836c17f0-d2b2-4ec1-9a02-5365d6cac742,RAJ-Madhapur,Zepto,Rajkot,Gujarat,22.318789,70.768574
a0e51d17-0a52-4222-a1ff-777b700e5b30,SAS-Derabassi,Zepto,SAS Nagar,Punjab,30.58709,76.847152
c2e46a52-b65f-4fbe-8332-06856db49e25,GGN-Sector 10A,Zepto,Delhi/NCR,Haryana,28.44296713318302,77.0106543537185
7000d78e-6700-49e6-94ac-b4caa221a0f1,BLR-Kengeri,Zepto,Bengaluru,Karnataka,12.923553872226716,77.49306732451488
53aeab86-e3e6-4183-bc51-da47cf967c24,PUN-Nimbalkar Nagar,Zepto,Pune,Maharashtra,18.61247389428616,73.91337568792511
ca7b9f78-e53b-480a-8e1b-11ebd8cde4e2,PUN-Amanora,Zepto,Pune,Maharashtra,18.52101836,73.93595721
5e8d4098-c224-4159-b6a3-6f6086e5ba96,CHN-TNAGAR NEW,Zepto,Chennai,Tamilnadu,13.041139,80.238083
1c31b7f9-1213-49ea-8346-4879856906a4,GGN-Sector 27 new,Zepto,Delhi/NCR,Haryana,28.46331087447503,77.09432046322249
8275a3ee-3b08-4201-9be3-6e12aed69ea9,HYD-HimayatNagar New,Zepto,Hyderabad,Telangana,17.39430829,78.48648504
ddd350df-f43c-408e-9d70-03fbf4417600,UDR-Pooja Nagar,Zepto,Udaipur,Rajasthan,24.562284,73.718927
2809502a-1c2c-4305-9b1d-f00d75bf65c3,GGN-Sushant Lok,Zepto,Delhi/NCR,Haryana,28.45309149,77.08238304
6a871d62-f77e-41ca-bd6e-b9754de4a90b,FBD-Greenfield,Zepto,Delhi/NCR,Haryana,28.461109,77.28316
9aeff763-d5ea-4f7e-a2fd-a4b6e9e9e8eb,CHN-Kolathur,Zepto,Chennai,Tamilnadu,13.13736551,80.21756962
eac97b88-bf27-4af5-95ed-15d85d8236c8,BLR-Dasarahalli,Zepto,Bengaluru,Karnataka,13.051424,77.607561
133688fc-cadd-4750-bb5f-f595c5eca821,JAI-Vidhya Nagar,Zepto,Jaipur,Rajasthan,26.958593,75.778522
dc25c005-8cd2-4be9-ae80-3cf6e5b80481,PYJ-Naini,Zepto,Prayagraj,Uttar Pradesh,25.390997,81.877741
13d9641e-8c4f-4bca-b2e9-a1f6ceaa55dd,MUM-Marol Network-2,Zepto,Mumbai,Maharashtra,19.110294,72.8867926
6f08827d-5bea-4c32-8bea-ba8a34ae7ed9,BLR-Yallapa Garden,Zepto,Bengaluru,Karnataka,12.983662,77.5487921
68e86539-d883-4fc2-b735-0ab599643721,PUN-Nanded City,Zepto,Pune,Maharashtra,18.45723905108116,73.7871816953419
9a0f103e-1350-4c05-9e96-e01e02e758e6,CHN-Anakaputhur,Zepto,Chennai,Tamilnadu,12.98489397,80.12837788
c30df9f0-06c1-4d33-97ff-10ed99190a4d,BLR-Yelahanka Network,Zepto,Bengaluru,Karnataka,13.13749897,77.56327961
a935152c-9baa-46c1-b2ac-37701a227a19,KOL-Lake Gardens,Zepto,Kolkata,West Bengal,22.5080718,88.3535269
796c71f3-568e-4d6d-8767-87285ad4f23a,BLR-BTM Layout Network-3,Zepto,Bengaluru,Karnataka,12.92504226,77.61740928
fee654ba-4ae4-4295-89f0-fbd9116eb24a,PYJ-Govindpur,Zepto,Prayagraj,Uttar Pradesh,25.491823,81.874504
c48dd700-4314-4cc1-bffa-e1344e0298dc,BLR-HEBBAL NEW,Zepto,Bengaluru,Karnataka,13.0324086,77.61231342
69a4936b-bb91-4e5a-b524-41ec759d4aa7,JLR-Bhagat Singh Colony,Zepto,Jalandhar,Punjab,31.35917,75.56608
042b55a7-bfcf-46e8-8cc2-56ba2b4dc7cf,BLR-Nagondanahalli,Zepto,Bengaluru,Karnataka,12.97486139,77.7718582
63e388dc-b10f-48eb-9ee5-4f680d5b8824,HYD-Secunderabad Network,Zepto,Hyderabad,Telangana,17.4494167,78.5314167
2a87c5ee-1495-4e8f-a259-f1246ab1f2d2,NAG-Vaishali Nagar,Zepto,Nagpur,Maharashtra,21.17214,79.11649
0e6cd72b-6e91-42a7-88cc-3412100ee5ad,NAG-Khamla,Zepto,Nagpur,Maharashtra,21.109161,79.062457
da285a58-89f2-448e-b5d7-dddce15e9bba,DEL-Malviya Nagar Network,Zepto,Delhi/NCR,Delhi,28.537299,77.207585
dd246eef-6cb6-4358-b455-9b46c1c444ca,KOL- Rickjoni,Zepto,Kolkata,West Bengal,22.626859,88.480723
91dee9e7-b93c-466c-b024-9406fce0d693,HPR-Ganga Nagar,Zepto,HAPUR,Uttar Pradesh,28.732108352864817,77.77527896724162
1105d3fb-0556-4f7e-bd83-416274e9924a,AHM-South Bopal,Zepto,Ahmedabad,Gujarat,23.018280457877065,72.466329471448
2f8b56d8-3d1a-4dd3-ad94-2fc67df39b4f,LKO-Rajendra Nagar,Zepto,Lucknow,Uttar Pradesh,26.846269,80.903521
7cc8853d-4ba2-4537-808d-95a7adfcf500,CHENNAI-MYLAPORE,Zepto,Chennai,Tamilnadu,13.03872,80.25241
64ad2a25-3ff0-4a5a-b168-6b1593e38467,RAJ-Mavdi,Zepto,Rajkot,Gujarat,22.255898,70.783322
50be453c-91e9-4a62-913c-3d6add84eb57,Marol,Zepto,Mumbai,Maharashtra,19.108816146850582,72.88048553466797
e4cb21ce-7d08-43cf-af28-bf84bac6e094,HYD-MUSHEERABAD NEW,Zepto,Hyderabad,Telangana,17.421277,78.499561
aa443b4b-bf3b-499c-a846-bf5196d444ae,DEL-Vikaspuri,Zepto,Delhi/NCR,Delhi,28.638731,77.070444
5d205066-36a5-4929-982a-7571c60f876b,GGN-Sector 69 New,Zepto,Delhi/NCR,Haryana,28.39477383424041,77.03515905894716
315e9d84-2c4a-45b2-88fb-f6733794efba,PUN-Kharadi Network,Zepto,Pune,Maharashtra,18.54711,73.931427
4db672ad-efd4-44f3-bd91-300233162d1c,JAI-Patrika Gate,Zepto,Jaipur,Rajasthan,26.8508893,75.8035401
da5b2eac-c339-43fa-a59b-b153f2603b9c,KOL-Uniworld City,Zepto,Kolkata,West Bengal,22.56084721703983,88.50849541144582
9afa54f1-78a4-4ce7-a632-be8e99531cb0,MUM-BORIVALI,Zepto,Mumbai,Maharashtra,19.25385620563272,72.86191728375213
4954030c-39da-4fc6-8e33-c880095cc345,DEL-Jangpura,Zepto,Delhi/NCR,Delhi,28.5774712,77.2598391
2e2bb69c-1bee-4ae1-b0ad-5d74128d8ebf,CHN-Mudichur Network,Zepto,Chennai,Tamilnadu,12.920139,80.090598
ab94c840-ae17-491f-95b5-b32bf84ca808,MUM-Jogeshwari East,Zepto,Mumbai,Maharashtra,19.1363314,72.8500343
2e7ec440-fd1b-441e-90ee-9c8611648bb6,MUM-Bhandup Network-2,Zepto,Mumbai,Maharashtra,19.17103330161974,72.94283679735065
51105160-a1d9-4c13-a33b-42f59c0ab7d1,HYD-Indis Pble City,Zepto,Hyderabad,Telangana,17.35383641,78.36980127
3583fadc-1d44-42ff-b09d-68d09b0aec89,MUM-Nalasopara West,Zepto,Mumbai,Maharashtra,19.422692,72.807379
75c44b6e-b7eb-4590-85db-6d5e51907bbf,IDR-Chandan Nagar,Zepto,Indore,Madhya Pradesh,22.705659,75.829245
1712e422-5717-4540-88ff-b22ef46f4963,HYD-TARNAKA,Zepto,Hyderabad,Telangana,17.433454,78.555628
cf175154-9362-4fe8-af7a-8b88d60b978f,LKO-Ashraf Vihar Colony,Zepto,Lucknow,Uttar Pradesh,26.8674984,81.036498
80b12cfb-d607-43e3-bf17-6b2f8c854e40,MUM-Kalyan,Zepto,Mumbai,Maharashtra,19.25380721444408,73.13864694447147
ad2daf79-44db-459d-9a45-d7807b5b37a2,DEL-Rohini Sector 21,Zepto,Delhi/NCR,Delhi,28.71142,77.06297
7ace5e2b-b072-4daf-978c-4577484a363d,GZB- Harson,Zepto,Delhi/NCR,Uttar Pradesh,28.677582,77.475938
56fa4f30-c992-4e19-9e84-c5ce28862207,MYQ-Vani villas,Zepto,Mysuru,Karnataka,12.32007342,76.60644075
6e5b43c7-af2f-4b55-af47-72c69fb22bf9,GZB-Sanjay Nagar,Zepto,Delhi/NCR,Uttar Pradesh,28.694916,77.454758
5c720bb8-ef8e-45c7-a249-be01de180a15,AHM-New Ranip,Zepto,Ahmedabad,Gujarat,23.0881521,72.56212356
f3aab636-1e25-4da4-b9f4-e8a1ccde5b4a,BLR-RAGHAVENDRA LAYOUT NETWORK,Zepto,Bengaluru,Karnataka,12.8845944,77.55881835
2522b064-b9af-4967-9c41-2bfffe8786d3,DEL-WAZIRPUR,Zepto,Delhi/NCR,Delhi,28.7022786,77.1674819
ba2cb65a-11fb-4ee4-be80-c0c185b55185,AHM-Gandhinagar,Zepto,Ahmedabad,Gujarat,23.18456130179678,72.63125414300609
292b8fc9-b6f3-43c3-a2a0-349f135c6e8a,MUM-Dahanu,Zepto,Mumbai,Maharashtra,19.98673503,72.74211373
9eebbbc9-3fb9-45c1-ab71-312606cf9852,BLR-Bellandur-3,Zepto,Bengaluru,Karnataka,12.938280969883664,77.69546769982958
c7c3f33e-7fdb-4be2-9693-9809420f5200,PUN-HADAPSAR,Zepto,Pune,Maharashtra,18.48067137425604,73.92812433956529
627273fe-a446-443c-b412-1f09a9131a72,KOL-Sukhobristi,Zepto,Kolkata,West Bengal,22.563806,88.520083
55bbe2f9-33f4-4ce0-a864-9730284b2a7c,DEL-Ghitorni,Zepto,Delhi/NCR,Delhi,28.494128,77.145755
317f08d2-bf42-40ce-b4b9-2a1dd60dcbfe,PAN-Gol Market,Zepto,Panipat,Haryana,29.3868768,76.9584232
f5e682bc-1124-4bcf-8fca-734bd8b59d7f,GGN-Sector-12 New,Zepto,Delhi/NCR,Haryana,28.469519,77.034067
b32bcacd-f047-47c1-a3b8-c1ccacf364a8,HYD-Vanasthalipuram,Zepto,Hyderabad,Telangana,17.336359,78.571198
87980e31-e60f-409d-bc05-e5a0e2bc90d5,MUM-Chakala,Zepto,Mumbai,Maharashtra,19.116736141706856,72.85845223477627
044a06cd-5792-44a6-be6b-d5747683349b,BLR-Electronic City New,Zepto,Bengaluru,Karnataka,12.836100229150532,77.66492453268076
17db8f86-ef55-4838-9e08-886596591965,BLR-Sarjapur New,Zepto,Bengaluru,Karnataka,12.90853465,77.67692834
d6e7afa1-5e3c-48e4-be20-227555f7984c,BLR-Mico Layout Network,Zepto,Bengaluru,Karnataka,12.87771825,77.64508193
c96055f6-ed06-46e5-93af-58fa1a374792,HYD-DAMMAIGUDA,Zepto,Hyderabad,Telangana,17.5013263,78.5877951
547ab61d-8d0e-47b5-a5b4-82952f43e814,KOL-Acropolis,Zepto,Kolkata,West Bengal,22.52194,88.385964
3d03e7a7-4ded-458a-9349-2978cd333ef0,DEL-Connaught Place,Zepto,Delhi/NCR,Delhi,28.641493,77.234596
642dfd00-9fe4-4066-954c-40a9ba8c73f0,CHN-ADYAR NETWORK,Zepto,Chennai,Tamilnadu,12.97633,80.259243
ec68621c-2e28-40d5-8fe7-fa38ba0e3692,MUM-Veer savarkar marg,Zepto,Mumbai,Maharashtra,19.25822837,73.12955028
77b4900a-7b8f-4a89-8c76-6731c578aa95,PUN-Undri,Zepto,Pune,Maharashtra,18.449040068334885,73.91126582509955
3123bc8b-6f8b-4eab-828e-5715162320e5,BLR-Yelahanka new town New,Zepto,Bengaluru,Karnataka,13.101374,77.562338
d4965e43-bb99-400e-9107-7371e08cf06a,KOL-RAJARHAT,Zepto,Kolkata,West Bengal,22.6180581,88.443721
a2271e79-a91e-4f7a-8a89-c69982cb5fbc,HYD-Kukatpally new,Zepto,Hyderabad,Telangana,17.48880868,78.38138731
37e0300a-af5d-494a-a88e-de79f61c4dde,CHN-Perungudi,Zepto,Chennai,Tamilnadu,12.953948,80.235458
ffa891d3-3a9d-495e-9444-c23ba34c0f3c,NOD-OMICRON,Zepto,Delhi/NCR,Uttar Pradesh,28.466518,77.560727
6e87b960-71e6-414e-b6f7-55d08e324811,DEL-Om Vihar,Zepto,Delhi/NCR,Delhi,28.621997,77.05271
c58033dc-cb75-414a-8c20-b1e0825c812d,HYD-Dulapally,Zepto,Hyderabad,Telangana,17.542619,78.47593963
321b0b48-7137-4832-ab17-f131421bdb78,DEL-MALVIYA NAGAR NEW,Zepto,Delhi/NCR,Delhi,28.535521,77.223434
856f5f52-8b1c-4089-b242-6c5dd371777e,SAS-Sunny Enclave,Zepto,SAS Nagar,Punjab,30.745005,76.652831
1a376afe-b235-48a4-9153-b33342739fd9,VAD-Alkapuri,Zepto,Vadodra,Gujarat,22.30942135,73.16868421
cc426fcd-a674-42dd-bae4-12b871b14758,HYD-Bharat Nagar,Zepto,Hyderabad,Telangana,17.4733889,78.4246389
8beb19a0-01c1-4e12-841d-7d7e440a296f,PUN-Ravet Network-2,Zepto,Pune,Maharashtra,18.65570737354112,73.74474126132417
137b1539-52bc-4840-8bfe-4d71dceb8bb6,BLR-Doddathoguru,Zepto,Bengaluru,Karnataka,12.846654,77.644318
413a57d5-8562-4ec2-9b0b-9f4c03847968,KOL-Uttarpara,Zepto,Kolkata,West Bengal,22.6748,88.3521
5cc22671-70e0-4077-8f1c-5502c2c5522b,NOD-BISRAKH,Zepto,Delhi/NCR,Uttar Pradesh,28.575035,77.442609
65b4f18b-34d3-43f7-a3ce-361471b15345,DEL-Khizrabad,Zepto,Delhi/NCR,Delhi,28.572,77.2759
dbd6a04a-5071-4177-aaa9-b7ce6950fd2b,HYD-UPPAL,Zepto,Hyderabad,Telangana,17.407021,78.569405
29b4c8b1-587b-497c-b4d9-bd2177fefb34,BLR-BTM-3,Zepto,Bengaluru,Karnataka,12.89932425,77.60549641
3c3b76e0-4877-4bf6-b555-4d50d5058a5b,KNL-Saini Colony,Zepto,Karnal,Haryana,29.696914,76.99549
86ec9fc6-ed4b-4674-8175-68c88c75c16f,CHN-Narayanapuram,Zepto,Chennai,Tamilnadu,12.939346,80.204684
31405d9d-2f32-4f47-b1c0-6df1ad5b405d,HYD-Chintalmet,Zepto,Hyderabad,Telangana,17.3493007,78.4177916
c70d824a-414c-4204-8ae3-d3f6bac461b4,DEL-Maurya Enclave,Zepto,Delhi/NCR,Delhi,28.7058083,77.1428676
93f5e60a-7309-40a8-8533-6eee547b3913,NOD-Sector 116 main,Zepto,Delhi/NCR,Uttar Pradesh,28.55799510475856,77.38777472479049
2140ad97-8423-4f24-9961-ed3ad44306c0,LKO-Hazratganj,Zepto,Lucknow,Uttar Pradesh,26.848535147518824,80.94252322482625
1dfb0f79-3c66-45e8-8b24-9d79ab1b2477,KOC-Kaloor,Zepto,Kochi,Kerala,9.988819,76.276803
d8507dc4-e2dc-4b97-96f6-c7d285da48bf,GGN-Maruti Kunj,Zepto,Delhi/NCR,Haryana,28.36132554,77.08228446
ebda3286-c632-4006-9315-f16801470a0a,HYD-SECUNDERABAD,Zepto,Hyderabad,Telangana,17.448543,78.508933
6762f1e3-7f70-4aad-b8fe-8cfde4d37730,BLR-Bommasandra,Zepto,Bengaluru,Karnataka,12.8321446,77.69085963
1a87a0c1-4634-4bd9-987e-8bb455d96027,GZB-Wave City,Zepto,Delhi/NCR,Uttar Pradesh,28.651505,77.511108
87743594-26c0-495e-a18c-3ef545edcc37,BLR-BTM LAYOUT NEW,Zepto,Bengaluru,Karnataka,12.9266331,77.60991496
31903708-6be4-4223-9730-aa1b43564b75,MYQ-Vijayanagar,Zepto,Mysuru,Karnataka,12.33049983,76.61515161
6940d67b-8f25-4a93-a0b1-9bad67479c03,CHN-Nanganallur New,Zepto,Chennai,Tamilnadu,12.968399,80.189262
9a3a478d-31f5-468f-b32a-d4324844b5b2,PUN-Shewalewadi,Zepto,Pune,Maharashtra,18.49587378,73.97044985
863ee650-1df1-418c-a988-2a64f2c555e3,AHM-Makarba,Zepto,Ahmedabad,Gujarat,22.99632334890737,72.51094979729855
9b9d7e88-ebbd-4da8-8895-6c3909bd2860,CHN-Anna Nagar New,Zepto,Chennai,Tamilnadu,13.090293,80.215347
5f095060-a46f-4e99-bc08-1f410caccc72,GGN-Palam Vihar extension,Zepto,Delhi/NCR,Haryana,28.4954722,77.06075
c3782040-688b-468c-8ccd-f989668f3db9,SON-TDI City,Zepto,Delhi/NCR,Haryana,28.99731109724392,77.02626879606761
e749e734-9e20-4090-b5c3-a66ed53b5e23,BLR-Bagalakunte,Zepto,Bengaluru,Karnataka,13.06371941,77.50432545
7841c1f4-64bf-4c81-824f-c5369ead251d,DEL-Vishnu Garden,Zepto,Delhi/NCR,Delhi,28.6517848,77.092152
f5a49f9a-8888-481e-b96c-f7a191ea1256,KOL-Park Street,Zepto,Kolkata,West Bengal,22.555206,88.36338
607dfe88-5e9b-4db8-bfb0-73bea3e8fb54,GGN-Sector 4,Zepto,Delhi/NCR,Haryana,28.47327416957052,77.00347273715278
64391366-c8d4-4b3d-961e-a632a6458d06,COI-Sundarapuram,Zepto,Coimbatore,Tamilnadu,10.954753,76.975236
376a9a5f-23b2-40c8-9e64-07c14070f06d,SAS-Shivalik City,Zepto,SAS Nagar,Punjab,30.720391,76.650652
6c257905-3f92-469d-971d-3acc8d41156b,BLR-Peenya New,Zepto,Bengaluru,Karnataka,13.045490242155392,77.50877381196612
8ee2719c-97ed-44a2-a32e-7dceac0a7e55,VEL-Thottapalayam,Zepto,Vellore,Tamilnadu,12.935197,79.148754
0dee4754-034b-43ec-bcab-2664340690dd,MUM-KOTHARI COMPOUND Network 1,Zepto,Mumbai,Maharashtra,19.21659162329426,72.97574210186052
4d46d4dc-88d1-45b8-9a46-0e87a8097b38,AMB-Sector 7,Zepto,Ambala,Haryana,30.373785,76.782179
805ea004-3262-4094-9df6-0b87ad6d1476,AGR-Dayalbagh,Zepto,Agra,Uttar Pradesh,27.228526,77.996917
1b11ac6b-6de6-411b-80bf-a72874a80c51,MUM-Bhayandar New,Zepto,Mumbai,Maharashtra,19.299900811485163,72.8552735582004
b9881384-2b90-44c7-8af2-e22c10f20ca2,HYD-Bhola Nagar,Zepto,Hyderabad,Telangana,17.40773315,78.44162204
ea99ba63-8772-44b9-8a98-1c2b78fe3759,KOC-Thengod,Zepto,Kochi,Kerala,10.028885,76.370341
d15971f7-4774-4119-badc-8c239a0b88ca,JAI-Mansarovar,Zepto,Jaipur,Rajasthan,26.864712,75.76753
3e12177b-60c8-4cef-82ae-20cac5466597,LKO-Indiranagar,Zepto,Lucknow,Uttar Pradesh,26.883167,80.997311
56290154-dc98-4aed-bc38-d4dc13f4bda3,MUM-Diamond garden,Zepto,Mumbai,Maharashtra,19.052412,72.90155
9550ef6d-d1b6-4eb1-b379-580404d9c1d3,DEL-Mahavir Enclave Network,Zepto,Delhi/NCR,Delhi,28.598741,77.091854
ce354a55-f185-4de0-ba8b-50d62ea483d1,HYD-Vivekananda nagar New,Zepto,Hyderabad,Telangana,17.49343878,78.42433866
7c05017d-f3fd-4845-9a6f-81e9f9a60231,PUN-Pimple Gaurav,Zepto,Pune,Maharashtra,18.58613853369836,73.82183101165676
b0e1957d-a3c6-4f2e-9b73-ab0c026194e2,GZB-Sehani Khurd,Zepto,Delhi/NCR,Uttar Pradesh,28.699104,77.422867
5aac43eb-1d12-4adb-b1ec-e3ce8e79807a,ATQ-Mohan Nagar,Zepto,Amritsar,Punjab,31.622785,74.89687
9a639073-d72a-4bf1-8bda-bc2840c817ef,MUM-Naupada,Zepto,Mumbai,Maharashtra,19.19841478,72.97405999
8c75d846-b50e-44c1-82d2-01bc39ad1ab3,MUM-Shahad,Zepto,Mumbai,Maharashtra,19.242898,73.154882
4f54ea62-0269-4b93-87cd-ef7ed796c6b1,BLR-Chickpet New,Zepto,Bengaluru,Karnataka,12.95477912,77.57899927
9ede85f3-c387-40b0-a6c7-fa07f64da718,PUN-Fatima Nagar,Zepto,Pune,Maharashtra,18.50661,73.9028
22892d78-685c-4bba-8760-dec1e47621e1,LKO-Mahanagar,Zepto,Lucknow,Uttar Pradesh,26.87307434,80.957294
01185b5e-b794-4cfb-99c9-625397e548ac,MUM-Shivai Nagar,Zepto,Mumbai,Maharashtra,19.219176,72.954332
083a3e0d-4b0c-4353-927f-02c4614e6f47,CHN-Pammal new,Zepto,Chennai,Tamilnadu,12.968195101734311,80.13349775348924
3169658f-77f5-47a3-a87d-e9016e7f3ebe,BLR-RAMAMURTHY NAGAR NEW,Zepto,Bengaluru,Karnataka,13.033621072324562,77.68593736936828
526b1499-dbae-4fc6-b67d-70e350768cae,GZB-Gagan Vihar,Zepto,Delhi/NCR,Uttar Pradesh,28.701712,77.33354
a98f0f81-73ab-4839-8d06-4e9427680054,CHN-Nungambakkam new,Zepto,Chennai,Tamilnadu,13.065389,80.229306
482b8c90-9e75-4390-9884-64f00a4ce22c,AGR-Sikandara,Zepto,Agra,Uttar Pradesh,27.20208583,77.9454795
c0217c50-c66f-4c95-bc01-185979f9e33a,COI-Race Course,Zepto,Coimbatore,Tamilnadu,11.000499,76.98718
600240d4-efb5-484c-ac8a-2dbfe997975a,CHN-Sithalapakkam,Zepto,Chennai,Tamilnadu,12.884915,80.109885
8bd95118-90ce-4657-9a63-7ca501bb9c6a,NOD-Sector 143 B,Zepto,Delhi/NCR,Uttar Pradesh,28.49627478529003,77.42505312493503
1585f304-7c1d-404d-b925-84bd48e90433,DEL-Rajapur Khurd,Zepto,Delhi/NCR,Delhi,28.634025,77.03862
0d591e22-ea1d-467e-8600-ede8e8b4937a,MUM-Hill Road Bandra,Zepto,Mumbai,Maharashtra,19.054844,72.828225
968d8cb9-f237-415d-af02-adc67bacce06,GZB-Niti Khand II,Zepto,Delhi/NCR,Uttar Pradesh,28.646434,77.364893
b2daed2f-9d3a-495a-a005-a0b0bc04a445,GGN- Sector 82,Zepto,Delhi/NCR,Haryana,28.3990884727463,76.9545225423292
74dfeece-0ec5-4b41-a83b-576add66078e,PUN-Pimple Saudagar Network,Zepto,Pune,Maharashtra,18.6060224,73.7556266
c4f5c474-d916-4cf3-ba6d-7a4c5d26d326,NOD-Sector 73 Network-2,Zepto,Delhi/NCR,Uttar Pradesh,28.58719436225908,77.39277158597224
c9d7d275-70b0-4f96-a48f-2a49801fdee8,BLR-Peenya Network,Zepto,Bengaluru,Karnataka,13.04999,77.487646
ad4637de-2e3e-4276-a524-0546f33fa0d9,KOL-Liluah,Zepto,Kolkata,West Bengal,22.617645,88.348427
3c8e6f2e-5b5d-4654-8e41-a1e0109e3972,PUN-SINHGAD,Zepto,Pune,Maharashtra,18.481515,73.825156
6cb7f877-c543-4be9-8c74-5fd19956f937,IDR-Scheme 54,Zepto,Indore,Madhya Pradesh,22.748108,75.890003
805076d8-aa2c-49c6-870b-413044b130bf,KOL-Tangra,Zepto,Kolkata,West Bengal,22.547184,88.389073
0ef81b30-ea84-46ec-98b0-6f3894d1ca1d,MUM-Belapur New,Zepto,Mumbai,Maharashtra,19.0177779,73.0452194
a02cc832-e25e-4851-b7bd-3330a61c2158,IDR-Bicholi,Zepto,Indore,Madhya Pradesh,22.709183,75.922589
70bbc5c2-af73-43f1-a5ee-e76a9ca9019f,DEL-Karol Bagh Main New,Zepto,Delhi/NCR,Delhi,28.65133441478413,77.19587294345668
238a227d-697c-4fa9-a4f5-4fd064760098,MUM-Thakur Village,Zepto,Mumbai,Maharashtra,19.2138889,72.8685556
581b1461-3a0b-4698-adb6-93a51207b2e1,NOD-Tugalpur,Zepto,Delhi/NCR,Uttar Pradesh,28.46259531,77.50545962
efd2842c-1082-4dbe-9081-59268d89cf0c,CHN-Iyyappanthangal,Zepto,Chennai,Tamilnadu,13.042644,80.134988
082229f8-d7ec-4b29-8220-db1d7776d7e9,NOD-Sector 58,Zepto,Delhi/NCR,Uttar Pradesh,28.606783,77.358765
60252717-a8c5-4891-9b23-3db778b14477,PUN-BANER,Zepto,Pune,Maharashtra,18.5640721,73.7691598
77e44380-aa2a-4eeb-b923-24c653aa6732,KOL-Santragachi,Zepto,Kolkata,West Bengal,22.586239,88.298869
3077baf7-7bd2-41d0-a221-27cf9d1ec392,BLR-TC Palaya,Zepto,Bengaluru,Karnataka,13.022656,77.688133
b4dc8d65-ed2e-4142-81b6-373982b13500,BLR-Whitefield New,Zepto,Bengaluru,Karnataka,12.96902,77.75395
f953916f-d684-447e-b750-c1f4ca34bc33,KOL-BARANAGAR,Zepto,Kolkata,West Bengal,22.6261748,88.3820739
b3304ce8-554f-455c-a62d-7a52f82ef223,KUR-Sec 7,Zepto,Kurukshetra,Haryana,29.9697222,76.8808056
314533d4-8bd7-4985-8ca5-9b737431149b,HYD-Tellapur,Zepto,Hyderabad,Telangana,17.46541712,78.2886111
005dcc9a-d50c-442f-ae5e-f89f35d1a01a,GGN-Sector 104,Zepto,Delhi/NCR,Haryana,28.493103,76.998031
f090d50a-60ed-4b98-9493-3f0d9751a3f3,DEL-Durgapuri,Zepto,Delhi/NCR,Delhi,28.689691,77.296863
b8ba1570-2582-4f6d-a467-330ec39ec6da,BLR-JP Nagar Network-2,Zepto,Bengaluru,Karnataka,12.887526,77.586572
02dc6b57-1dfe-4efe-a57b-4324a830de78,JAI-Railway Colony,Zepto,Jaipur,Rajasthan,26.82617214,75.84603357
ea4957dd-2004-479b-8817-569aa932f824,BEK-Green Park Colony,Zepto,Bareilly,Uttar Pradesh,28.3609167,79.4588056
3d346812-5c23-4f69-883e-cba67acaa658,PUN-Pashan,Zepto,Pune,Maharashtra,18.542134243388432,73.7894013560264
a414c96e-6808-45f5-bdaf-1182485ac38c,KOL-PHOOLBAGAN New,Zepto,Kolkata,West Bengal,22.565125,88.403809
415a53bb-ae7f-4d84-b58f-e36e425769e5,NOD-SECTOR 142 NOIDA,Zepto,Delhi/NCR,Uttar Pradesh,28.500553,77.416094
5e36e56b-2449-4262-b397-f8af3464f5e3,BLR-HSR-3,Zepto,Bengaluru,Karnataka,12.905778,77.637514
ead3cbf3-0bb8-4089-8283-45d337b4a3b9,NOD-Sector 128,Zepto,Delhi/NCR,Uttar Pradesh,28.508331,77.358455
a1e3515e-8dbb-4e71-b521-0b6ae27126be,CHN-KELAMBAKKAM New,Zepto,Chennai,Tamilnadu,12.79095665,80.22118779
64b8c907-1b43-4f03-a739-fa20d2ac339f,CHN-Nanganallur Network,Zepto,Chennai,Tamilnadu,12.964934207507785,80.21121709408095
188961a6-213a-4ab6-9d5d-2aaa495042aa,JAI-Chordia City,Zepto,Jaipur,Rajasthan,26.901199,75.7096577
5fdc5ed4-7a93-4c29-88bc-f40964758005,KOL-SANTOSHPUR,Zepto,Kolkata,West Bengal,22.48677639,88.38748927
e22f0f25-8f33-43b9-af30-c0bbf8d53126,VJW-Tadepalle New,Zepto,Vijayawada,Andhra Pradesh,16.472485,80.616951
c620a3ce-ee2e-493f-a83d-5555531fd861,DEL-Neb Sarai,Zepto,Delhi/NCR,Delhi,28.506309,77.198648
f4877d26-05ba-4844-8609-1de598d206a5,MUM-Waghbil Network-3,Zepto,Mumbai,Maharashtra,19.228714,72.9858148
9979be1b-cc60-4f14-9a4b-853338c8561b,GZB-New Gandhi Nagar,Zepto,Delhi/NCR,Uttar Pradesh,28.656541,77.43613
6ceb23b1-672d-4fd7-a89c-66163925a764,BLR-Silver County,Zepto,Bengaluru,Karnataka,12.89366814,77.66299978
6abd3309-1e45-4411-943a-81f5c32fef41,BLR-Singasandra Network,Zepto,Bengaluru,Karnataka,12.86296,77.67777
9d8675c2-d6fe-4285-a3fd-8e24281ccb28,CHN-VANDALUR NETWORK,Zepto,Chennai,Tamilnadu,12.86445,80.07919
6c29b2d5-b725-49c6-908e-11fca9619a44,HYD-Champapet,Zepto,Hyderabad,Telangana,17.34588938,78.52279126
00f978ab-683f-435d-8a45-f1a3c4dac568,GGN-SECTOR 71,Zepto,Delhi/NCR,Haryana,28.41196,77.02917
fe47f2f1-6d89-4c25-949e-1427ba5d5620,NAG-Hudkeshwar,Zepto,Nagpur,Maharashtra,21.099381,79.122553
e778b1ff-3517-4038-a2b8-674d99d937f4,CHN-Avadi,Zepto,Chennai,Tamilnadu,13.1176536,80.0943567
1fe58380-341b-4509-b712-a66f5aea2e86,SAS-Phase 8,Zepto,SAS Nagar,Punjab,30.711984,76.708541
0a978a0b-b48a-47e9-a4b7-f48b6172b5b7,NOD-Sector 117 network,Zepto,Delhi/NCR,Uttar Pradesh,28.57853,77.38492
ebc222f1-119b-457b-a137-3a4cfa10c571,DEL-Kondli,Zepto,Delhi/NCR,Delhi,28.6103954,77.32689332
3d1b28be-1e25-471f-a4d9-f2151a7d1bfc,CSN-CIDCO,Zepto,Chatrapati Sambhaji Nagar,Maharashtra,19.870693,75.366691
0a493c16-c8cc-4f45-a02c-51e7b1328f53,GGN-Sector 77,Zepto,Delhi/NCR,Haryana,28.388886,76.985281
6ed3a9c3-c895-4156-be65-4643c5f91b0f,CHN-Moolakazhani,Zepto,Chennai,Tamilnadu,12.819643,80.080115
a3cc5aa4-5a26-4b97-90f9-e38e7be0685b,DEV-MCC,Zepto,Davanagere,Karnataka,14.4462184,75.9014239
5eb1e899-1cb8-4374-a4de-69cf86cc36cc,HYD-Chandrayangutta,Zepto,Hyderabad,Telangana,17.314587,78.462774
1c3ca061-43e6-4119-85c3-76e51106a606,DEL-Qutub Vihar,Zepto,Delhi/NCR,Delhi,28.584987539667665,77.00953360959485
0cde9637-ca43-45b6-a89c-08c1e32bae57,BLR-Marathahalli New,Zepto,Bengaluru,Karnataka,12.95185786108182,77.71956820401381
c30fa0c1-537b-4535-ae20-1c33ca950236,KOL-Action Area II,Zepto,Kolkata,West Bengal,22.58781,88.49731
8ea7989c-7d2a-4093-9713-a17b6c3d9bc8,SUR-Mota Varacha,Zepto,Surat,Gujarat,21.23775,72.87485
a20f91f9-3e2c-48fd-a720-a6bf6685a6fe,MUM-MALAD,Zepto,Mumbai,Maharashtra,19.1723881,72.8484384
848f8163-34e5-49ea-8da1-f7ca9ae06aaf,CHN-Sakthi Avenue,Zepto,Chennai,Tamilnadu,13.016382,80.138919
ab5ca9c7-151c-45c6-97df-5a4844e981ea,HYD-Moosapet Network 2,Zepto,Hyderabad,Telangana,17.44994479941418,78.45024531645228
32ac84e0-0a29-4c1f-865a-c33780173389,DEL-South Extension Network,Zepto,Delhi/NCR,Delhi,28.56269210670608,77.21138522493747
47a77387-059f-44fc-be76-a81b7ff97e0a,GZB-Shastri nagar,Zepto,Delhi/NCR,Uttar Pradesh,28.662885,77.462688
67ec5278-78c4-4654-b67d-c0433f5406c7,HYD-Suchitra New,Zepto,Hyderabad,Telangana,17.50492681,78.46745727
74039f14-48e6-4a32-b70f-7ddda4c42900,KOL-BALLYGANJ,Zepto,Kolkata,West Bengal,22.524497087578577,88.37156695164063
3325a4aa-354c-4c9a-9230-178cbb4286f6,DEL-Pitampura network,Zepto,Delhi/NCR,Delhi,28.716004,77.134997
a7e2806a-ae58-46e2-87ac-a937360ad74f,BLR-Yelenahalli,Zepto,Bengaluru,Karnataka,12.86077262,77.61333628
52250f99-81fe-404b-a8bf-b0ad335f5ec3,KTU-Dadabari,Zepto,Kota,Rajasthan,25.151212,75.836654
7c3e8dc3-8781-489c-a2c7-8f8f67149083,BLR-VIJAY NAGAR,Zepto,Bengaluru,Karnataka,12.96845,77.5381
5b1796e1-36c2-4ae9-83a0-c03c25cac05a,BLR-Michael Palaya,Zepto,Bengaluru,Karnataka,12.972597,77.637048
1fc622b2-7469-494a-818f-61f354d4f110,BLR-Kadarenahalli,Zepto,Bengaluru,Karnataka,12.914745,77.559864
198b7ff3-353f-4735-bf3f-75b180544478,CHN-Thirunagar,Zepto,Chennai,Tamilnadu,13.053239,80.21262
b13fc494-3fe6-4797-a8e5-1038a797140d,SUR-Bharthana,Zepto,Surat,Gujarat,21.14264562,72.77300274
19a99791-6f27-4c54-a851-62d3a7d0884c,FBD-Sector 55 Huda,Zepto,Delhi/NCR,Haryana,28.3486,77.2926
8f1fca85-ee88-4e44-8993-d22b98cd6c1b,PUN-Gahunje,Zepto,Pune,Maharashtra,18.666669993871867,73.70862345454503
d8ced7ed-2331-40d8-9f41-5154bb1ced89,KNU-Arya Nagar,Zepto,Kanpur,Uttar Pradesh,26.483097,80.318459
4eeabcee-900c-419e-a2bb-102bbb205c7a,SUR-Gopipura,Zepto,Surat,Gujarat,21.187722,72.830603
ea4890e8-3b15-48bc-9bcf-3da119ebbbd8,CHN-KKR Nagar,Zepto,Chennai,Tamilnadu,13.14502007,80.23475124
9c6fce71-3aec-455c-969f-075ba74fa0d5,AHM-Sundar Nagar,Zepto,Ahmedabad,Gujarat,23.047321,72.558009
73952e1c-38a1-40a3-b71f-a4150849ee52,DEL-MAHAVIR ENCLAVE,Zepto,Delhi/NCR,Delhi,28.606888,77.081238
5dbf0332-5872-4178-8c53-9d0666c9c86c,KNU-Mulganj,Zepto,Kanpur,Uttar Pradesh,26.4652,80.3465
6e2378a8-458e-4aff-b783-80685cf86a43,BLR-Aswath Nagar,Zepto,Bengaluru,Karnataka,12.950734,77.697838
7fe0f5bc-d9c2-4883-b9c2-35fc8f36e1c1,PUN-Atma Nagar,Zepto,Pune,Maharashtra,18.6328,73.80276
49e487f6-07bf-48f9-b379-203f76c11964,CHN-Sothupakkam,Zepto,Chennai,Tamilnadu,13.1934874,80.1829507
9fb7a7ca-e61c-4904-b339-749b6b45bf09,LDH-Sarabha Nagar,Zepto,Ludhiana,Punjab,30.890367,75.799782
b90c1ea5-9619-46d9-8eb0-ac656bc470b9,KOL-Diamond City,Zepto,Kolkata,West Bengal,22.484191152542973,88.29623408738604
48c6fc6b-daa9-4795-a1d7-a1a424e74009,FBD-Sector 31,Zepto,Delhi/NCR,Haryana,28.439545,77.310188
dfb0d9eb-9cf0-4629-aa03-ba2cf9626042,CHN-VANDALUR,Zepto,Chennai,Tamilnadu,12.85713,80.06885
9b7e899c-2925-4eae-bf55-bed98c832df3,PYJ-Kareli,Zepto,Prayagraj,Uttar Pradesh,25.4332,81.816416
aec2283f-be4f-4545-87b0-febac02c9fc1,JAI-C Sceme,Zepto,Jaipur,Rajasthan,26.911833,75.803887
98f92c45-f6f3-4aeb-b8f3-2f1005b09247,IDR-Sangam Nagar,Zepto,Indore,Madhya Pradesh,22.73708,75.83286
b4d53703-4b49-4a38-85ca-7e321d1d5222,MADAMBAKKAM,Zepto,Chennai,Tamilnadu,12.916194,80.152222
8bf314ef-f9e5-4425-a4a9-9a535764e613,KOL-Shibpur,Zepto,Kolkata,West Bengal,22.573475,88.328352
f70fa1be-1eea-45a4-a692-219b12d85b24,DEL-Keshopur,Zepto,Delhi/NCR,Delhi,28.648392,77.07913
1879c01a-f20c-4987-9ce4-0f47f75ad4f9,GGN-Vatika City,Zepto,Delhi/NCR,Haryana,28.400079,77.044423
6af4daba-3f48-4037-a5e4-0bb3c4042203,LKO-Sharda Nagar New,Zepto,Lucknow,Uttar Pradesh,26.782469,80.924355
e94a9a29-8a14-449a-95d0-f9beb57f3904,GZB-Gaur City Network,Zepto,Delhi/NCR,Uttar Pradesh,28.624225562257248,77.42507971136155
5d83d37a-c7fa-4891-b9dd-72c9d308f862,CHN-Parrys,Zepto,Chennai,Tamilnadu,13.10333543,80.281471
9ac5f009-7623-4d1f-9b6a-d86e2f7c073e,LDH-Ferozepur road,Zepto,Ludhiana,Punjab,30.903934,75.832245
6917bb0a-e50f-4a8e-99aa-5d1cc6bed71a,GGN-Sector 95,Zepto,Delhi/NCR,Haryana,28.410694,76.90725
c6324184-909e-4470-80f8-7975ba79ef9e,KOC-Kakkanad,Zepto,Kochi,Kerala,10.014868,76.335182
cd653888-0a9a-4251-8d70-7df4c8c2f22a,BLR-CV RAMAN NAGAR NEW,Zepto,Bengaluru,Karnataka,12.979059012726024,77.67836865767072
92cd8931-88ef-4042-a452-0e2ecce17676,BLR-Narayana reddy Layout,Zepto,Bengaluru,Karnataka,12.939045,77.62645
3994880c-5e18-4de9-9f68-847c18108e27,CHN-Guduvancheri,Zepto,Chennai,Tamilnadu,12.819854,80.04262
cd098e80-d516-4508-b4fc-3d7f10461033,KOL-Jadavpur New,Zepto,Kolkata,West Bengal,22.48677578808262,88.35056846671299
c8e077b9-6eec-4317-8254-6fd9eca59bed,DEL-Azad Nagar,Zepto,Delhi/NCR,Delhi,28.6670728,77.2825675
3a8029df-cae5-4c17-88ea-814f8366b814,DEL-Dwarka Sec 17,Zepto,Delhi/NCR,Delhi,28.59409345,77.02550957
769200e9-30cc-47a2-81d4-58904ed953cc,MUM-Vile parle,Zepto,Mumbai,Maharashtra,19.10486962,72.83888637
b1bd6011-b070-4300-81cd-07f886eca089,HYD-Nampally,Zepto,Hyderabad,Telangana,17.390136,78.4553022
7e698981-3429-454f-8dae-16347b53eeed,VNS-Naibasti,Zepto,Varanasi,Uttar Pradesh,25.348217,82.992713
cf454a02-0633-4d96-8d45-9c90076d3b04,HYD-Bowenpally New,Zepto,Hyderabad,Telangana,17.471487,78.48217
2ed65df1-196d-4877-93dd-cc1ae94fe3c7,MUM-Mahajan Wadi,Zepto,Mumbai,Maharashtra,19.270811,72.88152621
ba555bdd-e00d-48f1-b0c8-b323f5de6843,NOD-Sarvottam School,Zepto,Delhi/NCR,Uttar Pradesh,28.58963,77.448136
0bd6dc44-83ca-40ef-9025-d8b881f999bf,VJW-Payakapuram,Zepto,Vijayawada,Andhra Pradesh,16.54675,80.64114
a1c67132-94e3-41b9-975b-4ef4e4851406,BLR-Magadi Road,Zepto,Bengaluru,Karnataka,12.99005606,77.48523812
65833924-5a42-4378-9556-8d10945f5a37,CHN-GERUGAMBAKKAM NETWORK,Zepto,Chennai,Tamilnadu,13.019159,80.166867
33622370-e10f-4996-aaf2-84076a8f66c2,DEL-Civil Lines,Zepto,Delhi/NCR,Delhi,28.66736,77.216683
02d2c306-7699-434b-947e-88c99afc54f9,GGN-Sector 62,Zepto,Delhi/NCR,Haryana,28.4051193,77.0920438
ccb84935-4941-4c2f-a0cf-a65d8a6cf57a,FBD-Charmswood,Zepto,Delhi/NCR,Haryana,28.48821898552895,77.29025716721321
de5f724c-2832-47fb-b811-d0cdcc00157d,GGN-Sector 28 New,Zepto,Delhi/NCR,Haryana,28.4771596595005,77.08482975373951
4cc5f8ae-6495-44d0-9212-b63fe11a3af5,PUN-WARJE,Zepto,Pune,Maharashtra,18.490615045836968,73.78994295282915
2d176779-fc34-4f74-9e2b-cf260ef82d26,LKO-Gomti Nagar,Zepto,Lucknow,Uttar Pradesh,26.825569,81.008189
691e4cd7-b08a-421b-a35d-6c89173b796e,CHN-TNAGAR Network,Zepto,Chennai,Tamilnadu,13.0333634,80.2202217
996c6a91-1fd7-46cc-9ccc-f0960c219aaf,BLR-Devanahalli,Zepto,Bengaluru,Karnataka,13.238848306938568,77.72347675621086
da5149e0-007e-4134-bc25-497d6ea3c5b2,Hyd-Nanakramguda,Zepto,Hyderabad,Telangana,17.42374138,78.3296038
1ba2b8e0-aa82-4a78-b38b-477b97eac054,BLR-Thyagaraja Nagar,Zepto,Bengaluru,Karnataka,12.930236,77.56869
58d6551e-edf2-48df-828c-7deb5a25033f,GGN-Gwal Pahari,Zepto,Delhi/NCR,Haryana,28.42412151904485,77.14675740957874
bc2668de-4e8e-4ffb-a2c9-91bf4a5dd846,MUM-KOTHARI COMPOUND NEW,Zepto,Mumbai,Maharashtra,19.236701298031644,72.96898782704861
71ca681c-6ee4-467d-9d0a-8d761ce8400f,MUM-DADAR EAST,Zepto,Mumbai,Maharashtra,19.0125566,72.8498979
a52ebbf0-7cb9-4f42-b93a-bae2fc72f4ab,CHN-OTTERI,Zepto,Chennai,Tamilnadu,13.08887607336771,80.25064602331365
231186c7-f3b9-4b6e-9e17-f29a217c4de8,PUN-Splendor county,Zepto,Pune,Maharashtra,18.584638590630643,73.97692377805657
b83c1f4e-b73d-42ee-9a82-648e14c2e8e3,NAS-Jagtap Mala,Zepto,Nashik,Maharashtra,19.9520053,73.8323569
0ed3c6ae-9a69-4458-aac5-b6c3342c8954,NOD-Sector-31,Zepto,Delhi/NCR,Uttar Pradesh,28.57549,77.343254
a08faf0a-3921-4ebd-a076-a551e2a9c91d,SUR-Dindoli,Zepto,Surat,Gujarat,21.14583,72.87778
77d27ceb-e171-4aa5-bd86-58c0e8bf7512,FBD-Sainik Colony,Zepto,Delhi/NCR,Haryana,28.396046,77.267029
917a6609-db18-4f35-ba88-3e681d1ebfa4,KOL-Kalyani,Zepto,Kolkata,West Bengal,22.97273,88.43299
e8d2b0f5-541c-4bc5-812d-67f6ed429043,PUN-Bhekrai Nagar,Zepto,Pune,Maharashtra,18.4877462,73.9525255
6596a71b-54df-4556-9119-7de895a9c300,GGN-Sector 12 network,Zepto,Delhi/NCR,Haryana,28.4789007,77.0249138
2699f532-61f3-431f-aab3-db586ec14085,CHN-Vanagram,Zepto,Chennai,Tamilnadu,13.068948061784846,80.15324054279078
23e18cbf-7e46-49ec-a559-d5a6cdb09d3b,DEL-Burari,Zepto,Delhi/NCR,Delhi,28.758743,77.190069
8edffc62-2cea-4cbc-8af6-8ac14201f45d,KOC-Friendship nagar,Zepto,Kochi,Kerala,9.990189,76.305009
cdfc1ee0-04f2-4bf1-afa7-ce41be802b28,HYD-Chandanagar New,Zepto,Hyderabad,Telangana,17.49491225692942,78.31759318818943
874241a8-e4fc-439e-a816-ee65aceba124,BLR-Silicon Town,Zepto,Bengaluru,Karnataka,12.852472,77.675972
61064aad-9e86-41f1-a52c-03f0fd5ae970,IDR-Nipania,Zepto,Indore,Madhya Pradesh,22.764219,75.923556
33879b19-7a4e-41bd-86d5-66402c04dd03,FBD-Sector 37,Zepto,Delhi/NCR,Haryana,28.474780355376023,77.31043552488404
4b7f2491-a77d-4e8d-9317-08f5a29fc821,PUN-Moshi,Zepto,Pune,Maharashtra,18.675293885139293,73.8359464881372
ff1fc8e6-9f22-4c75-b7cf-15a5bd19be91,BLR-BANNERGHATTA,Zepto,Bengaluru,Karnataka,12.87747,77.60264
8a63a860-9ec1-4fcc-b37a-523a34647742,DEL-Dwarka Sector 10 Network-4,Zepto,Delhi/NCR,Delhi,28.558292,77.050021
d0b70cf4-c0f4-4a87-9d3e-01fcdcc29ff1,HYD-Napier Lines,Zepto,Hyderabad,Telangana,17.465135,78.483465
f6807d7c-9f71-49c7-9a15-50919b30fccf,BLR-Mico layout New,Zepto,Bengaluru,Karnataka,12.892833,77.628083
d23be55e-2fd8-41d4-8926-71db05186604,BLR-Banashankari Network,Zepto,Bengaluru,Karnataka,12.915521644634618,77.54569119949274
460836cf-9dbb-49e3-b460-ef7fecdb7b13,MUM-GHATKOPAR (W) NETWORK,Zepto,Mumbai,Maharashtra,19.096821,72.906784
5fdd59f9-d697-4c3e-994f-546e61ede738,HYD-Chanda Naik Nagar,Zepto,Hyderabad,Telangana,17.45501576,78.3965608
bbac9ca2-197d-4500-b9d8-20ecea9d1a81,MDU-Krishnapuram,Zepto,Madurai,Tamilnadu,9.944091,78.127707
f0ee4637-9124-43be-a8af-025edb341570,BLR-Golahalli,Zepto,Bengaluru,Karnataka,12.864209,77.569285
a1b25791-8117-4059-bb44-cb57a42bd7be,AHM-Vavol,Zepto,Ahmedabad,Gujarat,23.2301111,72.6193889
48328608-7aaf-4857-b869-dae167d5f320,MUM-BKC Main,Zepto,Mumbai,Maharashtra,19.07314,72.8682
c7cea2d4-d5c9-476b-aa5e-8c72bad4148d,HYD-Meerpet,Zepto,Hyderabad,Telangana,17.320985,78.521771
57a0a941-0dd1-4f11-8c58-92e33fd9e2fd,LKO-Chinhat,Zepto,Lucknow,Uttar Pradesh,26.8873056,81.0525833
f429e749-364b-480a-a86d-b3bd2c0d6620,DEL-Wazirabad,Zepto,Delhi/NCR,Delhi,28.729064,77.220285
17141f08-6ccd-4d8b-ae18-0bd9ebbb8a40,BLR-KALYAN NAGAR NEW,Zepto,Bengaluru,Karnataka,13.006655,77.641639
75da7658-287b-4977-8274-a9f62c2e00a7,HYD-RTC Colony,Zepto,Hyderabad,Telangana,17.4745243,78.4985598
3e8e86b0-7446-4d8f-96b6-f5666be04ee9,CHN-KK Thazhai,Zepto,Chennai,Tamilnadu,13.163742,80.254553
913cea7d-879a-46d4-a31d-375e6272a237,LKO-Defense Colony,Zepto,Lucknow,Uttar Pradesh,26.773574,80.955148
fee9d74d-9384-4a9d-9325-d4bdf7ee2ffb,GGN-Sector 102,Zepto,Delhi/NCR,Haryana,28.4748083,76.9626118
6de0ff52-a112-489b-bbb4-da655f8943ce,KOL-Behala New,Zepto,Kolkata,West Bengal,22.505887467127653,88.32895283406567
0bbd1898-6621-47bd-b806-7e5b822f0fc7,PNK-BUDANPUR,Zepto,Panchkula,Haryana,30.682151,76.844366
67053fe0-7be5-4caf-97d4-d7b0d96f36a7,LKO-Anora Kala,Zepto,Lucknow,Uttar Pradesh,26.90257,81.09324
d431e3b5-0ba8-4823-8c4b-c4ea0909dbde,MUM-Dombivali W New,Zepto,Mumbai,Maharashtra,19.2259722,73.0838889
bd86f0fb-6044-45d9-be30-8b58c26e3688,HYD-Bandlaguda,Zepto,Hyderabad,Telangana,17.32266369,78.48882528
a6aaf608-0a95-47fd-a981-a52d1a5e5e2a,PUN-Mayur Coloney,Zepto,Pune,Maharashtra,18.503927,73.815033
ebabbe83-2299-49ca-bbd8-edfd8dd03d60,MUM-Manjarli,Zepto,Mumbai,Maharashtra,19.1756716,73.23923059
2cfbd70a-856b-4e58-8d32-0b5d389c4458,HYD-Ramnagar,Zepto,Hyderabad,Telangana,17.40636657654546,78.50750374057317
7c110981-0c36-40b5-bb49-0747b65c619d,COI-Peelamedu,Zepto,Coimbatore,Tamilnadu,11.022589,76.99613
aae1e2ef-3de3-4662-ab2d-b5734264b384,CHN-Sathyavani,Zepto,Chennai,Tamilnadu,12.8933,80.23208
16755fdd-f32e-40f1-a39b-397bc73f7e5d,BLR-Carmelaram,Zepto,Bengaluru,Karnataka,12.908522,77.71151
2b8584f6-f986-4414-a288-885d34d7a1ab,KOL-Madhyamgram,Zepto,Kolkata,West Bengal,22.69421,88.46691
886e9e40-b38e-47ab-a15e-baa95f45f022,JAI-Govindpura,Zepto,Jaipur,Rajasthan,26.956855,75.708943
11a1e128-1519-49ad-b0ab-2f4b64c65cad,WGC-Hanamkonda,Zepto,Warangal,Telangana,18.004485,79.540661
ff56ec59-36c7-41a0-ab98-1a3390126da5,BLR-Cholayanakanalli,Zepto,Bengaluru,Karnataka,13.02922,77.59377
c951a741-faf1-4189-be8c-e441b6985190,DEL-IP EXTENSION,Zepto,Delhi/NCR,Delhi,28.631945,77.297721
105471df-6c84-4bcf-87d7-d9308fd4df4a,GGN-Sector 14,Zepto,Delhi/NCR,Haryana,28.479793,77.04665
3054cc18-1476-426c-a67b-51028bd50319,CHN-Kovilambakkam,Zepto,Chennai,Tamilnadu,12.93949209,80.18215
1fb2986b-c2c0-4e63-8b85-91d5f5956303,KOL-Barrackpore,Zepto,Kolkata,West Bengal,22.763344,88.365335
f1720cd3-6533-41cf-bc74-13840c46e91f,GTR-Brindavan Gardens,Zepto,Guntur,Andhra Pradesh,16.32025238,80.41555654
227bb9ab-e8bd-41f3-99d7-4c6916401166,GZB-INDIRAPURAM Network 2,Zepto,Delhi/NCR,Uttar Pradesh,28.65466393184114,77.361811796105
befaa444-90e6-4691-a2d0-614d59ac0f1d,PUN-Kalyani Nagar,Zepto,Pune,Maharashtra,18.55368,73.90594
a5d48a70-31d9-4c5f-b61f-daae4ab4e3b3,MUM-GOREGAON EAST,Zepto,Mumbai,Maharashtra,19.1708709,72.8536443
83aac9aa-1afa-4758-a0a4-948e3720d4fc,BLR-Richmond Town Network,Zepto,Bengaluru,Karnataka,12.95642,77.60566
b9bb6846-a7b6-423a-8c44-5b35c3ba8745,HAR-Ranipur,Zepto,Haridwar,Uttarakhand,29.935893,78.138586
2027ae67-e366-4f60-ab7d-64ffbebfeee0,GZB-RAJ NAGAR,Zepto,Delhi/NCR,Uttar Pradesh,28.672102,77.439757
5d427762-35fa-45f0-92b2-560b135fcba3,BLR-New Gurappanya Palya,Zepto,Bengaluru,Karnataka,12.905922,77.612674
67b7452f-7def-49a9-8284-5c86df2068ac,DED-Prem Nagar,Zepto,Dehradun,Uttarakhand,30.340901,77.955317
4e626392-c497-4cf8-9a07-d2576c1d8988,KOL-Baruipur,Zepto,Kolkata,West Bengal,22.414949,88.41291
4ab87b63-ecc0-48ff-9f76-1ab67b5495bd,GZB-Jalalabad,Zepto,Delhi/NCR,Uttar Pradesh,28.7170927,77.455915
95fb7963-3983-4250-9151-301261f84b3e,MYQ-Chamundi Vihar,Zepto,Mysuru,Karnataka,12.30752276,76.68242454
f02ef084-eab2-4651-8168-a4814b97ca06,DEL-Santnagar,Zepto,Delhi/NCR,Delhi,28.747121,77.197725
43b12c97-dc99-431a-9ba3-e3cde9c716bb,HYD-Vivekanand Nagar Network,Zepto,Hyderabad,Telangana,17.5060386,78.4083068
5556e883-5d07-4742-8fd9-215bdcda277b,BLR-JC Nagar,Zepto,Bengaluru,Karnataka,13.0031742,77.5308889
46b54f69-c5ff-4595-934d-3d98fbf33ec0,AHM-Gota,Zepto,Ahmedabad,Gujarat,23.097435,72.541955
b7c3c400-9275-4d75-afa3-62e0a6abfaac,MUM-Kalwa,Zepto,Mumbai,Maharashtra,19.200678347044096,73.00029163695812
8dd0f61c-7734-4af8-b5e2-bf198cf6fe56,UDR-Hiran Magri,Zepto,Udaipur,Rajasthan,24.54674226129279,73.70105377921848
31daaa17-a00e-4c92-b4bc-34fb69d5bba7,GZB-GAUR CITY,Zepto,Delhi/NCR,Uttar Pradesh,28.619894,77.417216
b8d61fbc-eb4a-4836-b785-e3b63aa3fa62,DEL-KAROL BAGH NEW,Zepto,Delhi/NCR,Delhi,28.6491675,77.1629135
84745439-e529-4287-ae44-7b4a516da253,MUM-Andheri West Network,Zepto,Mumbai,Maharashtra,19.133895875780667,72.81392969519334
3e923d42-7bf6-4c91-8f17-19058109b19b,AGR-Tajganj,Zepto,Agra,Uttar Pradesh,27.1523252,78.0565715
ab0913f7-59e4-4cd7-b2b1-56d50fc56096,PUN-Tingre Nagar,Zepto,Pune,Maharashtra,18.57984811561834,73.884976
a2af220f-8ad2-4869-abc7-62dc2476af8c,MUM-MUMBAI CENTRAL,Zepto,Mumbai,Maharashtra,18.967708481343923,72.81723141807478
e9aae2cf-8473-4e4c-ba53-3aa73354576c,GGN-SECTOR 39 NETWORK-3,Zepto,Delhi/NCR,Haryana,28.459997,77.057077
e9da3e70-081c-4c4d-abad-5d88303ced92,PUN-AUNDH,Zepto,Pune,Maharashtra,18.5503786,73.8097831
9062036c-d6b8-4291-ae86-775d46774b56,GGN-Daruherra,Zepto,Delhi/NCR,Haryana,28.207636,76.803185
a45e53cb-bb72-48b5-84a4-5dc8ca06a2d6,DEL-Baprola,Zepto,Delhi/NCR,Delhi,28.64460332751475,77.02022023843291
a13c8b45-35e4-4fd1-beae-f898dd2b9e93,LKO-Rajajipuram,Zepto,Lucknow,Uttar Pradesh,26.84682424,80.88005731
c688da38-967b-4e15-862f-458ce8ea6821,MUM-MALAD Network 2,Zepto,Mumbai,Maharashtra,19.14982153386505,72.84506827625304
d109333b-96c0-49ee-a78d-4966d79710a6,COI-Parashakti nagar,Zepto,Coimbatore,Tamilnadu,11.044423,76.983716
7d68a957-c0e8-4841-ad02-f98b4dddcee2,KNU-Shyam Nagar,Zepto,Kanpur,Uttar Pradesh,26.411355,80.36718
609b769b-43f4-4de9-8989-7dc8c2b5cdc2,BEK-Rampur Garden,Zepto,Bareilly,Uttar Pradesh,28.347679,79.429551
f7caefb4-fd0c-43ee-bf5e-593a7bb33860,JAI-Kalyanpura,Zepto,Jaipur,Rajasthan,26.846189,75.759039
5744e8d8-2d5e-40d6-a0a1-6de5156dc8e7,PAT-Punjabi Bagh,Zepto,Patiala,Punjab,30.3415,76.37979
086819d5-945b-4e11-b392-bf9a421d9fd2,VJW-Sri Ramchandra Nagar,Zepto,Vijayawada,Andhra Pradesh,16.511668,80.679519
eedbad6f-ada7-40cd-922e-828198efed50,KOL-Maniktala,Zepto,Kolkata,West Bengal,22.589866710766227,88.3758036398596
309c7b5f-7840-442d-adc1-908c393f760e,PAT-Urban Estate,Zepto,Patiala,Punjab,30.349294,76.443967
c73b0824-ac1e-43eb-98e4-ed5b849a651b,DEL-Narela,Zepto,Delhi/NCR,Delhi,28.8531944,77.1017222
c3937bd5-02ec-43db-b411-93951a26a159,LKO-Sardari Kheda,Zepto,Lucknow,Uttar Pradesh,26.81317,80.907039
fe80f1c1-0a55-4f02-a972-9250a4c17c39,KOL-Garia,Zepto,Kolkata,West Bengal,22.464212,88.388718
779c2c0e-a826-463f-8019-78b46a6e6498,BLR-Nehru Nagar,Zepto,Bengaluru,Karnataka,13.09133919,77.60125138
1dee02ae-10d8-449b-8dbc-162dcb20edbe,VEL-VIT,Zepto,Vellore,Tamilnadu,12.968328,79.152243
7a00b962-e558-4d95-9d23-98060c62152b,BLR-Hegganahalli,Zepto,Bengaluru,Karnataka,13.007886,77.506191
1db604d7-9540-4318-b7db-bf6d7b265a5b,HYD-Nagole,Zepto,Hyderabad,Telangana,17.36373022,78.55743011
5565a614-f2a6-428f-9396-5237db1828e7,BLR-Sunrise Layout,Zepto,Bengaluru,Karnataka,12.84495985,77.59398467
7333c09a-d46f-4c45-845d-360e2ed38c8e,MUM-Waghle Estate Network,Zepto,Mumbai,Maharashtra,19.20052625606243,72.96042611642082
5c9e9548-d311-4206-adc5-6d3918731d90,JAI-Suraj Nagar,Zepto,Jaipur,Rajasthan,26.945454,75.739318
e6ebaf4d-7f47-44bd-bb8f-f7ab1e884191,BLR-Chandapura,Zepto,Bengaluru,Karnataka,12.78979486,77.70420581
ff61b724-51c4-4472-b728-e6298807dc09,PUN-Kothrud New,Zepto,Pune,Maharashtra,18.500078,73.79577
444a442d-982b-437d-a8eb-9ca9385eaed5,DEL-Anand Vihar Network,Zepto,Delhi/NCR,Delhi,28.6557301,77.2756487
8377168d-5d92-4937-943c-75dff1ed8575,SUR-Palanpur,Zepto,Surat,Gujarat,21.20437036,72.76941507
dad7f2ba-1d52-4c30-8c5a-c7fa01f705a1,DEL-JANAKPURI,Zepto,Delhi/NCR,Delhi,28.621729,77.082744
3587d930-d517-4847-8e2c-c48ecabeba45,CHN-PALLAVARAM,Zepto,Chennai,Tamilnadu,12.963639,80.163972
9d0727d9-8296-4b1f-adc1-80e720f049f5,MRT-PVS Mall,Zepto,Meerut,Uttar Pradesh,28.954647,77.733437
c00b42da-968d-46af-b09d-8313ed62be85,Pun-Ravet Network,Zepto,Pune,Maharashtra,18.624998073377704,73.72665526843792
0a5bba7b-0f2f-4f65-98a3-44529d3156ff,NOD-SECTOR PI-1,Zepto,Delhi/NCR,Uttar Pradesh,28.47040714575944,77.5401006536516
d13c1520-9614-4788-940b-b94ebdfa434f,DEL-Tri Nagar,Zepto,Delhi/NCR,Delhi,28.68250501623302,77.15278932491124
ea738588-4a4c-4d6c-b5c7-380d49dd06ea,PUN-Baner Network-2,Zepto,Pune,Maharashtra,18.550624925242825,73.76328090250028
913e4d9c-179c-43fc-b130-b0c9c39d3800,HBL-Vidhya Nagar,Zepto,Hubballi,Karnataka,15.3721735,75.1174296
26ec9b6b-b566-4f36-b5dd-eb6fb92a0caf,HYD-Miyapur Network,Zepto,Hyderabad,Telangana,17.5042463,78.3585064
1970c36d-650d-4be8-8c28-45f89fbc6384,HYD-Hayathnagar Khalsa,Zepto,Hyderabad,Telangana,17.332441,78.600585
956303ea-b445-47a0-94b3-7e3ab9066b5f,CHN-TNHB Layout,Zepto,Chennai,Tamilnadu,13.095310939986271,80.14660066230965
a12779ec-72d7-4af2-b557-8d8d70e92679,VAD-Tandalja,Zepto,Vadodra,Gujarat,22.288164,73.1352
1d852498-590f-4ffa-babf-aae026e3584d,BLR-Narayanapura Network,Zepto,Bengaluru,Karnataka,13.062748457002924,77.63500347623888
32989280-a610-4395-aca5-5ba4823af4bd,JAI-Tonk Phatak,Zepto,Jaipur,Rajasthan,26.876097,75.790882
49d9df40-6b3b-4f3e-ad7d-bda18f57d419,DEL-New Mustafabad,Zepto,Delhi/NCR,Delhi,28.71099,77.262043
2b25b1fd-8ab2-4065-9f8b-caef224c087c,SON-Kundli,Zepto,Delhi/NCR,Haryana,28.900177,77.117607
bc4b39b0-c1c4-4b68-aef5-076a323e8cf4,DEL-Nangloi Extension,Zepto,Delhi/NCR,Delhi,28.678831,77.065048
f36075d2-40c9-4e63-a9d0-4fe36b2ca31f,DEL-Wazirpur Network,Zepto,Delhi/NCR,Delhi,28.720401,77.167386
d56e42a4-7150-4aa4-b7fc-84f9caa43963,GGN-Sector 39 NETWORK-4,Zepto,Delhi/NCR,Haryana,28.427366761688525,77.04595329604659
176da4ba-5563-43ce-bb78-5568a4b8f0d0,NAG-Jaripatka,Zepto,Nagpur,Maharashtra,21.1735833,79.0912222
bf18569a-7111-4e13-b389-edf020a1218d,KTU-Rangbari,Zepto,Kota,Rajasthan,25.119186,75.845908
3f82b919-5cc7-42a9-8e0a-147da44f9114,PUN-Pradhikaran,Zepto,Pune,Maharashtra,18.65483,73.83881
a0cc192c-a4e7-4671-aacd-ce6891b53bba,KOC-Aluva,Zepto,Kochi,Kerala,10.102468,76.349966
5dc64daf-aad9-41c9-8b2a-45f1c6e37fb5,DED-Adhowala,Zepto,Dehradun,Uttarakhand,30.324036,78.061297
13e48e2d-b274-45cf-a675-0b6b7a05a36b,CHN-Vyasarpadi,Zepto,Chennai,Tamilnadu,13.127247,80.258125
6d105ce4-1dd6-416f-86d3-310f7f2ffaab,JLR-Sunny Enclave,Zepto,Jalandhar,Punjab,31.330448,75.614372
37b900f0-25c0-448b-825a-74d62c8ceb41,MUM-Andheri West,Zepto,Mumbai,Maharashtra,19.13490847118454,72.83589318597221
871ffc63-229f-4a33-b9f5-13644d79fb07,LKO-Daliganj,Zepto,Lucknow,Uttar Pradesh,26.8758096,80.9355816
a3d3505f-b5c5-4ba6-8bec-2ea6533a02de,BLR-Jakkur Network,Zepto,Bengaluru,Karnataka,13.059459,77.622438
a1cbdf77-8824-4c12-85b4-3b114318497d,BLR-JP Nagar Network,Zepto,Bengaluru,Karnataka,12.91322647998058,77.57300633655056
dc62c1e8-21cf-4d94-920d-e5e08a110322,AHM-Navrangpura,Zepto,Ahmedabad,Gujarat,23.040506654508405,72.55775172541642
d1fefd3d-d2ec-4213-917a-762416c3c23c,MUM-Kharghar Network,Zepto,Mumbai,Maharashtra,19.07086602461259,73.07862762294509
97301572-98d1-4b4d-8e40-d52748fe5233,BLR-Malleshwaram new,Zepto,Bengaluru,Karnataka,12.987709,77.561344
8fe0a1ee-0ea0-4a84-ba34-80b0d266ad31,DEL-Dwarka Sector 10 New,Zepto,Delhi/NCR,Delhi,28.58763683513106,77.068232378374
5ebdb9c0-59e0-436c-9e67-5594e00a45af,DEL-VASANT KUNJ,Zepto,Delhi/NCR,Delhi,28.5251672,77.1545416
98ee4a78-f196-4bd1-9f00-1c27b126d231,MUM-Colaba,Zepto,Mumbai,Maharashtra,18.912487578476608,72.82453234800509
3a410c47-9ebf-410e-8c86-c68c3fafab29,GOP-Taramandal,Zepto,Gorakhpur,Uttar Pradesh,26.729196,83.385074
10655b62-1ead-42a2-a02c-d7a749951d48,DEL-CHATTARPUR,Zepto,Delhi/NCR,Delhi,28.495495,77.185081
4fd851db-0ec5-499e-9c7b-724a03966eb8,GZB-Crossing Republic,Zepto,Delhi/NCR,Uttar Pradesh,28.626005,77.43981
391731c1-dd52-4f25-850d-d388f0520713,BLR-Mico layout network-2,Zepto,Bengaluru,Karnataka,12.903689596835164,77.62857765401905
207f5863-3807-437d-bb18-593da3befb60,HYD-Ameerpet New,Zepto,Hyderabad,Telangana,17.4311792,78.43302146
cbf9f315-5b12-45f1-af0e-9d374c17d261,MUM-Bandra,Zepto,Mumbai,Maharashtra,19.070569587288613,72.83969841814339
0f5f31f2-f764-498a-9cc5-606cf82f4f2e,BLR-BELLANDUR - 2,Zepto,Bengaluru,Karnataka,12.919105937453647,77.6969531187559
74aa405e-238e-4103-abb3-096bd7e6f553,MUM-BKC NW New,Zepto,Mumbai,Maharashtra,19.07071717,72.84924269
ccc9dc9b-9c6f-421e-bedc-f2e7463a75e9,BLR-Kumaraswamy Layout,Zepto,Bengaluru,Karnataka,12.89481283,77.56436304
6d4b8a87-d966-4f00-bd1a-69919409731b,HYD-Nizampet New,Zepto,Hyderabad,Telangana,17.515805591411326,78.38155986695547
39b60f5b-f69b-4664-8c1b-31dbb40c63d8,MUM-Andheri West Network 2 New,Zepto,Mumbai,Maharashtra,19.14202196,72.83592903
ff1faef1-3d57-48e0-acce-b6fa68b925e1,BLR-Bellandur 6,Zepto,Bengaluru,Karnataka,12.92153068,77.6778849
a0671666-f881-4ee0-aa9b-bcd3ee58d19d,GZB-Kaushambi,Zepto,Delhi/NCR,Uttar Pradesh,28.633766,77.327194
8be2198a-76dd-42c7-a351-d1c2b80d459e,MUM-Lokhandwala,Zepto,Mumbai,Maharashtra,19.1348674,72.8254786
56a84923-c0a2-48e2-8038-22b142c59fff,BLR-Tippenahalli,Zepto,Bengaluru,Karnataka,13.028672,77.494908
dbf340e3-54d9-4842-98da-e11d23d7e3ac,BLR-Electronic city network,Zepto,Bengaluru,Karnataka,12.8373766,77.64362247
4332c938-8582-4628-95d9-2844086daf78,Del-Dwarka Sector 19 New,Zepto,Delhi/NCR,Delhi,28.5772487,77.05026
2510c6f9-3c8f-4cc0-8688-b836944587e8,DEL-Green park,Zepto,Delhi/NCR,Delhi,28.56066406,77.20253227
e0e12ce6-3431-4ed8-a74b-b0de26426220,BLR-Kannamangala,Zepto,Bengaluru,Karnataka,13.0174588533338,77.7593782964583
eb6b329a-e514-4f86-b1b0-d11991efc00a,NOD-NOIDA EXTENSION NETWORK,Zepto,Delhi/NCR,Uttar Pradesh,28.601754,77.44594
f234bb80-5551-416a-ac32-e3734ecd6258,GGN-SECTOR 38,Zepto,Delhi/NCR,Haryana,28.434254,77.047958
2050a7de-e13c-4947-bac7-7995d8c6e72d,MUM-Ashok Van,Zepto,Mumbai,Maharashtra,19.2404431,72.8670403
376dd638-f05e-4171-b4e1-b97650b79fe7,BLR-Marathahalli-3,Zepto,Bengaluru,Karnataka,12.96160746,77.70483424
500bffb6-dfb4-468f-832f-3f305f575f1f,MUM-KANDIVALI EAST Network,Zepto,Mumbai,Maharashtra,19.19405204107649,72.86572139337252
318b567c-b7bf-4997-a79b-27c3055e080a,BLR-Manjunatha layout,Zepto,Bengaluru,Karnataka,12.946874,77.71504
94528e28-a7cb-4b41-8127-6a5625f4516f,BLR-Marathahalli-4,Zepto,Bengaluru,Karnataka,12.94915445,77.70329588
64ce964a-4464-4cc7-b726-d6befbaa27f9,BLR-Junnasandra,Zepto,Bengaluru,Karnataka,12.90252,77.68669
03b26203-507f-4489-b0ff-b34eb42a2215,BLR-Brookfield Network-2,Zepto,Bengaluru,Karnataka,12.9951836,77.7201213
bf1b6356-328b-4cfa-840e-0b555dab374f,BLR-27th Main Road,Zepto,Bengaluru,Karnataka,12.92066697,77.64927694
5f267ad5-446b-4a8b-86f0-df174ad545dd,MUM-Sai Baba Nagar,Zepto,Mumbai,Maharashtra,19.21321673,72.84813124
6ad459f8-927e-4a94-8a80-432502af0e8c,MUM-Pali Hill,Zepto,Mumbai,Maharashtra,19.062533861974096,72.82817204025781
ad36d77c-bdd7-427c-bbab-089efa9b5b1e,HYD-Kompally,Zepto,Hyderabad,Telangana,17.526434,78.484016
46447215-f214-4e66-9e93-26a5d8509daa,GZB-Indirapuram Network-3,Zepto,Delhi/NCR,Uttar Pradesh,28.64172,77.371997
97bf23f5-dc0c-4783-ba7d-9d6da842066b,BLR-BASAVANAPURA NETWORK 2,Zepto,Bengaluru,Karnataka,13.032066609543769,77.70806468564933
a58369d0-5902-4113-b0b7-58f4daae321e,NOD-Sector 47,Zepto,Delhi/NCR,Uttar Pradesh,28.549371,77.362991
433bb54d-7e04-4f91-ac03-bee784a3102c,DEL-Model Town New,Zepto,Delhi/NCR,Delhi,28.71557412543001,77.20820162479627
9231fcfd-2b2e-434d-bec7-0de208e0f10d,MUM-KURLA EAST,Zepto,Mumbai,Maharashtra,19.059000952554257,72.89085733059038
38ac846f-6255-4a51-8bad-bf50f3c23827,MUM-Tunga Village,Zepto,Mumbai,Maharashtra,19.1160776,72.8918198
5ac90c68-3608-41c5-b3e3-dc59ff0f0a91,BLR-Bellandur new,Zepto,Bengaluru,Karnataka,12.928560975999732,77.67066436231032
0c02c311-65e5-4495-bcb4-ee96476882bb,BLR-Kudlu,Zepto,Bengaluru,Karnataka,12.8906552,77.6456667
21d42ce9-9a73-428f-89ef-75323784c3b8,BLR-HSR-2,Zepto,Bengaluru,Karnataka,12.899316,77.651296
320121c9-8af7-4921-9eea-5c456b7a900d,BLR-BELLANDUR-4,Zepto,Bengaluru,Karnataka,12.948843115360791,77.68669714487676
4f0e57e8-9610-41b9-acb0-efe2cd7eb7d9,DEL-Janakpuri Network,Zepto,Delhi/NCR,Delhi,28.63086683914033,77.08216796334901
e044093d-2a02-4fd7-a1e9-5542edbe746a,BLR-GUNJUR Network,Zepto,Bengaluru,Karnataka,12.93949838,77.72908936
7ae361e2-d507-4d10-a5c7-e8d14fded59d,BLR-Whitefield Network-2,Zepto,Bengaluru,Karnataka,12.97187036118193,77.73492020211933
72655f9e-d9be-4b01-b2ac-62e61d2efd47,MUM-LOWER PAREL NEW,Zepto,Mumbai,Maharashtra,18.999098,72.830425
4e5abfcd-fda7-4e76-8f19-96ef2c343491,GGN-Sector 41 New,Zepto,Delhi/NCR,Haryana,28.455740263352,77.06236286719512
931f6620-df91-45d7-a527-99a29c4db568,BLR-Jayanagar 9th block,Zepto,Bengaluru,Karnataka,12.926377,77.597071
a122a7fb-b822-45b5-adb5-c92ed4661980,DEL-Rajinder Nagar,Zepto,Delhi/NCR,Delhi,28.643,77.1848
64f822f2-6e64-484c-9e7c-e1b9319a2e71,MUM-Four Bungalows,Zepto,Mumbai,Maharashtra,19.12684805,72.83241475
1ad29aa7-34e9-4268-9238-5a3a3fcd1bd2,BLR-Sattava East,Zepto,Bengaluru,Karnataka,13.02716623,77.74726407
b91d4052-6ea1-4b97-9aba-d6a642735146,BLR-Banjara Layout,Zepto,Bengaluru,Karnataka,13.03608037,77.66570773
8ecd89b5-1413-49cd-8087-320f363c0ede,HYD-Sri Ram Nagar,Zepto,Hyderabad,Telangana,17.46043491,78.35278414
6ccfc337-2950-40f6-8bab-c7b5905c0f43,MUM-Mharal,Zepto,Mumbai,Maharashtra,19.2471048,73.1775971
c6df9a09-1e44-4dae-ac93-4f9aab709a3a,MUM-Andheri East New,Zepto,Mumbai,Maharashtra,19.122382,72.86289
0921a0f1-6acb-46da-bbf8-c85018e6fdb1,BLR-SINGASANDRA,Zepto,Bengaluru,Karnataka,12.870083,77.659171
9a0ea877-80f5-441f-b63a-6f2c8eef3832,CHN-Mylapore Network,Zepto,Chennai,Tamilnadu,13.0487968,80.2688796
0694297e-1f04-4896-98de-fa6aac6b8a37,NOD-ITEDA,Zepto,Delhi/NCR,Uttar Pradesh,28.6056415,77.4395169
2fc208e2-13ec-407a-b947-51c8fe777f71,BLR-CV Raman Nagar Network,Zepto,Bengaluru,Karnataka,12.996864,77.673218
a9270a93-3b09-47de-a1f0-b24dda248a6f,BLR-Arekere,Zepto,Bengaluru,Karnataka,12.885917,77.6083204
5a7da89a-1be1-430e-b00e-8a1c71f66e82,BLR-Narayanapura,Zepto,Bengaluru,Karnataka,13.0638213428266,77.6492006993277
f89c559b-54ab-418f-a913-43d57c6d2d77,HYD-Borabanda,Zepto,Hyderabad,Telangana,17.456517,78.411404
9cb04932-56b9-4c1b-9989-6fd69be4cc12,HYD-Financial District,Zepto,Hyderabad,Telangana,17.41181071,78.34279672
9fb087cf-076d-40a0-b974-8d26eaa69f44,BLR-Basavanapura Network,Zepto,Bengaluru,Karnataka,13.00442,77.72122
1d4f476d-d3b5-4d50-b5c6-59e884db47b3,HYD-Moti Nagar Phase III,Zepto,Hyderabad,Telangana,17.450874,78.422597
c21e59b4-2cb0-42ae-afd2-2aa6c3026918,HYD-Saroor Nagar,Zepto,Hyderabad,Telangana,17.3514295,78.5391096
5c5665dc-dc3a-4a6e-9829-acecadfe49d5,DEL-Trilokpuri,Zepto,Delhi/NCR,Delhi,28.598169,77.300041
fac79573-63ae-4dd4-a7b5-bd8d8fa61ce2,MUM-Fort,Zepto,Mumbai,Maharashtra,18.937693134906407,72.83331561285922
6118ee4c-ee70-4b20-b071-f8e5e39fb7be,DEL-Uttam Nagar New,Zepto,Delhi/NCR,Delhi,28.61748993009441,77.06902674029908
31a8b99d-0d1a-4f32-a367-e6cf62bb8603,DEL-Nangloi,Zepto,Delhi/NCR,Delhi,28.661143,77.084335
e5b38f40-f9c0-4355-baa9-269c4d85396b,NOD-SECTOR 116,Zepto,Delhi/NCR,Uttar Pradesh,28.565900163500384,77.39550716205312
9994adc8-71a8-48c9-9892-6f2a3b247ff6,BLR-Seegehalli,Zepto,Bengaluru,Karnataka,13.019430271760386,77.72412424144288
047c3539-e3a3-4996-bd0b-71182aee7b00,BLR-Bellandur-5,Zepto,Bengaluru,Karnataka,12.929433,77.704772
4a54d5f5-0bd9-4b8f-b08a-120d8e7926d7,MUM-Kurla W,Zepto,Mumbai,Maharashtra,19.08264127945045,72.87952775278666
425e2ef0-02bc-4c87-b423-cfbc6e56984a,BLR-Siddapura,Zepto,Bengaluru,Karnataka,12.957613961663071,77.7295608134923
9b6c805a-0324-4d78-96c0-0e9c3dec81ff,HYD-Kushaiguda,Zepto,Hyderabad,Telangana,17.481737,78.577863
2a03ca86-cefc-4372-b2e8-eb577889f48c,BLR-HBR Layout,Zepto,Bengaluru,Karnataka,13.036634185632463,77.62425877563467
cf1fab3e-edc1-4a8a-8054-5abe91c20f69,BLR-TMC Layout,Zepto,Bengaluru,Karnataka,12.91025,77.58977
2fa35ecf-4334-4ec6-b6de-5bae11a3dbf7,DEL-UTTAM NAGAR NETWORK,Zepto,Delhi/NCR,Delhi,28.61611894164267,77.04690489610358
834e1acb-7f03-424e-9b2b-3bebefbdde9a,DEL-IGNOU main road,Zepto,Delhi/NCR,Delhi,28.5146,77.2051
6065ae05-53da-45bf-89ce-474215022b49,GZB- Nyay Khand,Zepto,Delhi/NCR,Uttar Pradesh,28.638189,77.359465
17a221cb-335d-4a8c-a04a-694435f615c3,DEL-Laxmi nagar,Zepto,Delhi/NCR,Delhi,28.6284691,77.2784406
a1c954c0-215a-4270-9df6-1ea27453083f,HYD-Jagathgiri Gutta,Zepto,Hyderabad,Telangana,17.50541659,78.42731633
a747aca8-5583-4f32-aa16-e804cefaa95a,KOL-Park street network,Zepto,Kolkata,West Bengal,22.54421287124457,88.35109404905572
05d5e1df-5159-4484-8322-87e02e4655c3,DEL-Punjabi Bagh,Zepto,Delhi/NCR,Delhi,28.67441058,77.12299817
c46cc946-f7eb-4f5b-aaff-cf6fdcba6618,DEL-Paschim Vihar,Zepto,Delhi/NCR,Delhi,28.669035,77.104414
c8140214-bf94-42c0-8f7f-ea6767170196,MUM-Hiranandani Estate,Zepto,Mumbai,Maharashtra,19.249041,72.983032
e62b31c3-5bd4-49df-84cd-127ec549c830,MUM-Prabhadevi,Zepto,Mumbai,Maharashtra,19.015224,72.825203
a898c8dc-70a7-4af3-9bf8-7907d6d6f5de,HYD-RAMANTHAPUR,Zepto,Hyderabad,Telangana,17.3956491009958,78.52678736237874
8d0f1225-d15a-408c-876e-6cc42d2c229a,GZB-Raj Nagar Extension Network,Zepto,Delhi/NCR,Uttar Pradesh,28.706309,77.417538
1c165a3a-e315-4aa5-a644-5a17b307b68e,HYD-KOTHAPET NETWORK-2,Zepto,Hyderabad,Telangana,17.376299356210254,78.5566787956357
37531a1f-495c-4f67-bd1e-e3a6158fbf10,BLR-Budigere Cross,Zepto,Bengaluru,Karnataka,13.063784,77.741966
276795b6-81e7-40f5-9054-efa418de5561,BLR-RAGHAVENDRA LAYOUT NETWORK 2,Zepto,Bengaluru,Karnataka,12.8666929,77.5357013
595183e5-c95f-451c-82b4-38f2de65cd09,BLR-Anjanapura,Zepto,Bengaluru,Karnataka,12.860349480598778,77.54171840613785
5feee4ae-dfd9-4484-b060-722c7802c642,MUM-Central Park,Zepto,Mumbai,Maharashtra,19.052389,73.075325
dae4ebff-33f8-425f-88c1-aae075ee7a52,MUM-Sector 20 Ulwe,Zepto,Mumbai,Maharashtra,18.983898,73.029093
329deb14-183d-4581-90eb-8c40a5e91fd5,MUM-KASARVADAVALI,Zepto,Mumbai,Maharashtra,19.26571464312632,72.9678039974523
