pca_x,pca_y,cluster,segment_label,company,order_value
-1.5236,1.5627,2,Price-Sensitive,Swiggy Instamart,1162.08525
-1.4887,-0.5676,1,At-Risk,Blinkit,897.1776000000001
0.6379,0.7548,3,Price-Sensitive,Zepto,402.36525
2.0667,-0.9114,0,Loyal Customers,Blinkit,155.85200000000003
0.6679,-0.5357,0,Loyal Customers,Zepto,474.3375
3.2347,-0.6051,0,Loyal Customers,Blinkit,111.876
0.2451,2.268,3,Price-Sensitive,Blinkit,1340.874
-1.6052,-0.9198,1,At-Risk,Zepto,680.1270000000001
-1.841,-1.191,1,At-Risk,Blinkit,523.84
-0.1414,2.6257,3,Price-Sensitive,Blinkit,1608.9318
1.2824,-1.3211,0,Loyal Customers,Swiggy Instamart,100.52399999999996
-0.176,1.592,3,Price-Sensitive,Swiggy Instamart,1033.6409999999998
-1.2851,1.404,2,Price-Sensitive,Blinkit,1067.7558
1.822,-0.8622,0,Loyal Customers,Swiggy Instamart,158.13299999999998
0.7329,-0.4835,0,Loyal Customers,Zepto,553.0790000000001
1.4355,-0.4841,0,Loyal Customers,Swiggy Instamart,505.8185
-0.4878,-1.3725,1,At-Risk,Zepto,257.49350000000004
0.2875,-0.4272,0,Loyal Customers,Swiggy Instamart,657.4114999999999
-0.288,-0.278,2,Price-Sensitive,Swiggy Instamart,50.0
-2.3405,0.9701,2,Price-Sensitive,Zepto,1037.4052499999998
-0.6526,-1.2023,1,At-Risk,Zepto,361.391
-1.6052,-1.1999,1,At-Risk,Zepto,478.9175
1.6111,-0.6839,0,Loyal Customers,Blinkit,306.04760000000005
0.0846,-1.427,1,At-Risk,Zepto,198.0765
-0.8263,-0.4307,1,At-Risk,Swiggy Instamart,844.6635
0.3752,-0.1968,0,Loyal Customers,Blinkit,755.0172000000001
-0.5869,0.7127,2,Price-Sensitive,Blinkit,581.6772000000001
-0.8711,-1.2642,1,At-Risk,Zepto,385.1085
-0.3333,-1.7586,1,At-Risk,Blinkit,50.0
-1.2037,0.1686,2,Price-Sensitive,Blinkit,388.6248000000001
-1.3336,1.121,2,Price-Sensitive,Blinkit,934.7724
0.1219,-0.9925,1,At-Risk,Blinkit,388.6824
2.4859,-0.8244,0,Loyal Customers,Zepto,75.69900000000001
-0.7297,-1.6824,1,At-Risk,Swiggy Instamart,177.192
-0.4551,-0.3124,1,At-Risk,Blinkit,867.8664000000001
1.8083,-0.2622,0,Loyal Customers,Swiggy Instamart,492.683
-2.1444,0.3221,2,Price-Sensitive,Zepto,601.6905
-0.9861,1.3386,2,Price-Sensitive,Blinkit,1028.718
-0.0461,-0.0869,3,Price-Sensitive,Zepto,50.0
-0.6334,0.445,2,Price-Sensitive,Zepto,465.0345
-1.9587,-0.9936,1,At-Risk,Zepto,762.1754999999999
-0.393,0.386,2,Price-Sensitive,Blinkit,398.0694
-0.7523,0.4693,1,At-Risk,Zepto,1271.3105
-0.6876,0.8358,2,Price-Sensitive,Swiggy Instamart,639.9795
1.1594,-0.3889,0,Loyal Customers,Swiggy Instamart,547.308
0.6784,-0.3336,0,Loyal Customers,Zepto,662.7495000000001
-0.414,-1.6366,1,At-Risk,Swiggy Instamart,129.8005
0.0306,1.6807,3,Price-Sensitive,Zepto,1049.02875
-1.4479,-0.1898,2,Price-Sensitive,Zepto,170.39925
-0.5938,0.5921,2,Price-Sensitive,Zepto,471.90975
1.4957,-0.3626,0,Loyal Customers,Swiggy Instamart,459.11099999999993
-0.4392,2.3487,3,Price-Sensitive,Swiggy Instamart,1511.4854999999998
-0.5769,-0.7772,1,At-Risk,Blinkit,619.0364
0.8639,-0.8785,0,Loyal Customers,Zepto,281.5575
1.6003,-0.721,0,Loyal Customers,Swiggy Instamart,251.771
-2.072,0.9747,2,Price-Sensitive,Zepto,984.72975
-1.1296,0.0247,2,Price-Sensitive,Swiggy Instamart,373.27275
0.0908,-1.555,1,At-Risk,Blinkit,93.4172
-0.3195,-1.6297,1,At-Risk,Swiggy Instamart,106.268
-2.1658,-0.201,1,At-Risk,Zepto,1201.2125
0.2819,-0.0192,3,Price-Sensitive,Swiggy Instamart,50.0
0.4295,1.2431,3,Price-Sensitive,Swiggy Instamart,772.9762499999999
-0.3922,-0.3748,1,At-Risk,Swiggy Instamart,810.4739999999999
1.9528,-0.6654,0,Loyal Customers,Swiggy Instamart,244.3865
-1.2289,2.5202,2,Price-Sensitive,Blinkit,1725.3924000000002
-0.0129,0.4496,3,Price-Sensitive,Zepto,321.53925000000004
-1.5577,-0.8864,1,At-Risk,Zepto,690.48
-2.3947,1.2636,2,Price-Sensitive,Swiggy Instamart,1168.0192499999998
2.3333,-0.9153,0,Loyal Customers,Blinkit,50.0
-2.2242,0.3334,2,Price-Sensitive,Zepto,690.5115000000001
0.8129,1.8649,3,Price-Sensitive,Blinkit,1024.2252
0.8638,-0.0402,0,Loyal Customers,Zepto,761.1575
-1.6601,-1.3277,1,At-Risk,Zepto,527.142
1.2885,0.2816,3,Price-Sensitive,Blinkit,50.0
-0.5692,-1.3298,1,At-Risk,Zepto,265.9625
0.4333,-0.9125,0,Loyal Customers,Blinkit,386.0352
1.268,-1.3254,0,Loyal Customers,Zepto,75.06900000000002
0.5328,1.0944,3,Price-Sensitive,Zepto,636.5205
0.533,0.2495,3,Price-Sensitive,Blinkit,179.0244
1.646,-0.0836,0,Loyal Customers,Blinkit,698.2632
1.545,-1.1185,0,Loyal Customers,Blinkit,50.0
1.1398,1.367,3,Price-Sensitive,Swiggy Instamart,744.43575
-2.7271,1.8558,2,Price-Sensitive,Zepto,1613.313
2.4013,0.7235,3,Price-Sensitive,Swiggy Instamart,138.29700000000005
-1.0211,0.4829,2,Price-Sensitive,Blinkit,584.2332
-1.9182,-0.1779,1,At-Risk,Swiggy Instamart,1231.8249999999998
2.1854,1.5124,3,Price-Sensitive,Blinkit,561.6012000000001
0.6002,-0.3115,0,Loyal Customers,Blinkit,643.5504000000001
-0.8765,-1.8274,1,At-Risk,Blinkit,50.0
-0.8622,-0.8562,1,At-Risk,Zepto,597.7545
0.0057,-1.0164,1,At-Risk,Blinkit,402.416
0.2724,-0.23,1,At-Risk,Swiggy Instamart,759.5255
-0.6552,-1.3662,1,At-Risk,Swiggy Instamart,355.6145
-1.2052,-0.5271,1,At-Risk,Blinkit,847.7892
0.0275,0.7741,3,Price-Sensitive,Swiggy Instamart,564.76125
-1.8503,-0.4604,1,At-Risk,Zepto,968.767
-1.826,-0.8041,1,At-Risk,Zepto,777.9635000000001
0.7253,0.2196,3,Price-Sensitive,Zepto,50.0
-1.2319,-1.1663,1,At-Risk,Zepto,460.194
2.011,1.17,3,Price-Sensitive,Zepto,425.4615
-0.138,-1.641,1,At-Risk,Swiggy Instamart,50.0
-0.4957,-0.1465,2,Price-Sensitive,Zepto,126.693
-1.5062,1.112,2,Price-Sensitive,Blinkit,954.696
0.2597,-1.379,1,At-Risk,Swiggy Instamart,164.09349999999998
-1.7765,-1.0169,1,At-Risk,Zepto,707.1350000000001
-1.1464,-1.1,1,At-Risk,Blinkit,485.0388
-1.0379,-1.7615,1,At-Risk,Zepto,78.72900000000001
0.0345,-1.6103,1,At-Risk,Swiggy Instamart,50.0
-0.4832,-1.0846,1,At-Risk,Blinkit,403.7656
-0.1598,0.1871,1,At-Risk,Zepto,1072.6820000000002
1.1662,1.7226,3,Price-Sensitive,Blinkit,839.6297999999999
-0.1178,-1.3821,1,At-Risk,Zepto,220.2815
2.04,-0.5593,0,Loyal Customers,Blinkit,252.156
1.8788,0.713,0,Loyal Customers,Swiggy Instamart,1009.953
-0.2489,0.7765,3,Price-Sensitive,Zepto,561.47175
-0.8976,0.6654,2,Price-Sensitive,Blinkit,653.2452000000001
-2.803,1.3662,2,Price-Sensitive,Swiggy Instamart,1366.377
1.7844,1.223,3,Price-Sensitive,Swiggy Instamart,463.42725
1.7607,0.9224,3,Price-Sensitive,Blinkit,396.71760000000006
0.0772,-0.5965,1,At-Risk,Blinkit,627.0456000000001
0.199,2.4723,3,Price-Sensitive,Blinkit,1499.4576000000002
0.4398,0.185,0,Loyal Customers,Blinkit,934.8696
-0.7289,1.9599,2,Price-Sensitive,Blinkit,1277.0898
0.1386,1.0732,3,Price-Sensitive,Blinkit,722.8764000000001
0.9916,-1.3418,0,Loyal Customers,Swiggy Instamart,50.0
-0.0612,-1.0156,1,At-Risk,Blinkit,373.4424
-1.739,3.6164,2,Price-Sensitive,Zepto,2393.5995000000003
-0.7687,-0.6826,1,At-Risk,Blinkit,731.322
0.3953,0.0909,0,Loyal Customers,Zepto,935.7345
0.0997,-0.4599,0,Loyal Customers,Zepto,663.4905
-1.0134,0.9254,2,Price-Sensitive,Blinkit,761.3466000000001
-0.4381,0.9504,2,Price-Sensitive,Blinkit,723.5892000000001
1.238,1.7742,3,Price-Sensitive,Swiggy Instamart,920.99475
-1.3356,0.6108,2,Price-Sensitive,Zepto,663.1935000000001
-1.032,2.5916,2,Price-Sensitive,Blinkit,1687.5168000000003
0.5895,0.1793,0,Loyal Customers,Blinkit,927.092
-1.1673,1.5101,2,Price-Sensitive,Swiggy Instamart,1156.33125
-0.7072,-1.2952,1,At-Risk,Zepto,298.2
-0.7396,1.0513,2,Price-Sensitive,Zepto,754.31475
1.491,-1.1275,0,Loyal Customers,Blinkit,50.0
-2.2046,1.6021,2,Price-Sensitive,Blinkit,1366.308
0.224,0.7939,0,Loyal Customers,Blinkit,1358.0696
-1.0295,0.5622,2,Price-Sensitive,Blinkit,657.7158000000001
0.5879,-0.9121,0,Loyal Customers,Blinkit,335.826
-1.7989,0.2358,2,Price-Sensitive,Zepto,523.0185
1.9713,-0.7538,0,Loyal Customers,Blinkit,241.8632000000001
-0.2209,0.8448,3,Price-Sensitive,Blinkit,661.4418000000001
-1.0511,-1.8196,1,At-Risk,Zepto,80.86600000000001
0.2864,-0.0358,3,Price-Sensitive,Swiggy Instamart,50.0
-1.3249,-0.9093,1,At-Risk,Swiggy Instamart,693.6255
-1.9973,-0.3066,1,At-Risk,Swiggy Instamart,1076.9319999999998
-2.1832,1.2955,2,Price-Sensitive,Blinkit,1231.7508000000005
0.8529,-0.1021,0,Loyal Customers,Zepto,763.6965000000001
-1.6414,1.475,2,Price-Sensitive,Zepto,1240.95825
0.2069,0.2833,3,Price-Sensitive,Zepto,183.42075
-0.1577,-0.8711,1,At-Risk,Swiggy Instamart,525.2164999999999
0.7664,-0.9177,0,Loyal Customers,Swiggy Instamart,330.18049999999994
0.3082,-0.614,0,Loyal Customers,Swiggy Instamart,587.8995
-2.829,1.2299,2,Price-Sensitive,Blinkit,1267.4832
0.273,0.6702,3,Price-Sensitive,Zepto,468.5535
0.7714,1.2926,3,Price-Sensitive,Zepto,672.49575
-1.4932,0.1469,2,Price-Sensitive,Swiggy Instamart,472.443
0.1236,-1.5948,1,At-Risk,Swiggy Instamart,50.0
1.4446,-0.3955,0,Loyal Customers,Swiggy Instamart,491.127
1.7065,-1.1134,0,Loyal Customers,Zepto,50.0
-0.144,-0.1914,0,Loyal Customers,Swiggy Instamart,917.6655
0.6777,-1.5691,0,Loyal Customers,Swiggy Instamart,50.0
-0.9093,-1.8528,1,At-Risk,Swiggy Instamart,50.0
-0.6136,-0.5347,1,At-Risk,Zepto,724.1129999999999
-0.9422,1.2418,2,Price-Sensitive,Blinkit,963.7056
1.2252,-0.4116,0,Loyal Customers,Swiggy Instamart,510.278
2.09,-0.4999,0,Loyal Customers,Blinkit,336.42800000000005
-1.08,0.9582,2,Price-Sensitive,Swiggy Instamart,891.0832500000001
0.4187,-0.0761,0,Loyal Customers,Zepto,782.991
0.3133,2.1455,3,Price-Sensitive,Blinkit,1201.0158
1.2556,1.7153,3,Price-Sensitive,Blinkit,824.3694
-2.2455,0.2312,2,Price-Sensitive,Zepto,572.2605
-0.1234,-1.1346,1,At-Risk,Zepto,409.76700000000005
-0.6583,0.2136,2,Price-Sensitive,Blinkit,373.8636
1.0087,-1.5291,0,Loyal Customers,Swiggy Instamart,50.0
-1.8412,-1.8926,1,At-Risk,Zepto,214.1685
1.5459,-0.0516,0,Loyal Customers,Blinkit,633.042
-1.4387,2.4959,2,Price-Sensitive,Zepto,1707.072
-0.8925,0.0331,1,At-Risk,Swiggy Instamart,1110.7585
-1.097,-1.3551,1,At-Risk,Zepto,339.31550000000004
-0.2623,-1.0974,1,At-Risk,Zepto,408.0615
0.5709,0.0553,3,Price-Sensitive,Swiggy Instamart,50.0
-0.1172,-1.1476,1,At-Risk,Swiggy Instamart,344.2755
0.5629,-0.5497,0,Loyal Customers,Swiggy Instamart,537.3604999999999
-0.2778,-1.4385,1,At-Risk,Swiggy Instamart,223.873
0.1879,0.3009,3,Price-Sensitive,Blinkit,276.8418
-1.9848,0.4429,2,Price-Sensitive,Zepto,693.2835
1.4792,1.8847,3,Price-Sensitive,Swiggy Instamart,888.47325
-2.4894,0.8294,2,Price-Sensitive,Zepto,963.1755
0.0003,0.6423,3,Price-Sensitive,Swiggy Instamart,417.75675
0.6661,-1.0091,0,Loyal Customers,Zepto,256.9325
1.3877,-0.0596,0,Loyal Customers,Swiggy Instamart,697.8675
-0.2086,-0.7706,1,At-Risk,Zepto,532.602
-0.1318,-1.7149,1,At-Risk,Swiggy Instamart,50.0
0.5614,1.6677,3,Price-Sensitive,Zepto,953.37225
-0.4004,-0.9928,1,At-Risk,Swiggy Instamart,499.169
-0.0045,2.7328,3,Price-Sensitive,Blinkit,1612.2240000000002
1.4892,0.7054,3,Price-Sensitive,Blinkit,219.68820000000005
1.2177,-0.4897,0,Loyal Customers,Swiggy Instamart,504.6685
1.7347,0.1811,0,Loyal Customers,Blinkit,712.314
-0.619,-1.1478,1,At-Risk,Blinkit,472.6188
0.0251,-1.2096,1,At-Risk,Blinkit,308.6856
-0.4683,0.9303,2,Price-Sensitive,Swiggy Instamart,744.0442499999999
-0.6138,-1.7176,1,At-Risk,Zepto,101.472
0.3165,-1.2676,1,At-Risk,Blinkit,184.92560000000003
-0.9711,-1.1963,1,At-Risk,Swiggy Instamart,426.843
0.8333,-0.0396,0,Loyal Customers,Zepto,718.6830000000001
-0.0792,0.9827,3,Price-Sensitive,Zepto,645.0600000000002
-2.0247,-0.6818,2,Price-Sensitive,Blinkit,50.0
0.6079,1.075,3,Price-Sensitive,Zepto,552.0562500000001
1.6733,-1.1385,0,Loyal Customers,Swiggy Instamart,50.0
-0.2669,-1.5054,1,At-Risk,Zepto,176.811
0.0886,-1.1,1,At-Risk,Blinkit,333.97800000000007
-1.4193,3.6958,2,Price-Sensitive,Zepto,2376.678
0.1399,-1.1179,1,At-Risk,Swiggy Instamart,298.356
0.5447,0.2778,0,Loyal Customers,Blinkit,1017.3276
-1.5566,-1.1909,1,At-Risk,Zepto,581.1034999999999
0.6652,-1.2775,0,Loyal Customers,Blinkit,218.742
-0.961,0.7741,2,Price-Sensitive,Zepto,722.4525
-0.0283,-1.0556,1,At-Risk,Blinkit,366.7248
-1.0313,2.7179,2,Price-Sensitive,Zepto,1769.38875
-1.1499,-1.6576,1,At-Risk,Blinkit,251.532
-1.5862,1.7293,2,Price-Sensitive,Zepto,1292.64975
-0.4825,-0.7243,1,At-Risk,Zepto,668.5500000000001
-0.1788,0.0973,1,At-Risk,Zepto,1013.4765
0.616,1.5264,3,Price-Sensitive,Swiggy Instamart,864.1042499999999
-0.7029,-0.9197,1,At-Risk,Zepto,549.5615
0.1376,-1.2083,1,At-Risk,Zepto,285.4445
1.5291,1.1773,3,Price-Sensitive,Swiggy Instamart,457.5735
0.9144,2.7392,3,Price-Sensitive,Blinkit,1504.9344
-1.6988,-0.1375,2,Price-Sensitive,Blinkit,313.82640000000004
0.9498,-0.7538,0,Loyal Customers,Swiggy Instamart,368.4255
-0.8756,1.4144,2,Price-Sensitive,Zepto,1023.6165
0.4594,-1.2579,0,Loyal Customers,Zepto,166.2675
-0.0497,2.1757,3,Price-Sensitive,Blinkit,1347.966
-2.107,1.0052,2,Price-Sensitive,Zepto,1012.5045
0.2781,0.1736,3,Price-Sensitive,Blinkit,185.50440000000003
-0.3942,0.3768,2,Price-Sensitive,Swiggy Instamart,399.83775
1.1218,-0.6557,0,Loyal Customers,Swiggy Instamart,431.3385
-0.9901,-1.9409,1,At-Risk,Zepto,50.0
1.6352,0.5249,0,Loyal Customers,Swiggy Instamart,973.185
0.0059,-0.9933,1,At-Risk,Swiggy Instamart,439.515
2.0137,-0.676,0,Loyal Customers,Blinkit,270.408
1.1852,-0.1868,0,Loyal Customers,Swiggy Instamart,635.5835
-0.027,2.1304,3,Price-Sensitive,Swiggy Instamart,1214.37
-0.4976,-1.7438,1,At-Risk,Swiggy Instamart,55.0865
0.9466,0.1878,3,Price-Sensitive,Swiggy Instamart,50.0
0.8126,0.4456,3,Price-Sensitive,Blinkit,189.2322
-0.0261,-0.3379,1,At-Risk,Swiggy Instamart,805.9454999999999
-0.8377,1.6466,2,Price-Sensitive,Zepto,1133.52975
-0.9297,1.2662,2,Price-Sensitive,Zepto,913.059
-2.6126,0.5199,2,Price-Sensitive,Zepto,888.68625
-2.0918,0.0161,2,Price-Sensitive,Blinkit,469.0824
0.76,0.715,0,Loyal Customers,Zepto,1187.928
0.9654,1.4362,3,Price-Sensitive,Zepto,696.792
0.6795,0.1694,0,Loyal Customers,Blinkit,913.4076
-0.0996,-1.0326,1,At-Risk,Swiggy Instamart,387.803
2.0634,-1.1052,0,Loyal Customers,Swiggy Instamart,57.91649999999999
-1.5297,0.5534,2,Price-Sensitive,Swiggy Instamart,632.3032499999999
0.231,2.0285,3,Price-Sensitive,Swiggy Instamart,1224.5257499999998
-0.5296,-0.3268,1,At-Risk,Swiggy Instamart,870.803
1.9777,-0.9448,0,Loyal Customers,Swiggy Instamart,113.94449999999998
0.8967,-0.1495,0,Loyal Customers,Blinkit,681.8384000000001
2.5451,2.1667,3,Price-Sensitive,Swiggy Instamart,923.84475
0.9862,0.3247,0,Loyal Customers,Swiggy Instamart,988.2895
-0.3748,-0.7606,1,At-Risk,Zepto,588.42
0.2121,-0.8487,0,Loyal Customers,Swiggy Instamart,444.7195
1.1112,0.1318,3,Price-Sensitive,Blinkit,50.0
-0.7409,-0.2725,2,Price-Sensitive,Zepto,94.54725
1.0402,2.9101,3,Price-Sensitive,Swiggy Instamart,1590.0877499999997
-0.8276,2.7493,2,Price-Sensitive,Zepto,1737.2055000000005
1.0818,-0.6438,0,Loyal Customers,Swiggy Instamart,366.25999999999993
-2.1045,0.2941,2,Price-Sensitive,Zepto,644.8207500000001
-1.1428,0.5698,2,Price-Sensitive,Swiggy Instamart,611.478
-0.8295,-1.511,1,At-Risk,Zepto,279.039
-1.2787,-0.6678,1,At-Risk,Zepto,805.7965
0.8559,-1.0645,0,Loyal Customers,Blinkit,209.3816
0.199,-0.5176,1,At-Risk,Swiggy Instamart,725.2384999999999
-0.1283,-0.008,2,Price-Sensitive,Zepto,86.86424999999997
1.5639,-0.1729,0,Loyal Customers,Blinkit,563.4236000000001
-1.6637,0.2138,2,Price-Sensitive,Swiggy Instamart,597.954
-1.571,0.6153,2,Price-Sensitive,Swiggy Instamart,757.71
-1.4867,-0.5338,1,At-Risk,Blinkit,861.0752000000001
-1.4317,-0.838,1,At-Risk,Swiggy Instamart,722.088
1.2351,0.558,0,Loyal Customers,Blinkit,1023.5916
-1.0245,-0.3571,1,At-Risk,Swiggy Instamart,964.528
1.8442,-0.1765,0,Loyal Customers,Blinkit,500.9888
0.2324,-0.6589,1,At-Risk,Blinkit,545.6028000000001
-1.4639,0.673,2,Price-Sensitive,Blinkit,720.4950000000001
1.9918,-0.9728,0,Loyal Customers,Swiggy Instamart,50.0
-0.2937,-0.4979,1,At-Risk,Blinkit,699.3648
0.3887,0.7888,3,Price-Sensitive,Swiggy Instamart,486.8332499999999
1.4069,-0.0804,0,Loyal Customers,Zepto,759.8055
0.1399,2.2593,3,Price-Sensitive,Swiggy Instamart,1362.9225
-1.2384,-1.8927,1,At-Risk,Zepto,50.0
1.6459,-1.0387,0,Loyal Customers,Blinkit,88.0848
1.2052,-0.5099,0,Loyal Customers,Blinkit,485.4276
-0.3697,1.0323,2,Price-Sensitive,Blinkit,793.56
-1.794,-0.5547,1,At-Risk,Zepto,887.4075
1.2435,-0.1837,0,Loyal Customers,Swiggy Instamart,631.3974999999999
-0.6738,-1.4648,1,At-Risk,Blinkit,257.6772
-0.6598,-1.5834,1,At-Risk,Zepto,133.114
0.5764,2.085,3,Price-Sensitive,Blinkit,1167.5502
1.7653,0.473,3,Price-Sensitive,Swiggy Instamart,142.74974999999998
0.8451,1.1283,3,Price-Sensitive,Zepto,577.5840000000001
-1.5747,0.7275,2,Price-Sensitive,Blinkit,780.4188000000001
-1.4611,1.9373,2,Price-Sensitive,Zepto,1439.361
1.5344,1.2703,3,Price-Sensitive,Blinkit,557.5044
-1.0214,0.6583,2,Price-Sensitive,Blinkit,623.1816
2.7835,-0.8583,0,Loyal Customers,Swiggy Instamart,50.0
1.4362,-0.2124,0,Loyal Customers,Swiggy Instamart,577.4725
0.6751,-1.3859,0,Loyal Customers,Blinkit,102.3192
0.9166,-0.6537,0,Loyal Customers,Swiggy Instamart,468.694
-1.7696,-0.9472,1,At-Risk,Zepto,670.0365
-0.5089,-1.6116,1,At-Risk,Zepto,106.8325
-2.3683,1.9079,2,Price-Sensitive,Zepto,1544.1637500000002
1.5442,-0.0744,0,Loyal Customers,Swiggy Instamart,670.067
0.0663,-1.0214,0,Loyal Customers,Blinkit,386.7372
0.0257,-0.5333,1,At-Risk,Swiggy Instamart,649.7925
-0.7694,1.3557,2,Price-Sensitive,Zepto,910.87275
0.507,0.968,3,Price-Sensitive,Swiggy Instamart,569.06025
-1.5258,-1.7185,1,At-Risk,Blinkit,266.5008
-1.482,0.0933,2,Price-Sensitive,Blinkit,428.4108000000001
-1.4453,-0.2738,2,Price-Sensitive,Zepto,242.94375
-0.5226,2.5175,2,Price-Sensitive,Blinkit,1618.9932
-0.8375,-1.1962,1,At-Risk,Zepto,391.561
0.3838,1.5359,3,Price-Sensitive,Zepto,824.2447500000001
0.0683,0.985,3,Price-Sensitive,Swiggy Instamart,631.0912500000001
-0.2388,1.2287,2,Price-Sensitive,Swiggy Instamart,821.0962499999998
-0.4897,-0.7888,1,At-Risk,Zepto,576.067
0.1317,0.184,2,Price-Sensitive,Swiggy Instamart,207.765
1.0244,0.4367,3,Price-Sensitive,Blinkit,173.9718
-1.1511,-1.1825,1,At-Risk,Zepto,441.74050000000005
-1.0062,-0.0911,1,At-Risk,Blinkit,1062.2352
-0.7421,-0.8762,1,At-Risk,Swiggy Instamart,607.8555
1.2018,0.0236,0,Loyal Customers,Swiggy Instamart,789.5324999999999
-0.6278,1.2712,2,Price-Sensitive,Zepto,897.4597499999999
-0.2662,0.9023,2,Price-Sensitive,Swiggy Instamart,674.5094999999999
-1.4183,-0.9661,1,At-Risk,Zepto,611.9820000000001
-0.1787,-0.1485,1,At-Risk,Swiggy Instamart,889.2604999999999
1.0682,0.3044,3,Price-Sensitive,Blinkit,108.85980000000002
-1.212,0.389,2,Price-Sensitive,Zepto,513.6569999999999
-0.6058,-0.9615,1,At-Risk,Blinkit,536.2956
-0.1422,1.4522,3,Price-Sensitive,Swiggy Instamart,955.3222499999996
1.9769,-0.8237,0,Loyal Customers,Blinkit,132.5268
0.3705,0.3439,0,Loyal Customers,Blinkit,1042.74
0.4225,-0.8833,0,Loyal Customers,Zepto,335.706
-1.4577,-0.932,1,At-Risk,Zepto,660.63
1.614,-0.4506,0,Loyal Customers,Blinkit,424.9352
-1.7679,1.9062,2,Price-Sensitive,Zepto,1475.40525
-1.8514,-1.5143,1,At-Risk,Swiggy Instamart,373.247
1.7193,2.1762,3,Price-Sensitive,Blinkit,1087.4232000000002
-1.167,-1.359,1,At-Risk,Blinkit,448.956
-0.1021,-1.1077,1,At-Risk,Blinkit,330.3396
0.8909,1.5846,3,Price-Sensitive,Blinkit,814.5714000000002
-0.0747,-1.041,1,At-Risk,Swiggy Instamart,407.6175
-2.1002,-0.4837,2,Price-Sensitive,Zepto,201.39525000000003
0.5469,0.445,0,Loyal Customers,Blinkit,1063.1736
0.6473,-0.2926,0,Loyal Customers,Blinkit,715.7252000000001
0.9598,-0.665,0,Loyal Customers,Zepto,357.0185
0.4301,-1.5269,1,At-Risk,Swiggy Instamart,50.0
-1.1407,-1.4401,1,At-Risk,Blinkit,312.5196
-0.7964,-0.5144,1,At-Risk,Swiggy Instamart,762.8095
-0.3252,-1.1972,1,At-Risk,Blinkit,414.9872
-0.7276,-0.7874,1,At-Risk,Blinkit,690.9732
0.2238,-0.2347,0,Loyal Customers,Zepto,813.0090000000001
0.3458,1.5941,3,Price-Sensitive,Swiggy Instamart,892.1009999999999
0.3721,1.6302,3,Price-Sensitive,Zepto,969.39
-0.2714,1.2617,2,Price-Sensitive,Swiggy Instamart,864.3629999999999
-0.5844,-0.5858,1,At-Risk,Swiggy Instamart,728.5264999999999
-0.1675,-0.099,1,At-Risk,Swiggy Instamart,880.6814999999999
1.2113,0.3727,0,Loyal Customers,Swiggy Instamart,990.2535
2.2301,0.3895,0,Loyal Customers,Swiggy Instamart,775.3644999999999
-0.0787,-1.4798,1,At-Risk,Zepto,109.6305
1.6122,0.8018,0,Loyal Customers,Blinkit,1092.5076
1.2222,1.1967,3,Price-Sensitive,Blinkit,615.1284
1.846,-0.1961,0,Loyal Customers,Zepto,526.3065
2.5595,-0.0267,0,Loyal Customers,Zepto,587.3115
-1.8001,-2.0109,1,At-Risk,Zepto,114.5655
-1.102,-0.9061,1,At-Risk,Blinkit,635.1264000000001
0.8249,0.0306,0,Loyal Customers,Swiggy Instamart,862.4795
0.1807,2.608,3,Price-Sensitive,Swiggy Instamart,1527.4665
-0.5786,1.6843,2,Price-Sensitive,Swiggy Instamart,1112.5252499999997
0.5178,0.3592,3,Price-Sensitive,Swiggy Instamart,230.391
-0.8729,-1.0945,1,At-Risk,Blinkit,468.70920000000007
-2.1749,-0.9123,1,At-Risk,Zepto,810.4635000000001
-0.0303,-0.1378,1,At-Risk,Blinkit,929.1984
0.1607,0.4248,3,Price-Sensitive,Zepto,328.04100000000005
-1.178,-0.9384,1,At-Risk,Zepto,595.2345
0.893,-1.4891,0,Loyal Customers,Swiggy Instamart,50.0
-0.7155,-0.8861,1,At-Risk,Swiggy Instamart,553.4405
0.8654,-0.7569,0,Loyal Customers,Swiggy Instamart,447.7145
2.8223,1.0327,3,Price-Sensitive,Swiggy Instamart,258.39149999999995
1.0172,-0.6598,0,Loyal Customers,Blinkit,383.022
1.4802,-1.0875,0,Loyal Customers,Swiggy Instamart,133.39999999999998
-0.4563,-0.1738,1,At-Risk,Blinkit,941.0816
-0.8871,-1.0865,1,At-Risk,Zepto,471.135
0.6013,-1.1941,0,Loyal Customers,Swiggy Instamart,192.7555
1.5839,-0.7813,0,Loyal Customers,Swiggy Instamart,270.5414999999999
0.9275,-0.4306,0,Loyal Customers,Zepto,499.6215
1.5881,-0.8555,0,Loyal Customers,Zepto,225.42900000000003
2.6191,0.338,0,Loyal Customers,Swiggy Instamart,714.016
-2.3649,1.1098,2,Price-Sensitive,Zepto,1074.57525
0.9969,0.4133,3,Price-Sensitive,Swiggy Instamart,178.83674999999997
1.0933,-1.4012,0,Loyal Customers,Swiggy Instamart,50.0
-0.4321,-1.4233,1,At-Risk,Blinkit,238.9284
-0.4136,0.9634,2,Price-Sensitive,Zepto,624.5272500000001
1.2004,-1.2511,0,Loyal Customers,Blinkit,124.31760000000004
-1.2237,-1.1347,1,At-Risk,Swiggy Instamart,573.689
-0.7822,-1.2245,1,At-Risk,Blinkit,379.08
0.076,-0.1928,1,At-Risk,Blinkit,841.1904000000001
-1.3546,1.6142,2,Price-Sensitive,Swiggy Instamart,1245.17025
1.343,-0.4138,0,Loyal Customers,Swiggy Instamart,488.0945
-1.1458,1.1041,2,Price-Sensitive,Blinkit,937.7208000000002
1.0958,-1.0215,0,Loyal Customers,Blinkit,187.488
-1.7295,-1.7217,1,At-Risk,Zepto,302.379
1.8961,1.996,3,Price-Sensitive,Blinkit,966.9924
-0.3078,-0.8344,1,At-Risk,Blinkit,559.1376
-0.8424,1.0209,2,Price-Sensitive,Zepto,783.06675
0.5774,-1.3833,0,Loyal Customers,Blinkit,50.0
0.5932,-0.671,0,Loyal Customers,Blinkit,471.42
0.9843,-0.8513,0,Loyal Customers,Zepto,318.129
0.8203,-0.7195,0,Loyal Customers,Zepto,382.074
-1.5666,-1.3347,1,At-Risk,Zepto,475.2845
0.7178,-0.8812,0,Loyal Customers,Swiggy Instamart,403.3535
-0.0987,1.3801,3,Price-Sensitive,Zepto,845.8312500000001
-1.2935,-1.2816,1,At-Risk,Blinkit,462.58400000000006
0.562,0.1193,3,Price-Sensitive,Blinkit,50.0
-2.1456,0.5525,2,Price-Sensitive,Zepto,771.057
1.1336,-0.7252,0,Loyal Customers,Swiggy Instamart,347.645
-0.4931,-0.0086,2,Price-Sensitive,Blinkit,190.7874
-1.8704,1.5429,2,Price-Sensitive,Zepto,1237.8870000000002
-0.2799,1.1351,2,Price-Sensitive,Blinkit,818.7318
0.1708,-0.3577,1,At-Risk,Blinkit,717.3488000000001
-0.0189,-1.3193,1,At-Risk,Zepto,233.5935
1.3958,0.2228,0,Loyal Customers,Swiggy Instamart,830.9979999999999
1.5661,1.2849,3,Price-Sensitive,Swiggy Instamart,614.10375
-1.0299,0.4873,2,Price-Sensitive,Blinkit,542.1282000000001
0.9505,0.8869,3,Price-Sensitive,Blinkit,466.2642000000001
-1.2315,0.7074,2,Price-Sensitive,Swiggy Instamart,757.16625
1.3401,1.2007,3,Price-Sensitive,Blinkit,552.825
0.8498,-0.0523,0,Loyal Customers,Blinkit,776.4984000000001
-0.7034,2.2644,2,Price-Sensitive,Swiggy Instamart,1458.1079999999995
1.1691,0.3038,3,Price-Sensitive,Blinkit,50.0
0.8084,-0.727,0,Loyal Customers,Blinkit,416.286
0.9433,-0.2045,0,Loyal Customers,Blinkit,676.4132
0.9859,0.4292,3,Price-Sensitive,Swiggy Instamart,207.8745
0.1805,-1.1138,1,At-Risk,Blinkit,328.1148
0.1576,-0.2866,0,Loyal Customers,Blinkit,819.416
-1.8714,-0.1558,1,At-Risk,Swiggy Instamart,1206.7095
-0.4409,1.3945,2,Price-Sensitive,Zepto,895.08825
-1.1529,-0.4421,1,At-Risk,Blinkit,928.218
0.5566,-0.8414,0,Loyal Customers,Swiggy Instamart,411.755
-0.6659,-1.7406,1,At-Risk,Blinkit,95.5476
-2.3218,2.0147,2,Price-Sensitive,Zepto,1552.698
-0.2586,-0.6164,1,At-Risk,Blinkit,654.3072000000001
-2.0467,-1.3959,1,At-Risk,Blinkit,561.0352
1.2695,0.2002,3,Price-Sensitive,Blinkit,50.0
0.2705,-1.0254,1,At-Risk,Swiggy Instamart,325.785
-0.6649,2.0541,2,Price-Sensitive,Blinkit,1336.0788000000002
2.217,0.3171,0,Loyal Customers,Blinkit,796.0668000000001
0.6164,2.911,3,Price-Sensitive,Blinkit,1602.2790000000002
2.5776,-0.3332,0,Loyal Customers,Blinkit,336.7968
-0.4193,-1.4056,1,At-Risk,Swiggy Instamart,198.917
0.0942,2.2807,3,Price-Sensitive,Swiggy Instamart,1331.7344999999998
-1.2378,-1.4376,1,At-Risk,Blinkit,355.0176000000001
0.4219,0.2634,0,Loyal Customers,Zepto,967.707
-0.6647,-0.8559,1,At-Risk,Zepto,554.637
-1.1606,1.8375,2,Price-Sensitive,Blinkit,1364.0562
-0.4244,0.8725,2,Price-Sensitive,Blinkit,644.4036
-0.9351,-0.6677,1,At-Risk,Swiggy Instamart,730.0775
0.6579,-1.4318,0,Loyal Customers,Zepto,50.0
0.0901,-1.4953,1,At-Risk,Swiggy Instamart,50.0
0.2218,1.1853,3,Price-Sensitive,Swiggy Instamart,691.1902499999999
2.1596,-0.0909,0,Loyal Customers,Blinkit,510.81840000000005
0.3245,1.7666,3,Price-Sensitive,Swiggy Instamart,1058.7495
0.0213,1.3803,3,Price-Sensitive,Swiggy Instamart,805.0102499999998
1.5655,-0.9769,0,Loyal Customers,Zepto,142.08800000000002
-0.8773,0.0325,1,At-Risk,Blinkit,1132.1748
-0.4852,0.0518,1,At-Risk,Swiggy Instamart,1018.279
0.4542,-1.0342,1,At-Risk,Blinkit,272.5812
0.9349,1.4673,3,Price-Sensitive,Zepto,703.00125
-1.7288,1.2054,2,Price-Sensitive,Swiggy Instamart,1080.8204999999998
-0.5306,-1.465,1,At-Risk,Zepto,192.7485
0.2978,-1.4369,1,At-Risk,Blinkit,70.382
1.95,0.6017,3,Price-Sensitive,Swiggy Instamart,142.79549999999998
0.0508,1.2514,3,Price-Sensitive,Swiggy Instamart,798.2954999999998
1.4226,-0.5222,0,Loyal Customers,Blinkit,371.8764
0.7685,-0.8096,0,Loyal Customers,Zepto,414.5525
1.3108,0.0173,0,Loyal Customers,Swiggy Instamart,740.3124999999999
0.1531,-1.2699,1,At-Risk,Zepto,175.404
-1.7368,-0.826,1,At-Risk,Zepto,771.779
-0.2346,-0.175,2,Price-Sensitive,Swiggy Instamart,50.0
-0.9792,-1.1829,1,At-Risk,Blinkit,457.706
0.1906,1.98,3,Price-Sensitive,Blinkit,1166.445
-0.9293,-1.0616,1,At-Risk,Swiggy Instamart,509.2659999999999
1.5684,0.3228,3,Price-Sensitive,Blinkit,50.0
1.4316,2.8985,3,Price-Sensitive,Swiggy Instamart,1449.7244999999998
-1.5694,-1.1129,1,At-Risk,Zepto,552.573
-0.4238,-0.3366,2,Price-Sensitive,Blinkit,50.0
0.857,-0.6887,0,Loyal Customers,Blinkit,428.6196000000001
-0.2429,0.1069,2,Price-Sensitive,Zepto,143.199
0.2093,1.6816,3,Price-Sensitive,Swiggy Instamart,985.32
-1.4985,0.8947,2,Price-Sensitive,Swiggy Instamart,921.90375
1.1028,1.6895,3,Price-Sensitive,Blinkit,844.0200000000001
0.1416,0.2016,3,Price-Sensitive,Swiggy Instamart,240.396
0.5971,-0.592,0,Loyal Customers,Blinkit,547.3676
-0.1652,-1.6886,1,At-Risk,Swiggy Instamart,50.0
-0.5693,1.0752,2,Price-Sensitive,Swiggy Instamart,767.694
-0.1202,-1.0093,1,At-Risk,Swiggy Instamart,406.906
-1.3095,0.8542,2,Price-Sensitive,Zepto,831.0674999999999
1.0445,3.0634,3,Price-Sensitive,Blinkit,1593.9792000000002
0.0104,-0.0398,3,Price-Sensitive,Swiggy Instamart,80.89725
-0.6774,1.4888,2,Price-Sensitive,Blinkit,1014.7374
1.6538,-0.1749,0,Loyal Customers,Blinkit,523.3484000000001
-0.2079,0.7586,2,Price-Sensitive,Swiggy Instamart,565.6679999999999
-2.1268,2.0277,2,Price-Sensitive,Zepto,1582.61025
0.8642,0.1946,0,Loyal Customers,Zepto,891.1034999999999
-0.8355,-1.0538,1,At-Risk,Zepto,549.0360000000001
-1.4095,0.9667,2,Price-Sensitive,Swiggy Instamart,916.0095
-0.5908,-0.7574,1,At-Risk,Blinkit,634.1976000000001
0.874,-0.1748,0,Loyal Customers,Blinkit,724.0968
-2.1116,0.2527,2,Price-Sensitive,Zepto,589.34925
-1.0626,0.6789,1,At-Risk,Blinkit,1528.5132
0.0715,1.8167,3,Price-Sensitive,Swiggy Instamart,1097.217
0.5128,-0.7005,0,Loyal Customers,Swiggy Instamart,437.299
-0.6352,-1.2427,1,At-Risk,Swiggy Instamart,350.0575
0.2579,1.3794,3,Price-Sensitive,Swiggy Instamart,816.4732499999999
3.2618,0.2285,0,Loyal Customers,Blinkit,638.6136
-2.1033,0.7272,2,Price-Sensitive,Blinkit,821.0436
1.4823,1.1619,3,Price-Sensitive,Swiggy Instamart,492.40725
1.06,0.7675,3,Price-Sensitive,Blinkit,404.0118
-0.9877,-0.3449,1,At-Risk,Zepto,911.2005
2.2956,-0.5905,0,Loyal Customers,Swiggy Instamart,230.667
-1.2671,0.6485,2,Price-Sensitive,Swiggy Instamart,736.3679999999999
-0.4601,-1.4638,1,At-Risk,Blinkit,241.11
1.9369,0.4987,0,Loyal Customers,Blinkit,870.0588
1.6257,-0.0053,0,Loyal Customers,Swiggy Instamart,665.4499999999999
0.129,-0.1801,3,Price-Sensitive,Zepto,50.0
-0.7867,-1.3848,1,At-Risk,Zepto,312.64300000000003
-0.5977,-1.6076,1,At-Risk,Blinkit,205.1676
-0.4995,-0.5332,1,At-Risk,Zepto,760.515
-1.7163,-1.0727,1,At-Risk,Zepto,643.4945
0.6795,-0.9124,0,Loyal Customers,Blinkit,336.96000000000004
-0.3889,-1.7052,1,At-Risk,Blinkit,50.0
-0.4988,1.6235,3,Price-Sensitive,Zepto,995.78625
0.6263,0.1768,3,Price-Sensitive,Zepto,50.0
0.1036,-0.6272,1,At-Risk,Blinkit,692.6352000000002
-1.9424,-0.0376,2,Price-Sensitive,Blinkit,437.013
-1.6906,-2.0884,1,At-Risk,Zepto,50.0
-0.844,-0.2705,1,At-Risk,Zepto,922.2885
1.3829,-1.2137,0,Loyal Customers,Zepto,50.0
1.9295,-0.5176,0,Loyal Customers,Swiggy Instamart,325.864
0.3632,-1.4644,1,At-Risk,Zepto,50.0
-0.5355,-1.6074,1,At-Risk,Zepto,246.82800000000003
1.419,1.2562,3,Price-Sensitive,Blinkit,512.2601999999999
-0.9591,0.1062,1,At-Risk,Blinkit,1184.7384000000002
-1.2443,-0.5257,1,At-Risk,Swiggy Instamart,906.3955
-0.3401,2.0569,2,Price-Sensitive,Swiggy Instamart,1367.601
-1.0972,-0.6977,1,At-Risk,Zepto,694.0035
-0.9527,0.4418,2,Price-Sensitive,Zepto,491.9355
-0.172,-0.9855,1,At-Risk,Blinkit,498.9912000000001
-0.1998,-1.1149,1,At-Risk,Swiggy Instamart,382.981
0.0132,1.7351,3,Price-Sensitive,Swiggy Instamart,1155.549
-0.398,-0.0908,2,Price-Sensitive,Zepto,93.7785
-0.0932,-0.7733,1,At-Risk,Swiggy Instamart,436.6235
1.9718,0.2147,0,Loyal Customers,Blinkit,728.2092
-0.0402,1.218,3,Price-Sensitive,Blinkit,744.0822000000001
-1.0316,-0.967,1,At-Risk,Zepto,530.9430000000001
2.2257,-0.108,0,Loyal Customers,Swiggy Instamart,567.516
-2.1465,0.0504,1,At-Risk,Swiggy Instamart,1362.063
0.3353,0.1103,0,Loyal Customers,Swiggy Instamart,922.216
-0.0841,0.0874,3,Price-Sensitive,Zepto,204.53625
-1.4142,-1.3087,1,At-Risk,Zepto,432.726
2.1415,-0.3985,0,Loyal Customers,Blinkit,321.492
-0.2642,-1.0221,1,At-Risk,Zepto,384.631
-0.5665,-1.2306,1,At-Risk,Zepto,351.9095
-0.7751,1.2922,2,Price-Sensitive,Zepto,962.0415000000002
0.4336,1.8772,3,Price-Sensitive,Blinkit,1113.186
1.8338,-0.2113,0,Loyal Customers,Blinkit,474.6816
-0.859,-1.4579,1,At-Risk,Zepto,224.9205
-0.7193,-1.5439,1,At-Risk,Zepto,224.616
1.2776,-0.5797,0,Loyal Customers,Zepto,385.65600000000006
1.3985,0.4837,3,Price-Sensitive,Swiggy Instamart,207.46575
0.2467,-0.579,0,Loyal Customers,Blinkit,564.366
-1.9938,-1.626,1,At-Risk,Zepto,393.876
2.345,1.3129,3,Price-Sensitive,Swiggy Instamart,503.0309999999999
-0.6167,-0.7989,1,At-Risk,Blinkit,636.4656000000001
-0.5046,2.3691,2,Price-Sensitive,Swiggy Instamart,1521.3292499999998
0.4126,1.8111,3,Price-Sensitive,Swiggy Instamart,1091.0969999999998
-0.6678,-1.4699,1,At-Risk,Blinkit,301.2416
-1.7338,0.7952,2,Price-Sensitive,Blinkit,898.4196000000001
1.7252,-1.0125,0,Loyal Customers,Swiggy Instamart,167.01849999999996
0.9808,-1.0125,0,Loyal Customers,Zepto,201.79100000000005
-0.0352,-1.297,1,At-Risk,Zepto,201.71750000000003
-0.7114,1.8579,2,Price-Sensitive,Blinkit,1330.6482
1.4039,0.0963,0,Loyal Customers,Swiggy Instamart,775.43
-1.1268,-1.5118,1,At-Risk,Zepto,313.8575
-1.0406,1.0943,2,Price-Sensitive,Zepto,880.2360000000001
0.0184,1.6551,2,Price-Sensitive,Blinkit,1092.2184000000002
-0.2749,-0.0232,1,At-Risk,Swiggy Instamart,942.405
1.8469,0.0464,0,Loyal Customers,Blinkit,639.9432
-0.7193,-0.8587,1,At-Risk,Blinkit,581.8468
-0.2693,-0.3525,1,At-Risk,Blinkit,758.6136
-0.4495,-0.4863,1,At-Risk,Swiggy Instamart,733.24
0.8977,-0.999,0,Loyal Customers,Blinkit,325.7808
1.4796,-0.2554,0,Loyal Customers,Swiggy Instamart,579.728
-0.412,0.5065,2,Price-Sensitive,Swiggy Instamart,527.373
-0.0594,0.2207,3,Price-Sensitive,Zepto,227.57175
1.9498,-0.4897,0,Loyal Customers,Blinkit,326.2116
1.4254,0.476,0,Loyal Customers,Swiggy Instamart,1008.6229999999998
-1.1755,2.9622,2,Price-Sensitive,Swiggy Instamart,1918.062
-0.2441,1.032,2,Price-Sensitive,Blinkit,693.36
-1.0639,1.9755,2,Price-Sensitive,Swiggy Instamart,1458.384
1.1405,0.1664,0,Loyal Customers,Blinkit,837.7884
-1.196,-1.438,1,At-Risk,Zepto,337.3875
1.1002,0.2511,0,Loyal Customers,Swiggy Instamart,911.475
1.2079,0.8647,3,Price-Sensitive,Zepto,412.275
-1.2705,1.0805,2,Price-Sensitive,Zepto,908.2867500000002
0.3547,-0.5646,0,Loyal Customers,Zepto,595.3080000000001
0.1092,1.694,3,Price-Sensitive,Swiggy Instamart,1038.105
-1.1766,0.4563,1,At-Risk,Zepto,1387.3285
-0.8393,-0.8379,1,At-Risk,Swiggy Instamart,625.5425
0.8589,-0.9889,0,Loyal Customers,Zepto,187.521
0.9777,0.7985,0,Loyal Customers,Swiggy Instamart,1195.7444999999998
-1.0279,1.0563,2,Price-Sensitive,Zepto,865.6477500000001
0.0308,1.5982,3,Price-Sensitive,Blinkit,1002.0834000000002
0.9276,-1.2832,0,Loyal Customers,Swiggy Instamart,129.199
0.0386,-0.6353,1,At-Risk,Blinkit,569.8296
-2.352,1.6165,2,Price-Sensitive,Blinkit,1434.9474
-1.2451,1.3096,2,Price-Sensitive,Zepto,1038.831
-1.5578,2.7181,2,Price-Sensitive,Zepto,1846.14825
-0.3928,-1.2939,1,At-Risk,Zepto,353.487
-0.6863,1.1506,2,Price-Sensitive,Zepto,869.3332499999999
-2.328,0.3556,2,Price-Sensitive,Zepto,711.648
0.1946,1.7126,3,Price-Sensitive,Zepto,993.17925
0.4873,-0.6651,0,Loyal Customers,Blinkit,489.5100000000001
0.079,-1.5367,1,At-Risk,Zepto,50.0
-0.604,-0.8707,1,At-Risk,Zepto,563.058
0.9344,0.5796,3,Price-Sensitive,Zepto,311.9355
0.7292,2.4,3,Price-Sensitive,Blinkit,1305.8784
-1.0706,-0.9807,1,At-Risk,Swiggy Instamart,553.2764999999999
1.0065,-0.4496,0,Loyal Customers,Swiggy Instamart,535.0835
-1.3382,1.0135,2,Price-Sensitive,Swiggy Instamart,827.7802499999999
-0.4948,-1.1158,1,At-Risk,Swiggy Instamart,450.363
-0.3015,2.093,3,Price-Sensitive,Zepto,1300.83975
0.9987,-0.0675,0,Loyal Customers,Blinkit,752.0384
0.0334,0.8601,3,Price-Sensitive,Zepto,606.6450000000001
0.629,-1.393,0,Loyal Customers,Blinkit,50.0
0.0292,2.3812,3,Price-Sensitive,Swiggy Instamart,1474.254
1.3483,0.892,3,Price-Sensitive,Blinkit,394.6602
-1.0601,-1.2828,1,At-Risk,Zepto,380.1605
1.1679,-0.7663,0,Loyal Customers,Blinkit,303.8016
-0.3408,1.7302,2,Price-Sensitive,Swiggy Instamart,1087.647
1.4399,0.8382,0,Loyal Customers,Blinkit,1176.5964
-1.9456,-0.1365,1,At-Risk,Blinkit,1228.178
0.5711,-1.1327,0,Loyal Customers,Blinkit,235.9584
-1.671,-1.2065,1,At-Risk,Zepto,568.283
-0.4214,-0.8438,1,At-Risk,Blinkit,555.942
1.6145,-0.2002,0,Loyal Customers,Swiggy Instamart,618.3665
1.3476,1.5343,3,Price-Sensitive,Swiggy Instamart,787.2555
1.4093,1.8439,3,Price-Sensitive,Swiggy Instamart,878.9414999999999
0.1857,-1.3852,1,At-Risk,Blinkit,240.4932000000001
-0.8231,-1.7833,1,At-Risk,Zepto,86.45700000000001
1.5653,2.3153,3,Price-Sensitive,Blinkit,1120.6998
3.205,-0.0697,0,Loyal Customers,Blinkit,462.9084
1.2394,0.1511,0,Loyal Customers,Blinkit,847.638
-1.6136,1.2056,2,Price-Sensitive,Swiggy Instamart,1065.6225
0.7572,-1.1382,0,Loyal Customers,Swiggy Instamart,206.227
-0.256,-0.0164,1,At-Risk,Blinkit,1002.3168
-1.1459,1.6151,2,Price-Sensitive,Blinkit,1216.6974
-0.3267,-0.2489,2,Price-Sensitive,Blinkit,50.0
0.3113,1.133,3,Price-Sensitive,Swiggy Instamart,680.8229999999999
-0.9731,0.3679,2,Price-Sensitive,Blinkit,507.1734
-1.3661,-1.626,1,At-Risk,Zepto,292.61150000000004
-2.2931,1.1266,2,Price-Sensitive,Blinkit,1161.6696000000002
-0.5201,-0.8496,1,At-Risk,Swiggy Instamart,621.2415
-0.5057,-1.6763,1,At-Risk,Zepto,50.0
0.3466,0.0466,0,Loyal Customers,Blinkit,936.3404
-0.9888,-0.8405,1,At-Risk,Blinkit,638.5304
-1.7759,0.0874,2,Price-Sensitive,Zepto,400.365
-0.3475,-1.6738,1,At-Risk,Blinkit,50.0
1.8819,0.1821,0,Loyal Customers,Blinkit,727.0668000000001
-0.7296,-1.597,1,At-Risk,Blinkit,236.8088
-0.4835,0.0498,2,Price-Sensitive,Zepto,159.24825
-0.6659,-1.8142,1,At-Risk,Swiggy Instamart,94.6885
-0.1189,-0.5791,1,At-Risk,Swiggy Instamart,677.396
0.3053,-0.3702,0,Loyal Customers,Blinkit,698.8032000000001
0.3252,-0.6566,0,Loyal Customers,Swiggy Instamart,584.802
-1.305,0.4629,2,Price-Sensitive,Zepto,548.5409999999999
-0.5258,-0.3119,1,At-Risk,Blinkit,844.8276000000001
-0.8653,-1.1363,1,At-Risk,Zepto,426.80550000000005
0.5754,1.2582,3,Price-Sensitive,Zepto,698.922
0.6998,2.2447,3,Price-Sensitive,Swiggy Instamart,1217.319
1.4095,-0.8667,0,Loyal Customers,Swiggy Instamart,243.965
1.4525,-0.7368,0,Loyal Customers,Swiggy Instamart,327.9075
-0.5573,-0.0516,2,Price-Sensitive,Blinkit,148.341
-1.7458,0.7474,2,Price-Sensitive,Zepto,774.28575
0.9191,-1.2641,0,Loyal Customers,Zepto,75.705
-0.3306,-0.672,1,At-Risk,Blinkit,570.8556000000001
0.4773,-1.3644,1,At-Risk,Blinkit,129.6192
-1.6018,0.6026,2,Price-Sensitive,Swiggy Instamart,788.394
2.1616,-0.9749,0,Loyal Customers,Blinkit,64.53920000000001
0.8872,-0.4885,0,Loyal Customers,Blinkit,506.3688
-0.3169,-1.3503,1,At-Risk,Blinkit,230.2236
-1.1954,0.8897,2,Price-Sensitive,Blinkit,811.8335999999999
0.5606,-0.3937,0,Loyal Customers,Blinkit,632.2536
-0.3608,-0.315,1,At-Risk,Swiggy Instamart,815.0829999999999
-1.6747,1.2941,2,Price-Sensitive,Zepto,1096.4835
1.456,0.9577,3,Price-Sensitive,Swiggy Instamart,474.19125
-1.2306,-0.7769,1,At-Risk,Swiggy Instamart,801.6089999999999
1.9314,-0.7803,0,Loyal Customers,Blinkit,212.8464
1.1568,-0.6033,0,Loyal Customers,Swiggy Instamart,405.6205
0.5348,0.4799,3,Price-Sensitive,Zepto,244.755
0.9079,-0.5034,0,Loyal Customers,Zepto,538.7175000000001
-1.0475,-1.3077,1,At-Risk,Blinkit,452.7452
-1.5281,-2.0098,1,At-Risk,Zepto,62.897
0.2916,-0.0918,3,Price-Sensitive,Blinkit,50.0
-1.2129,2.2578,2,Price-Sensitive,Swiggy Instamart,1577.47425
-0.2537,-1.0016,1,At-Risk,Swiggy Instamart,424.3885
1.2188,0.7345,3,Price-Sensitive,Blinkit,294.64320000000004
-0.6445,-1.743,1,At-Risk,Zepto,50.0
-1.9277,1.0304,2,Price-Sensitive,Blinkit,968.0148
-0.8518,-1.174,1,At-Risk,Blinkit,472.7064
1.4198,-0.0559,0,Loyal Customers,Zepto,641.663
-1.6873,-1.9305,1,At-Risk,Zepto,199.542
0.4508,-1.0879,0,Loyal Customers,Zepto,271.469
-1.8839,-1.5743,1,At-Risk,Zepto,394.632
-0.6715,-0.6187,1,At-Risk,Blinkit,755.2952000000001
-0.4464,-0.19,1,At-Risk,Zepto,878.7255
-1.3785,0.7417,2,Price-Sensitive,Blinkit,734.5242000000001
0.8649,1.935,3,Price-Sensitive,Swiggy Instamart,997.7744999999998
0.8504,-0.9763,0,Loyal Customers,Swiggy Instamart,246.863
-0.0259,-0.5499,0,Loyal Customers,Zepto,655.6850000000001
-2.2051,0.6258,2,Price-Sensitive,Zepto,836.9985
-0.51,-1.5669,1,At-Risk,Zepto,183.73100000000005
0.8066,0.3018,3,Price-Sensitive,Swiggy Instamart,200.673
-0.9065,-1.7266,1,At-Risk,Zepto,155.96699999999998
-0.9737,1.6205,2,Price-Sensitive,Blinkit,1156.7124
0.7176,-1.1454,0,Loyal Customers,Zepto,156.7185
-1.7296,-0.892,1,At-Risk,Blinkit,771.0788000000001
-2.0493,-1.6257,1,At-Risk,Zepto,406.2345
1.8931,0.4616,3,Price-Sensitive,Swiggy Instamart,50.0
-0.5626,-0.0507,2,Price-Sensitive,Swiggy Instamart,174.45149999999998
1.6518,0.5009,3,Price-Sensitive,Blinkit,96.9408
0.679,-0.5001,0,Loyal Customers,Blinkit,547.7976000000001
-0.8601,-1.1508,1,At-Risk,Zepto,411.4215
1.1829,-0.2895,0,Loyal Customers,Blinkit,582.1928
-1.3988,0.6145,2,Price-Sensitive,Swiggy Instamart,682.73775
1.0342,-1.0671,0,Loyal Customers,Blinkit,166.9032
1.1131,1.8013,3,Price-Sensitive,Swiggy Instamart,1015.2179999999998
1.0785,-0.2226,0,Loyal Customers,Blinkit,657.3528
-0.5304,-0.0033,1,At-Risk,Zepto,1068.1905
3.1495,0.0155,0,Loyal Customers,Swiggy Instamart,506.313
2.2694,0.9403,3,Price-Sensitive,Swiggy Instamart,306.5039999999999
-0.0767,0.6483,0,Loyal Customers,Blinkit,1289.8668
-1.0298,-0.844,1,At-Risk,Blinkit,666.6924
-0.1961,-0.8472,1,At-Risk,Swiggy Instamart,481.0335
-0.0544,0.5617,2,Price-Sensitive,Zepto,458.6782500000001
-1.4917,1.23,2,Price-Sensitive,Swiggy Instamart,1122.954
0.8585,2.1621,3,Price-Sensitive,Swiggy Instamart,1206.88275
0.4031,-0.0285,3,Price-Sensitive,Swiggy Instamart,50.0
0.5477,-1.0454,0,Loyal Customers,Blinkit,330.5016
-1.0393,-1.1209,1,At-Risk,Zepto,452.5185000000001
-1.4348,1.0902,2,Price-Sensitive,Blinkit,975.6612
0.3191,1.9277,3,Price-Sensitive,Blinkit,1155.9348
-1.0184,-1.8446,1,At-Risk,Zepto,135.62
-0.4639,-0.6958,1,At-Risk,Zepto,657.2685
-1.7761,-1.0721,1,At-Risk,Swiggy Instamart,611.8375
0.4603,-1.5635,0,Loyal Customers,Zepto,53.932500000000005
-0.1331,-0.9599,1,At-Risk,Zepto,411.768
-1.7772,2.8085,2,Price-Sensitive,Swiggy Instamart,1946.322
1.1582,1.0387,0,Loyal Customers,Blinkit,1321.7592000000002
-1.9409,1.6353,2,Price-Sensitive,Blinkit,1354.2744
-1.3415,1.9312,2,Price-Sensitive,Blinkit,1458.7614000000003
1.5072,-0.0647,0,Loyal Customers,Blinkit,694.332
0.0749,-1.355,1,At-Risk,Swiggy Instamart,179.7565
0.0803,1.3422,3,Price-Sensitive,Blinkit,879.1092000000001
0.3391,1.8891,3,Price-Sensitive,Blinkit,1081.3626
0.2535,0.4326,3,Price-Sensitive,Swiggy Instamart,320.5395
0.0709,0.5276,3,Price-Sensitive,Blinkit,424.533
-1.4173,0.8691,2,Price-Sensitive,Swiggy Instamart,782.1495
1.3584,-1.1297,0,Loyal Customers,Zepto,50.0
0.4899,0.8261,3,Price-Sensitive,Blinkit,481.8384
-0.8081,-0.6364,1,At-Risk,Blinkit,740.0268000000001
1.0663,0.0981,0,Loyal Customers,Swiggy Instamart,811.0719999999999
0.0411,-1.58,1,At-Risk,Swiggy Instamart,50.0
0.1275,-0.2018,0,Loyal Customers,Zepto,745.6340000000001
1.243,-1.1095,0,Loyal Customers,Zepto,50.0
1.2826,0.5814,3,Price-Sensitive,Blinkit,184.5144
0.5314,1.0707,3,Price-Sensitive,Zepto,654.76575
1.6777,-0.7032,0,Loyal Customers,Blinkit,263.42
-0.1293,-0.553,1,At-Risk,Zepto,589.1025
1.753,0.411,0,Loyal Customers,Blinkit,863.5808000000001
1.7606,-0.5648,0,Loyal Customers,Blinkit,334.8516
1.1494,-0.456,0,Loyal Customers,Blinkit,487.89
0.6652,-0.728,0,Loyal Customers,Blinkit,436.34280000000007
1.0887,-0.7375,0,Loyal Customers,Swiggy Instamart,373.681
0.1916,-1.4278,1,At-Risk,Blinkit,118.54080000000002
-1.2856,0.206,2,Price-Sensitive,Swiggy Instamart,440.841
1.5645,-0.1127,0,Loyal Customers,Swiggy Instamart,664.1904999999999
1.4973,-0.2464,0,Loyal Customers,Swiggy Instamart,572.4699999999999
-1.3555,0.4681,2,Price-Sensitive,Blinkit,641.5164000000001
0.8658,-0.2699,0,Loyal Customers,Blinkit,603.8604
-1.5389,2.4241,2,Price-Sensitive,Swiggy Instamart,1716.9097499999998
1.3898,1.6827,3,Price-Sensitive,Swiggy Instamart,795.60075
0.7327,-0.1027,0,Loyal Customers,Zepto,724.4580000000001
-0.7767,1.9265,2,Price-Sensitive,Zepto,1347.20775
0.7187,-0.3181,0,Loyal Customers,Swiggy Instamart,657.6479999999999
-0.1354,-1.4648,1,At-Risk,Blinkit,122.99960000000002
0.7632,0.3548,3,Price-Sensitive,Blinkit,166.3758
1.0962,-0.6244,0,Loyal Customers,Swiggy Instamart,392.7445
-1.0906,2.0669,2,Price-Sensitive,Blinkit,1431.7236
0.3169,-1.4377,1,At-Risk,Swiggy Instamart,146.1075
-0.3528,-0.5941,1,At-Risk,Zepto,723.5235000000001
-0.6237,1.6309,2,Price-Sensitive,Zepto,1008.213
-1.5146,-0.4984,1,At-Risk,Blinkit,925.4196
0.3751,-0.5884,0,Loyal Customers,Zepto,562.3485000000001
0.3946,-0.8648,0,Loyal Customers,Swiggy Instamart,436.678
-0.7503,0.2788,2,Price-Sensitive,Zepto,404.19225
-0.7142,1.173,2,Price-Sensitive,Blinkit,951.2622
0.7597,0.2385,3,Price-Sensitive,Blinkit,50.0
-2.082,1.6948,2,Price-Sensitive,Blinkit,1370.9688
0.3744,-0.5282,0,Loyal Customers,Swiggy Instamart,575.451
1.0735,2.8239,3,Price-Sensitive,Blinkit,1462.8114
1.1991,1.8558,3,Price-Sensitive,Swiggy Instamart,988.7009999999998
0.8709,-0.6363,0,Loyal Customers,Zepto,392.40600000000006
-1.0276,-1.6384,1,At-Risk,Zepto,171.25250000000003
-0.3623,1.5329,3,Price-Sensitive,Swiggy Instamart,1031.5155
0.5622,1.466,3,Price-Sensitive,Blinkit,809.6898000000001
-0.7729,-0.3697,1,At-Risk,Blinkit,901.3356
0.0195,-1.0929,1,At-Risk,Blinkit,343.8612
-1.9767,1.0264,2,Price-Sensitive,Zepto,1006.8975
-0.281,-1.105,1,At-Risk,Swiggy Instamart,341.379
-0.6983,0.8684,2,Price-Sensitive,Blinkit,752.3442
-1.6854,2.1081,2,Price-Sensitive,Swiggy Instamart,1597.9709999999998
0.6148,-1.0279,0,Loyal Customers,Zepto,278.78700000000003
-0.6948,-0.9044,1,At-Risk,Blinkit,603.9056
1.2331,0.4478,3,Price-Sensitive,Blinkit,179.28540000000004
-0.7353,-1.291,1,At-Risk,Zepto,320.4725
-0.0489,1.5092,3,Price-Sensitive,Blinkit,872.5920000000001
1.5695,-1.1236,0,Loyal Customers,Swiggy Instamart,50.0
1.7741,-0.4779,0,Loyal Customers,Swiggy Instamart,373.267
-0.9775,-0.4066,1,At-Risk,Swiggy Instamart,876.1979999999999
-0.289,-1.3014,1,At-Risk,Zepto,271.40400000000005
-1.7442,1.4799,2,Price-Sensitive,Zepto,1218.0030000000002
0.149,-1.4015,1,At-Risk,Zepto,103.0155
0.7519,1.2566,3,Price-Sensitive,Zepto,654.68025
-0.5048,-0.8331,1,At-Risk,Zepto,594.6945000000001
-0.1644,0.7696,3,Price-Sensitive,Zepto,520.695
0.432,-0.4774,0,Loyal Customers,Zepto,596.681
2.5426,-0.3843,0,Loyal Customers,Zepto,306.37350000000004
0.2868,-0.7574,0,Loyal Customers,Zepto,457.212
-1.9833,-0.3579,2,Price-Sensitive,Zepto,226.60425
-1.4507,-1.6075,1,At-Risk,Zepto,286.3875
-2.2746,0.5128,2,Price-Sensitive,Zepto,789.78375
0.4151,-1.2254,1,At-Risk,Swiggy Instamart,156.49349999999998
-0.443,1.1492,2,Price-Sensitive,Blinkit,817.6926000000001
0.622,-0.95,0,Loyal Customers,Swiggy Instamart,304.7065
-2.2561,-0.4319,1,At-Risk,Zepto,1102.2375
1.3897,-0.9914,0,Loyal Customers,Zepto,85.7025
-0.5263,-1.5294,1,At-Risk,Zepto,131.0085
-0.5462,2.0118,3,Price-Sensitive,Zepto,1366.8345000000002
-1.9496,0.4109,2,Price-Sensitive,Zepto,649.3125
1.3469,1.7808,3,Price-Sensitive,Swiggy Instamart,898.746
3.3604,-0.2972,0,Loyal Customers,Blinkit,217.58640000000003
-0.5548,2.0754,2,Price-Sensitive,Swiggy Instamart,1360.059
0.5797,0.0813,3,Price-Sensitive,Zepto,50.0
2.5006,0.2733,0,Loyal Customers,Blinkit,683.1636
0.0322,-1.0523,1,At-Risk,Blinkit,328.2336
0.8436,0.1683,0,Loyal Customers,Swiggy Instamart,946.0615
-0.9756,-1.6418,1,At-Risk,Swiggy Instamart,137.405
0.5443,-1.0385,0,Loyal Customers,Zepto,286.0115
0.4368,0.023,0,Loyal Customers,Swiggy Instamart,897.5314999999998
-0.3246,-1.1639,1,At-Risk,Zepto,251.6065
0.3943,1.5649,3,Price-Sensitive,Zepto,835.1122500000001
0.244,-0.0411,0,Loyal Customers,Swiggy Instamart,920.3185
0.282,-0.8002,1,At-Risk,Swiggy Instamart,488.0295
1.568,-0.3712,0,Loyal Customers,Swiggy Instamart,492.683
2.849,-0.3051,0,Loyal Customers,Swiggy Instamart,353.52399999999994
2.5203,0.1527,0,Loyal Customers,Swiggy Instamart,659.8494999999999
1.5199,0.7501,0,Loyal Customers,Swiggy Instamart,1098.3049999999998
1.797,-0.5545,0,Loyal Customers,Blinkit,305.5212
-0.8779,0.1131,1,At-Risk,Swiggy Instamart,1154.7034999999998
-1.2721,-1.1478,1,At-Risk,Swiggy Instamart,532.6825
-0.155,1.2476,3,Price-Sensitive,Blinkit,827.8362
1.9311,0.6015,0,Loyal Customers,Blinkit,964.7828
0.3686,0.882,3,Price-Sensitive,Zepto,503.89875
-0.8667,0.127,2,Price-Sensitive,Blinkit,239.7552
-1.3752,1.0868,2,Price-Sensitive,Blinkit,943.7592
0.8812,2.5841,3,Price-Sensitive,Swiggy Instamart,1401.0412499999998
0.0743,-0.5277,1,At-Risk,Blinkit,635.4912
-0.2958,-1.4194,1,At-Risk,Swiggy Instamart,264.845
2.1297,0.9339,3,Price-Sensitive,Blinkit,263.343
3.2229,-0.72,0,Loyal Customers,Blinkit,50.0
-0.3571,1.3071,2,Price-Sensitive,Blinkit,918.1470000000002
-0.0328,1.0126,3,Price-Sensitive,Blinkit,732.483
0.0408,-0.056,1,At-Risk,Blinkit,888.528
1.7848,-0.8699,0,Loyal Customers,Swiggy Instamart,197.8
-1.6554,-1.0253,1,At-Risk,Zepto,636.652
-0.8788,0.7745,2,Price-Sensitive,Blinkit,751.4652000000001
0.4784,-0.7556,0,Loyal Customers,Zepto,486.009
-1.6825,0.99,2,Price-Sensitive,Zepto,958.797
0.6002,-0.9675,0,Loyal Customers,Blinkit,394.5768000000001
1.0938,1.4324,3,Price-Sensitive,Swiggy Instamart,690.3142499999999
-0.7389,2.2211,2,Price-Sensitive,Blinkit,1448.3124
0.7352,0.0412,0,Loyal Customers,Blinkit,803.3580000000001
-0.2135,-1.0427,1,At-Risk,Blinkit,394.1544
1.1573,1.6535,3,Price-Sensitive,Blinkit,857.4174
-0.807,-1.0254,1,At-Risk,Blinkit,426.1216
0.3344,-1.1557,1,At-Risk,Blinkit,253.532
-1.6567,0.4778,2,Price-Sensitive,Zepto,611.5649999999999
1.7816,-1.0471,0,Loyal Customers,Blinkit,50.0
-0.0644,2.974,3,Price-Sensitive,Swiggy Instamart,1765.52025
-1.1482,-1.8002,1,At-Risk,Blinkit,189.9504
-1.9526,1.9706,2,Price-Sensitive,Blinkit,1484.8386
0.265,1.4773,3,Price-Sensitive,Swiggy Instamart,852.7215
-1.82,0.2645,2,Price-Sensitive,Zepto,535.5945
0.1632,1.175,0,Loyal Customers,Zepto,1577.238
0.0193,2.7071,3,Price-Sensitive,Swiggy Instamart,1629.65925
1.2491,-0.4228,0,Loyal Customers,Blinkit,533.9088
-1.3576,-1.2458,1,At-Risk,Zepto,476.96
1.011,0.6532,0,Loyal Customers,Swiggy Instamart,1162.696
1.4519,-0.1869,0,Loyal Customers,Zepto,619.4100000000001
-2.4283,3.0142,2,Price-Sensitive,Blinkit,2166.912
-2.4834,2.6503,2,Price-Sensitive,Swiggy Instamart,2053.6605
0.7161,-1.1549,0,Loyal Customers,Zepto,144.83700000000002
-1.2055,0.184,2,Price-Sensitive,Swiggy Instamart,458.59125000000006
-0.295,-0.1272,2,Price-Sensitive,Zepto,50.0
-0.8611,-0.681,1,At-Risk,Swiggy Instamart,731.7449999999999
-0.8486,-0.731,1,At-Risk,Swiggy Instamart,712.4569999999999
1.9234,-0.6674,0,Loyal Customers,Blinkit,246.1968
-2.0477,0.2866,2,Price-Sensitive,Zepto,631.9612500000001
1.1208,-0.328,0,Loyal Customers,Blinkit,552.7560000000001
-1.0603,-1.3794,1,At-Risk,Zepto,383.208
1.6029,-0.1667,0,Loyal Customers,Blinkit,579.3984
-0.7023,0.4926,2,Price-Sensitive,Zepto,555.6195
0.8408,1.131,3,Price-Sensitive,Blinkit,618.5808
-0.7125,-1.7936,1,At-Risk,Swiggy Instamart,129.3635
-0.4651,0.801,2,Price-Sensitive,Zepto,621.13575
-1.1291,-0.4057,2,Price-Sensitive,Zepto,50.0
1.7712,-1.0617,0,Loyal Customers,Swiggy Instamart,50.0
-1.7271,0.4913,2,Price-Sensitive,Blinkit,659.0808
-1.9862,-1.0453,1,At-Risk,Blinkit,721.5016
2.6624,0.6853,3,Price-Sensitive,Swiggy Instamart,50.0
-0.2283,0.6113,2,Price-Sensitive,Zepto,475.79475
-0.8096,1.7065,2,Price-Sensitive,Zepto,1216.8765
-0.1883,-0.5871,1,At-Risk,Swiggy Instamart,646.9784999999999
-1.0772,1.7011,2,Price-Sensitive,Swiggy Instamart,1212.5145
-1.5677,1.1943,2,Price-Sensitive,Swiggy Instamart,1108.209
-0.869,-0.688,1,At-Risk,Swiggy Instamart,721.8064999999999
0.2298,-0.5399,1,At-Risk,Swiggy Instamart,579.131
-0.6504,-0.5873,1,At-Risk,Blinkit,736.5288
0.8731,2.1724,3,Price-Sensitive,Blinkit,1141.4982
-1.7977,1.3585,2,Price-Sensitive,Blinkit,1196.0298
-2.4185,0.5355,2,Price-Sensitive,Zepto,813.1725
1.2073,0.194,3,Price-Sensitive,Swiggy Instamart,77.45624999999998
2.5085,-0.8458,0,Loyal Customers,Zepto,92.8035
0.6745,0.0007,0,Loyal Customers,Swiggy Instamart,838.8
-1.3669,1.1639,2,Price-Sensitive,Blinkit,983.5506
-0.4603,-0.6569,1,At-Risk,Swiggy Instamart,674.5439999999999
-0.4196,-0.7641,1,At-Risk,Zepto,598.674
-0.6552,-1.0335,1,At-Risk,Blinkit,439.8284
0.7227,0.1255,0,Loyal Customers,Swiggy Instamart,911.053
-2.1832,1.1644,2,Price-Sensitive,Zepto,1131.87375
-0.6384,0.8059,2,Price-Sensitive,Zepto,624.6322500000001
-1.0199,-0.2669,1,At-Risk,Blinkit,928.8292
-1.2833,-1.9434,1,At-Risk,Zepto,118.9545
1.1317,-0.3428,0,Loyal Customers,Swiggy Instamart,652.1099999999999
0.9826,0.3399,3,Price-Sensitive,Blinkit,166.0134
-0.8122,-1.0491,1,At-Risk,Zepto,466.8405
1.1403,-0.1074,0,Loyal Customers,Zepto,632.772
0.9592,0.212,3,Price-Sensitive,Blinkit,50.0
-0.7746,0.8649,2,Price-Sensitive,Blinkit,717.0120000000001
-0.8618,-0.8312,1,At-Risk,Zepto,591.1185
0.552,0.0615,0,Loyal Customers,Blinkit,872.4224
-0.7586,-0.0012,1,At-Risk,Blinkit,1108.3824
1.7089,0.2536,0,Loyal Customers,Swiggy Instamart,873.4159999999999
-0.648,-0.4358,1,At-Risk,Swiggy Instamart,843.1225
-0.6764,-1.2515,1,At-Risk,Blinkit,387.98840000000007
-0.351,1.773,2,Price-Sensitive,Swiggy Instamart,1177.3665
1.4464,1.3006,3,Price-Sensitive,Swiggy Instamart,589.94475
-1.629,-0.611,1,At-Risk,Blinkit,852.9516
0.4657,-0.0825,0,Loyal Customers,Swiggy Instamart,785.9354999999999
0.7921,0.973,3,Price-Sensitive,Blinkit,561.1338000000001
1.0779,-0.4562,0,Loyal Customers,Swiggy Instamart,578.1764999999999
0.3464,-0.042,0,Loyal Customers,Zepto,837.9525
-0.5201,-1.0204,1,At-Risk,Zepto,482.8965
0.0691,-0.2421,1,At-Risk,Blinkit,778.9916000000001
-0.5028,-1.8792,1,At-Risk,Blinkit,50.0
-0.0162,-0.2272,1,At-Risk,Swiggy Instamart,817.9719999999999
0.568,-1.4973,0,Loyal Customers,Swiggy Instamart,67.16
0.5722,0.3089,3,Price-Sensitive,Zepto,201.96225
-1.874,-0.6208,1,At-Risk,Zepto,889.1085
1.516,0.5314,3,Price-Sensitive,Blinkit,236.9232
-0.1398,-0.6245,1,At-Risk,Swiggy Instamart,589.521
-1.7683,0.3936,2,Price-Sensitive,Zepto,670.5907500000001
-0.2798,-0.9694,1,At-Risk,Swiggy Instamart,451.2025
1.9001,-1.1269,0,Loyal Customers,Zepto,60.51599999999999
2.0769,-0.5323,0,Loyal Customers,Blinkit,376.23840000000007
0.5256,-0.9931,0,Loyal Customers,Swiggy Instamart,390.7625
-0.6903,0.9933,2,Price-Sensitive,Zepto,724.3072500000001
-1.3047,0.8708,2,Price-Sensitive,Blinkit,855.3144
0.4224,2.3411,3,Price-Sensitive,Swiggy Instamart,1384.1055
-0.1914,0.2049,2,Price-Sensitive,Blinkit,283.1718
0.1515,-1.5735,1,At-Risk,Zepto,50.0
-1.9032,-0.7991,1,At-Risk,Swiggy Instamart,788.443
-0.7028,2.3789,2,Price-Sensitive,Swiggy Instamart,1548.7357499999998
-1.7864,1.0557,2,Price-Sensitive,Zepto,1019.853
1.3999,-1.1907,0,Loyal Customers,Blinkit,50.0
0.6007,-0.8626,0,Loyal Customers,Blinkit,426.04640000000006
1.0503,-0.232,0,Loyal Customers,Zepto,641.5815
-0.4557,-1.0464,1,At-Risk,Swiggy Instamart,492.499
-0.1973,1.3651,3,Price-Sensitive,Zepto,886.9012500000001
-0.8406,0.3137,2,Price-Sensitive,Zepto,478.61775
2.0209,0.5636,0,Loyal Customers,Swiggy Instamart,900.1869999999999
-1.7926,-1.1206,1,At-Risk,Zepto,602.343
-0.812,-0.9532,1,At-Risk,Blinkit,587.5632
1.2128,0.3425,0,Loyal Customers,Blinkit,936.7832
-0.4164,-0.5538,1,At-Risk,Zepto,678.5535
1.3095,-0.3135,0,Loyal Customers,Swiggy Instamart,574.347
0.293,-0.6491,1,At-Risk,Blinkit,506.4444
-0.4876,1.1711,2,Price-Sensitive,Blinkit,881.037
-0.5527,-0.5395,1,At-Risk,Zepto,739.7270000000001
-1.0927,0.6725,2,Price-Sensitive,Blinkit,665.0910000000001
1.0888,-0.9684,0,Loyal Customers,Zepto,199.374
2.7745,-0.8038,0,Loyal Customers,Blinkit,50.0
-0.532,0.2171,2,Price-Sensitive,Zepto,254.57550000000003
-0.7406,-0.3568,2,Price-Sensitive,Zepto,50.0
-0.2195,2.3898,3,Price-Sensitive,Swiggy Instamart,1505.07975
0.0876,-0.0907,3,Price-Sensitive,Zepto,50.0
1.7354,1.5255,3,Price-Sensitive,Zepto,685.5255
-0.3917,0.6949,2,Price-Sensitive,Zepto,557.496
-0.0473,1.9355,3,Price-Sensitive,Swiggy Instamart,1195.8045
1.1149,1.4969,3,Price-Sensitive,Zepto,852.066
1.5343,0.8389,3,Price-Sensitive,Blinkit,309.8898
2.171,-0.9545,0,Loyal Customers,Swiggy Instamart,57.624
-2.2391,1.7589,2,Price-Sensitive,Zepto,1471.3492500000002
0.2278,1.4512,3,Price-Sensitive,Swiggy Instamart,910.938
0.529,-0.8847,0,Loyal Customers,Blinkit,371.8956
1.6816,0.4062,0,Loyal Customers,Swiggy Instamart,863.2359999999999
-1.3296,-0.2594,2,Price-Sensitive,Zepto,155.046
-0.2604,-0.9929,1,At-Risk,Swiggy Instamart,415.0235
0.5987,0.6067,3,Price-Sensitive,Swiggy Instamart,381.8324999999999
1.1675,-0.174,0,Loyal Customers,Zepto,597.3555
0.0731,1.2963,3,Price-Sensitive,Swiggy Instamart,845.5552499999999
-2.0093,1.1714,2,Price-Sensitive,Zepto,1097.79075
-0.5683,0.0376,2,Price-Sensitive,Swiggy Instamart,185.04075
-1.9216,-1.2375,1,At-Risk,Zepto,627.0600000000001
-0.8646,-0.5345,1,At-Risk,Swiggy Instamart,762.9535
2.7323,1.663,3,Price-Sensitive,Blinkit,655.4826
0.0191,-1.5045,1,At-Risk,Swiggy Instamart,138.21849999999998
2.0131,0.5141,3,Price-Sensitive,Blinkit,50.0
0.6318,3.5287,3,Price-Sensitive,Blinkit,1967.7618000000004
0.5436,-1.0565,0,Loyal Customers,Swiggy Instamart,266.6045
0.279,-1.4839,1,At-Risk,Blinkit,95.8256
-1.4809,-1.4941,1,At-Risk,Blinkit,291.9208
0.3595,-0.7804,0,Loyal Customers,Zepto,478.413
-1.1477,1.1235,2,Price-Sensitive,Swiggy Instamart,961.9755
-0.815,-0.0388,2,Price-Sensitive,Blinkit,213.354
-0.0367,-1.6775,1,At-Risk,Blinkit,50.0
1.8986,-0.494,0,Loyal Customers,Blinkit,315.81360000000006
-1.8088,1.761,2,Price-Sensitive,Zepto,1404.34875
0.6726,0.0797,0,Loyal Customers,Zepto,852.2195
0.2376,0.6126,3,Price-Sensitive,Blinkit,408.2916
0.4257,-1.1379,1,At-Risk,Swiggy Instamart,277.683
0.7262,2.9898,3,Price-Sensitive,Swiggy Instamart,1640.2357499999998
2.6294,-0.721,0,Loyal Customers,Zepto,142.815
0.3742,-1.5982,1,At-Risk,Swiggy Instamart,50.0
-0.5583,-0.8542,1,At-Risk,Swiggy Instamart,669.0395
0.3038,-0.1503,0,Loyal Customers,Blinkit,770.6016000000001
-1.0294,-1.3044,1,At-Risk,Blinkit,349.40920000000006
-1.8888,0.3635,2,Price-Sensitive,Zepto,633.3825
2.5372,-0.823,0,Loyal Customers,Blinkit,50.0
-0.4798,-0.0649,1,At-Risk,Blinkit,1000.1016
0.1234,0.3701,3,Price-Sensitive,Swiggy Instamart,285.59099999999995
0.2667,0.3148,0,Loyal Customers,Zepto,1048.7105
-1.3424,1.5999,2,Price-Sensitive,Swiggy Instamart,1186.563
1.3369,-0.4227,0,Loyal Customers,Zepto,464.478
-1.264,-0.6442,2,Price-Sensitive,Blinkit,50.0
1.2184,-0.2582,0,Loyal Customers,Swiggy Instamart,639.3425
0.4466,-0.9118,0,Loyal Customers,Zepto,348.13800000000003
0.4103,0.0872,3,Price-Sensitive,Zepto,50.0
-2.3659,1.8781,2,Price-Sensitive,Zepto,1591.0335
-1.2444,0.4719,2,Price-Sensitive,Zepto,537.792
2.0589,-0.8317,0,Loyal Customers,Swiggy Instamart,124.0965
0.3687,1.3715,3,Price-Sensitive,Zepto,838.92675
2.3286,-0.2231,0,Loyal Customers,Blinkit,399.79280000000006
-0.3303,-0.7582,1,At-Risk,Zepto,542.3410000000001
1.1844,0.1875,0,Loyal Customers,Blinkit,849.5796
1.3795,-0.7633,0,Loyal Customers,Swiggy Instamart,287.5575
-1.4583,-1.533,1,At-Risk,Zepto,318.996
0.0152,0.7224,3,Price-Sensitive,Zepto,451.215
-2.2443,2.2063,2,Price-Sensitive,Swiggy Instamart,1708.2157499999998
-0.6682,1.2484,2,Price-Sensitive,Blinkit,922.4724
1.5313,0.3233,3,Price-Sensitive,Swiggy Instamart,50.0
1.5595,-1.0972,0,Loyal Customers,Blinkit,50.0
-1.8839,1.2356,2,Price-Sensitive,Zepto,1127.18325
0.3451,0.0518,0,Loyal Customers,Zepto,885.0090000000001
0.0791,-1.2064,1,At-Risk,Zepto,235.758
0.4231,-0.2361,0,Loyal Customers,Swiggy Instamart,805.5405
0.7656,-0.5346,0,Loyal Customers,Swiggy Instamart,548.8235
1.023,-0.2055,0,Loyal Customers,Swiggy Instamart,713.0459999999999
-0.9356,-0.7919,1,At-Risk,Blinkit,683.1228
-0.8672,-0.2949,2,Price-Sensitive,Blinkit,166.49940000000004
-0.8582,-1.0339,1,At-Risk,Blinkit,549.5364000000001
-1.9566,1.4661,2,Price-Sensitive,Swiggy Instamart,1223.45625
-1.1717,-0.8997,1,At-Risk,Zepto,678.8685
-1.0869,2.2211,2,Price-Sensitive,Swiggy Instamart,1558.1062499999998
1.1869,0.8145,0,Loyal Customers,Swiggy Instamart,1175.369
1.2634,-0.1034,0,Loyal Customers,Zepto,616.0245000000001
0.664,-0.0224,3,Price-Sensitive,Blinkit,50.0
0.0353,0.1919,0,Loyal Customers,Blinkit,1075.2600000000002
-1.1048,0.116,2,Price-Sensitive,Swiggy Instamart,289.839
0.9412,1.4388,3,Price-Sensitive,Blinkit,752.5674
-1.3654,-1.2354,1,At-Risk,Zepto,495.0135
-0.7708,-0.9712,1,At-Risk,Zepto,519.351
1.2071,-0.4164,0,Loyal Customers,Swiggy Instamart,548.1474999999999
-1.5456,0.4356,2,Price-Sensitive,Swiggy Instamart,621.7417499999999
0.8544,0.5726,0,Loyal Customers,Blinkit,1078.8012
-0.4935,-0.3407,2,Price-Sensitive,Swiggy Instamart,50.0
0.0177,-1.4381,1,At-Risk,Swiggy Instamart,146.2455
-0.0016,-1.2473,1,At-Risk,Zepto,236.0505
-0.1174,1.3224,3,Price-Sensitive,Blinkit,834.7974
0.1625,1.8612,3,Price-Sensitive,Blinkit,1091.1636
0.8385,0.2408,0,Loyal Customers,Swiggy Instamart,1041.201
2.0309,-0.0747,0,Loyal Customers,Swiggy Instamart,572.0905
0.8311,-1.3887,0,Loyal Customers,Swiggy Instamart,73.1515
-0.5197,0.6443,1,At-Risk,Blinkit,1418.3856
-0.6153,0.4524,2,Price-Sensitive,Zepto,406.23975
-0.8015,-1.7782,1,At-Risk,Blinkit,154.178
1.6939,1.3009,3,Price-Sensitive,Swiggy Instamart,545.9685
1.6885,0.1761,0,Loyal Customers,Blinkit,744.2496000000001
0.8251,0.3868,0,Loyal Customers,Swiggy Instamart,995.04
-1.0121,1.6224,2,Price-Sensitive,Zepto,1201.55475
0.6485,0.0173,3,Price-Sensitive,Blinkit,138.07080000000002
0.2103,2.347,3,Price-Sensitive,Blinkit,1383.0282000000002
-0.0113,-0.153,2,Price-Sensitive,Swiggy Instamart,50.0
0.6358,0.3449,3,Price-Sensitive,Zepto,166.30425
-1.4139,-0.8905,1,At-Risk,Zepto,675.6435
-0.1759,-1.0937,1,At-Risk,Zepto,334.25250000000005
1.0809,-0.552,0,Loyal Customers,Zepto,416.514
-0.5135,-0.7553,1,At-Risk,Blinkit,588.6432
-0.9395,-0.2855,1,At-Risk,Zepto,914.361
-2.489,1.0234,2,Price-Sensitive,Zepto,1085.0677500000002
1.5542,-1.0419,0,Loyal Customers,Blinkit,50.0
-0.4403,0.3645,2,Price-Sensitive,Zepto,405.70725
0.9264,-0.2579,0,Loyal Customers,Blinkit,660.4616
-2.0283,0.3893,2,Price-Sensitive,Blinkit,696.3684000000001
-0.2465,-0.5685,1,At-Risk,Zepto,645.7395
-1.0459,-1.2108,1,At-Risk,Swiggy Instamart,410.3545
1.0385,1.1974,3,Price-Sensitive,Blinkit,620.7354
-0.4039,-0.9492,1,At-Risk,Swiggy Instamart,558.9689999999999
-1.1451,2.4828,2,Price-Sensitive,Swiggy Instamart,1681.3575
0.8305,-1.2675,0,Loyal Customers,Swiggy Instamart,126.77599999999998
1.1494,-1.2577,0,Loyal Customers,Zepto,58.7055
-1.3649,-2.0174,1,At-Risk,Zepto,50.0
-0.4871,1.3207,3,Price-Sensitive,Zepto,907.58625
-1.3099,-0.353,1,At-Risk,Swiggy Instamart,948.7645
0.0945,0.1507,0,Loyal Customers,Zepto,973.7445
0.2142,1.3169,3,Price-Sensitive,Zepto,765.891
-0.4618,0.1954,2,Price-Sensitive,Zepto,242.55225
2.651,1.3937,3,Price-Sensitive,Swiggy Instamart,511.5179999999999
-1.0196,-0.6334,1,At-Risk,Blinkit,799.8824
-0.377,0.9171,2,Price-Sensitive,Blinkit,647.1252000000001
-1.6182,-1.5553,1,At-Risk,Zepto,371.80500000000006
1.3078,-0.3536,0,Loyal Customers,Swiggy Instamart,572.8689999999999
-0.0252,1.4366,3,Price-Sensitive,Zepto,828.1822500000001
0.7955,2.3749,3,Price-Sensitive,Swiggy Instamart,1340.946
0.0952,1.3899,3,Price-Sensitive,Swiggy Instamart,842.3984999999999
-0.688,-1.9165,1,At-Risk,Blinkit,50.0
-1.0791,-0.9759,1,At-Risk,Zepto,625.466
-2.3305,0.0541,2,Price-Sensitive,Zepto,499.07025
0.9168,-0.41,0,Loyal Customers,Swiggy Instamart,554.1314999999998
0.4191,-1.1449,1,At-Risk,Swiggy Instamart,247.66799999999995
-0.1573,2.3848,3,Price-Sensitive,Zepto,1531.8045
-1.3623,1.5227,2,Price-Sensitive,Zepto,1155.43575
0.0828,1.5673,3,Price-Sensitive,Blinkit,982.1088000000002
0.4736,1.8765,3,Price-Sensitive,Blinkit,1118.2698
1.9654,-0.9602,0,Loyal Customers,Zepto,50.0
-0.4057,-1.5811,1,At-Risk,Swiggy Instamart,138.552
-1.3938,-0.5372,2,Price-Sensitive,Zepto,50.0
0.829,-0.3664,0,Loyal Customers,Blinkit,586.0160000000001
-1.1862,-0.28,1,At-Risk,Zepto,945.0525
-2.3011,0.8712,2,Price-Sensitive,Swiggy Instamart,924.018
-1.3808,-1.4898,1,At-Risk,Zepto,409.9325
-0.2387,-0.188,2,Price-Sensitive,Blinkit,50.0
-0.0411,2.2336,3,Price-Sensitive,Zepto,1333.8202500000002
-1.7614,-0.4519,2,Price-Sensitive,Zepto,120.45825
1.6124,-0.3866,0,Loyal Customers,Blinkit,489.34800000000007
1.1684,0.3002,0,Loyal Customers,Swiggy Instamart,884.3959999999998
1.7639,0.7462,3,Price-Sensitive,Blinkit,265.15739999999994
-0.4472,-1.2965,1,At-Risk,Blinkit,303.4664
1.5864,-0.557,0,Loyal Customers,Blinkit,409.0392000000001
-1.2295,-0.9429,1,At-Risk,Blinkit,687.1836
1.256,-0.477,0,Loyal Customers,Blinkit,425.0664
-1.0701,-1.9139,1,At-Risk,Zepto,50.0
0.3638,-0.3557,0,Loyal Customers,Zepto,677.384
0.6727,-1.1202,0,Loyal Customers,Swiggy Instamart,227.8535
-1.3878,1.1896,2,Price-Sensitive,Blinkit,1011.4956
1.4317,0.1931,0,Loyal Customers,Blinkit,851.5260000000001
-1.2637,-1.1072,1,At-Risk,Zepto,538.398
-0.8829,-0.0618,2,Price-Sensitive,Blinkit,236.7144
-0.8904,0.9741,2,Price-Sensitive,Blinkit,802.5822000000002
-1.0205,-0.8464,1,At-Risk,Blinkit,628.9272000000001
3.0898,-0.2853,0,Loyal Customers,Blinkit,324.96000000000004
0.8403,1.7504,3,Price-Sensitive,Swiggy Instamart,971.595
-1.8372,-0.6828,1,At-Risk,Zepto,909.3965
-2.3468,1.6105,2,Price-Sensitive,Zepto,1360.87875
1.1996,1.342,0,Loyal Customers,Swiggy Instamart,1488.6649999999995
1.4601,-0.2251,0,Loyal Customers,Blinkit,568.3412000000001
-1.1764,-0.435,1,At-Risk,Swiggy Instamart,896.563
0.6526,3.1716,3,Price-Sensitive,Swiggy Instamart,1780.6484999999998
0.4015,-0.6588,0,Loyal Customers,Zepto,467.03100000000006
0.1832,1.2615,3,Price-Sensitive,Zepto,729.4770000000001
-1.3674,-2.0195,1,At-Risk,Blinkit,50.0
0.3519,0.7223,3,Price-Sensitive,Swiggy Instamart,426.57974999999993
1.01,-1.2661,0,Loyal Customers,Swiggy Instamart,50.0
1.0269,0.0931,0,Loyal Customers,Zepto,758.688
0.129,-0.3485,0,Loyal Customers,Zepto,710.4845
-2.1526,0.3509,2,Price-Sensitive,Zepto,667.1880000000001
0.3078,-1.2651,0,Loyal Customers,Zepto,215.031
-2.4881,0.8681,2,Price-Sensitive,Zepto,1018.7415
-1.7493,0.4418,2,Price-Sensitive,Zepto,681.7575
0.1973,1.8203,3,Price-Sensitive,Zepto,1072.03275
0.6597,-0.5576,0,Loyal Customers,Zepto,533.013
0.1253,-0.6602,1,At-Risk,Blinkit,464.7856
0.1636,-0.7121,1,At-Risk,Blinkit,541.2828000000001
-1.075,-1.1918,1,At-Risk,Blinkit,511.4988000000001
0.8755,0.0644,3,Price-Sensitive,Swiggy Instamart,50.0
-1.9461,1.9401,2,Price-Sensitive,Zepto,1509.75675
1.5199,0.0354,0,Loyal Customers,Swiggy Instamart,705.0805
0.3294,0.4162,3,Price-Sensitive,Blinkit,241.62300000000005
-1.7816,-1.2448,1,At-Risk,Zepto,574.056
0.7197,-0.2333,0,Loyal Customers,Blinkit,671.4596
-1.0398,0.7839,2,Price-Sensitive,Swiggy Instamart,717.45075
0.1903,1.1345,3,Price-Sensitive,Swiggy Instamart,747.213
-0.773,-1.3253,1,At-Risk,Blinkit,326.56800000000004
0.5256,-1.5972,0,Loyal Customers,Swiggy Instamart,50.0
-1.5495,-1.013,1,At-Risk,Zepto,644.8995000000001
-0.8466,-0.5536,1,At-Risk,Zepto,813.017
1.7654,0.0235,0,Loyal Customers,Blinkit,666.2196
1.8426,0.7617,3,Price-Sensitive,Swiggy Instamart,171.4995
0.0413,1.2998,3,Price-Sensitive,Blinkit,799.4028000000001
-0.6474,-0.9755,1,At-Risk,Zepto,469.056
0.5442,-0.9292,0,Loyal Customers,Zepto,343.778
-1.4894,-1.0596,1,At-Risk,Zepto,587.1075
1.5987,0.4307,3,Price-Sensitive,Blinkit,114.372
-0.67,0.3529,2,Price-Sensitive,Zepto,326.63175
2.0433,-0.497,0,Loyal Customers,Blinkit,326.33480000000003
-2.6019,0.9754,2,Price-Sensitive,Zepto,1121.9385000000002
-0.4497,1.9596,3,Price-Sensitive,Swiggy Instamart,1181.595
-0.7471,-1.1086,1,At-Risk,Blinkit,435.5076000000001
-1.6471,0.265,2,Price-Sensitive,Zepto,516.96225
2.513,2.29,3,Price-Sensitive,Blinkit,1007.7516
-0.0891,-0.0471,2,Price-Sensitive,Zepto,50.0
-0.8265,-1.8181,1,At-Risk,Blinkit,50.0
0.1742,-0.4111,0,Loyal Customers,Zepto,668.4405
-0.4402,-0.4431,1,At-Risk,Zepto,741.3165
0.0078,0.0929,0,Loyal Customers,Blinkit,1000.9872
1.0313,-0.3162,0,Loyal Customers,Swiggy Instamart,649.543
1.175,0.8176,0,Loyal Customers,Swiggy Instamart,1235.3529999999998
-1.0765,0.4729,2,Price-Sensitive,Swiggy Instamart,520.31175
-0.7939,-1.3104,1,At-Risk,Blinkit,324.23760000000004
0.3443,-0.7611,0,Loyal Customers,Swiggy Instamart,479.2625
0.6589,1.5113,3,Price-Sensitive,Blinkit,843.741
-1.4742,1.1144,2,Price-Sensitive,Blinkit,981.7824
0.3314,0.2519,3,Price-Sensitive,Zepto,237.18600000000004
-1.1913,-0.2177,1,At-Risk,Zepto,949.076
0.586,0.0961,0,Loyal Customers,Zepto,846.0225
0.8294,1.0124,3,Price-Sensitive,Zepto,519.24825
-1.5957,-0.3286,2,Price-Sensitive,Swiggy Instamart,209.05275
0.6645,2.1941,3,Price-Sensitive,Blinkit,1189.3554
-1.7302,-0.0224,2,Price-Sensitive,Blinkit,427.8744
0.7847,-0.0285,0,Loyal Customers,Swiggy Instamart,794.7074999999999
1.6058,-0.0075,0,Loyal Customers,Blinkit,724.4208
1.8577,-0.6156,0,Loyal Customers,Blinkit,280.1304
1.083,-1.235,0,Loyal Customers,Swiggy Instamart,50.0
0.7557,1.2169,3,Price-Sensitive,Zepto,610.974
0.6593,-0.7072,0,Loyal Customers,Swiggy Instamart,459.301
-1.4354,-1.5283,1,At-Risk,Zepto,283.4595
0.6339,0.7928,3,Price-Sensitive,Blinkit,443.0214000000001
-0.7313,-0.6098,1,At-Risk,Zepto,740.355
1.9541,0.9281,3,Price-Sensitive,Blinkit,319.96440000000007
-1.4464,-0.7274,1,At-Risk,Zepto,806.3580000000001
-0.7123,-0.9748,1,At-Risk,Swiggy Instamart,494.963
-1.5239,-0.1217,2,Price-Sensitive,Zepto,295.557
-1.9032,-1.2577,1,At-Risk,Zepto,558.1925000000001
1.0304,-0.1109,0,Loyal Customers,Swiggy Instamart,722.6845
-0.0302,2.1579,3,Price-Sensitive,Swiggy Instamart,1370.66775
0.7765,-0.5822,0,Loyal Customers,Zepto,473.5725
1.2842,-0.6655,0,Loyal Customers,Zepto,325.269
0.388,2.4987,3,Price-Sensitive,Blinkit,1479.8172000000002
0.8658,2.3412,3,Price-Sensitive,Blinkit,1234.1298
-4.8939,7.313,2,Price-Sensitive,Zepto,5863.242
1.2818,0.3409,0,Loyal Customers,Swiggy Instamart,877.6685
2.0515,0.2904,0,Loyal Customers,Swiggy Instamart,795.1524999999999
-0.2975,1.9215,2,Price-Sensitive,Blinkit,1248.3198
-0.8524,0.4836,2,Price-Sensitive,Blinkit,493.5492000000001
1.6633,1.6425,3,Price-Sensitive,Blinkit,814.8396000000002
1.0017,0.0046,0,Loyal Customers,Swiggy Instamart,814.324
-1.8594,-0.8735,1,At-Risk,Zepto,764.9145000000001
-0.186,2.0188,3,Price-Sensitive,Zepto,1226.928
0.7635,1.8257,3,Price-Sensitive,Blinkit,1041.66
-0.0128,-1.2454,1,At-Risk,Blinkit,277.0652
0.53,0.6353,3,Price-Sensitive,Swiggy Instamart,399.36675
1.684,-0.4091,0,Loyal Customers,Blinkit,447.0336
-1.1383,-0.9395,1,At-Risk,Swiggy Instamart,659.4445
-1.5339,-0.1852,1,At-Risk,Blinkit,1108.1460000000002
-0.281,-0.9296,1,At-Risk,Zepto,414.2935000000001
-0.7228,1.8248,2,Price-Sensitive,Swiggy Instamart,1264.1145
0.0398,-0.1831,0,Loyal Customers,Blinkit,863.9868000000001
-0.3376,0.7558,2,Price-Sensitive,Blinkit,568.9956
-0.3196,3.0717,3,Price-Sensitive,Zepto,1879.02225
0.8703,0.1515,0,Loyal Customers,Blinkit,881.5824
-0.0961,-0.5473,1,At-Risk,Zepto,680.9580000000001
0.5617,1.44,0,Loyal Customers,Blinkit,1657.7876
0.9333,1.7814,3,Price-Sensitive,Swiggy Instamart,995.82525
0.0919,-0.3623,0,Loyal Customers,Zepto,718.83
-0.6251,-1.5497,1,At-Risk,Swiggy Instamart,175.24849999999998
-1.4799,-1.2996,1,At-Risk,Zepto,498.33
1.6604,-0.9716,0,Loyal Customers,Blinkit,181.4388
-0.6488,-0.5324,1,At-Risk,Swiggy Instamart,765.2114999999999
-0.737,-1.1472,1,At-Risk,Blinkit,393.268
-0.0392,-0.7109,1,At-Risk,Blinkit,562.7324
-0.0941,-0.9757,1,At-Risk,Zepto,434.6345
0.5629,2.1325,3,Price-Sensitive,Swiggy Instamart,1230.8429999999998
-0.5744,1.0947,2,Price-Sensitive,Zepto,748.21575
0.6972,1.2279,3,Price-Sensitive,Zepto,730.917
-0.7994,1.9888,2,Price-Sensitive,Swiggy Instamart,1361.8057499999998
0.2295,-0.4919,0,Loyal Customers,Blinkit,607.1976000000001
1.526,1.6844,3,Price-Sensitive,Swiggy Instamart,780.0127499999999
1.6253,-0.1464,0,Loyal Customers,Blinkit,583.9992000000001
0.7755,1.8066,3,Price-Sensitive,Swiggy Instamart,1014.04125
0.5888,-1.1284,0,Loyal Customers,Zepto,231.5435
1.9831,0.0128,0,Loyal Customers,Swiggy Instamart,603.5199999999999
-0.4564,0.7858,2,Price-Sensitive,Zepto,561.9840000000002
1.3451,-1.1542,0,Loyal Customers,Blinkit,66.206
-0.4313,1.1235,2,Price-Sensitive,Blinkit,833.8098
2.8384,0.2189,0,Loyal Customers,Blinkit,631.7232
-1.0701,0.5059,2,Price-Sensitive,Zepto,511.623
-0.2354,0.1296,3,Price-Sensitive,Swiggy Instamart,167.86425
-1.2981,-1.4276,1,At-Risk,Blinkit,331.9456
-1.9191,0.3561,2,Price-Sensitive,Swiggy Instamart,684.066
0.23,-1.2753,0,Loyal Customers,Blinkit,226.10880000000003
-1.9842,-0.9943,1,At-Risk,Zepto,744.9540000000001
1.2561,-0.2139,0,Loyal Customers,Swiggy Instamart,593.331
0.9748,-1.1934,0,Loyal Customers,Swiggy Instamart,145.2335
-0.0158,-0.2746,1,At-Risk,Swiggy Instamart,865.793
0.8399,0.2659,3,Price-Sensitive,Zepto,50.0
-0.8054,-1.9249,1,At-Risk,Blinkit,50.0
0.2677,-1.4233,1,At-Risk,Swiggy Instamart,171.6375
1.3374,-0.0871,0,Loyal Customers,Swiggy Instamart,728.5134999999999
1.3842,-0.4071,0,Loyal Customers,Blinkit,488.67840000000007
0.8944,-0.7859,0,Loyal Customers,Blinkit,319.062
0.0603,1.5985,3,Price-Sensitive,Swiggy Instamart,1062.31875
1.9788,-0.5343,0,Loyal Customers,Swiggy Instamart,349.315
-1.4698,-0.5869,1,At-Risk,Zepto,829.4915000000001
-1.4874,1.5509,2,Price-Sensitive,Zepto,1185.39525
0.263,-1.2093,1,At-Risk,Blinkit,213.246
-0.0137,0.777,3,Price-Sensitive,Zepto,519.2302500000001
1.0351,2.2981,3,Price-Sensitive,Blinkit,1144.4328
-1.2531,-0.5144,2,Price-Sensitive,Zepto,50.0
-1.4343,1.2054,2,Price-Sensitive,Swiggy Instamart,1030.15275
-0.0198,-1.1617,1,At-Risk,Blinkit,292.06280000000004
-1.5954,-0.1021,2,Price-Sensitive,Blinkit,318.5034
1.5686,-0.408,0,Loyal Customers,Swiggy Instamart,456.0595
1.5455,-0.4322,0,Loyal Customers,Swiggy Instamart,482.899
-1.1201,2.9109,2,Price-Sensitive,Blinkit,1920.429
1.3012,1.722,3,Price-Sensitive,Blinkit,846.0288
-0.4797,-0.1809,2,Price-Sensitive,Blinkit,50.0
0.2706,-0.9947,1,At-Risk,Swiggy Instamart,305.785
0.2821,0.1718,3,Price-Sensitive,Blinkit,217.6434
-1.7033,0.0161,2,Price-Sensitive,Zepto,421.155
2.13,-0.7751,0,Loyal Customers,Swiggy Instamart,171.612
0.3156,0.047,3,Price-Sensitive,Zepto,50.0
1.2796,-0.1459,0,Loyal Customers,Swiggy Instamart,694.7149999999999
0.6378,-0.9141,0,Loyal Customers,Swiggy Instamart,404.6175
1.3889,0.5778,0,Loyal Customers,Swiggy Instamart,1097.154
-0.7707,-1.0859,1,At-Risk,Zepto,452.3455
2.2215,0.0316,0,Loyal Customers,Swiggy Instamart,629.8589999999999
-0.0529,1.7531,3,Price-Sensitive,Swiggy Instamart,1096.75125
-0.7778,-1.8922,1,At-Risk,Swiggy Instamart,50.0
1.1366,-0.3769,0,Loyal Customers,Swiggy Instamart,515.6279999999999
-0.6385,-0.7777,1,At-Risk,Blinkit,634.3136
1.2342,-0.8421,0,Loyal Customers,Zepto,321.123
0.2461,-1.2018,0,Loyal Customers,Zepto,259.791
1.7535,-0.2312,0,Loyal Customers,Blinkit,558.3788000000001
-0.968,-1.8509,1,At-Risk,Zepto,50.0
-0.0886,1.7347,3,Price-Sensitive,Swiggy Instamart,1081.46625
0.333,0.6808,3,Price-Sensitive,Swiggy Instamart,442.3762499999999
-0.8603,1.6782,2,Price-Sensitive,Swiggy Instamart,1188.7837499999998
-0.3357,-0.7207,1,At-Risk,Swiggy Instamart,620.126
-1.5165,2.0378,2,Price-Sensitive,Zepto,1420.674
1.8984,0.4498,3,Price-Sensitive,Blinkit,50.0
1.5234,-0.0085,0,Loyal Customers,Swiggy Instamart,665.2405
-1.0882,-0.4427,2,Price-Sensitive,Swiggy Instamart,50.0
-0.8971,-0.3361,2,Price-Sensitive,Swiggy Instamart,50.0
-1.0596,1.6128,2,Price-Sensitive,Blinkit,1185.5934000000002
0.7356,1.6621,3,Price-Sensitive,Swiggy Instamart,874.2149999999999
-0.6567,-0.5796,1,At-Risk,Swiggy Instamart,710.956
-0.0958,-0.2604,1,At-Risk,Swiggy Instamart,803.6685
-1.7765,0.9152,2,Price-Sensitive,Swiggy Instamart,929.961
-0.278,1.0166,2,Price-Sensitive,Swiggy Instamart,691.72725
1.0302,-0.3989,0,Loyal Customers,Zepto,537.816
1.7017,0.4203,0,Loyal Customers,Blinkit,955.1508
-0.6254,-0.8295,1,At-Risk,Swiggy Instamart,612.881
-0.6676,-0.4627,1,At-Risk,Swiggy Instamart,792.4879999999999
1.654,2.5061,3,Price-Sensitive,Blinkit,1262.9640000000002
2.622,-0.1481,0,Loyal Customers,Blinkit,445.2612
0.1172,-0.4877,0,Loyal Customers,Blinkit,646.5636
-1.6604,1.4957,2,Price-Sensitive,Zepto,1197.90675
1.4308,0.9117,0,Loyal Customers,Swiggy Instamart,1215.8604999999998
1.2415,0.2717,3,Price-Sensitive,Swiggy Instamart,50.0
-0.8576,-0.9825,1,At-Risk,Blinkit,569.8848
-0.2939,2.4914,3,Price-Sensitive,Swiggy Instamart,1592.658
-1.6792,0.1134,2,Price-Sensitive,Swiggy Instamart,519.34575
-0.2328,-1.6336,1,At-Risk,Blinkit,65.78120000000001
1.1364,-0.8467,0,Loyal Customers,Blinkit,280.09800000000007
-0.3682,-1.6589,1,At-Risk,Swiggy Instamart,106.5105
-0.9446,-1.9442,1,At-Risk,Swiggy Instamart,50.0
-0.9639,-0.4963,1,At-Risk,Blinkit,899.4360000000001
1.0323,-0.1182,0,Loyal Customers,Blinkit,671.3712
-2.0614,-0.4526,1,At-Risk,Zepto,1076.1555
-0.1345,-0.826,1,At-Risk,Zepto,539.8695
0.0956,-0.7034,1,At-Risk,Swiggy Instamart,530.9895
0.3932,1.3681,3,Price-Sensitive,Blinkit,825.1146000000001
-2.5255,1.1738,2,Price-Sensitive,Zepto,1183.14
2.3221,-0.2722,0,Loyal Customers,Swiggy Instamart,398.1544999999999
0.442,-0.9277,0,Loyal Customers,Zepto,344.601
0.8159,-0.0138,0,Loyal Customers,Zepto,748.82
1.9611,-1.1431,0,Loyal Customers,Swiggy Instamart,50.0
-1.1883,1.0825,2,Price-Sensitive,Blinkit,893.1834000000001
0.2495,-1.4562,1,At-Risk,Zepto,50.0
-2.5852,0.4551,2,Price-Sensitive,Zepto,792.87075
0.365,0.7439,3,Price-Sensitive,Blinkit,471.0636
1.6269,1.8319,3,Price-Sensitive,Swiggy Instamart,819.44025
-0.1087,-0.8551,1,At-Risk,Swiggy Instamart,548.9780000000001
0.8865,0.8108,3,Price-Sensitive,Swiggy Instamart,465.33825
-0.3689,-1.1522,1,At-Risk,Zepto,322.272
-0.3962,-0.6993,1,At-Risk,Swiggy Instamart,611.0985
2.2053,1.5288,3,Price-Sensitive,Zepto,605.988
-2.0163,-0.4083,2,Price-Sensitive,Swiggy Instamart,206.71125
-2.0216,-1.1541,1,At-Risk,Zepto,639.2310000000001
-0.0405,-0.1325,2,Price-Sensitive,Swiggy Instamart,50.0
-0.4066,1.149,3,Price-Sensitive,Swiggy Instamart,803.87175
0.6373,-0.575,0,Loyal Customers,Zepto,537.8520000000001
-1.2635,-0.2519,2,Price-Sensitive,Swiggy Instamart,121.75499999999998
-0.1185,1.0499,3,Price-Sensitive,Zepto,691.81875
1.8108,-0.8567,0,Loyal Customers,Swiggy Instamart,168.714
0.7177,1.933,3,Price-Sensitive,Swiggy Instamart,1107.8835
0.793,1.1487,3,Price-Sensitive,Zepto,585.2565
-0.3961,-0.4611,1,At-Risk,Zepto,746.5975000000001
-0.1815,0.5369,3,Price-Sensitive,Blinkit,431.7138000000001
-1.4881,-1.3575,1,At-Risk,Swiggy Instamart,485.898
-1.9745,-1.4739,1,At-Risk,Zepto,452.361
-0.1102,1.4534,3,Price-Sensitive,Swiggy Instamart,1028.4164999999998
-0.895,0.2733,2,Price-Sensitive,Zepto,401.94
2.0041,-0.7601,0,Loyal Customers,Blinkit,147.2348
2.075,1.4826,3,Price-Sensitive,Blinkit,651.7404
1.5584,1.6508,3,Price-Sensitive,Swiggy Instamart,719.5514999999999
1.1424,0.2577,3,Price-Sensitive,Swiggy Instamart,50.0
-0.3365,1.3829,3,Price-Sensitive,Blinkit,987.6978
-0.4274,-0.8239,1,At-Risk,Blinkit,571.2768000000001
-0.2412,0.7715,3,Price-Sensitive,Blinkit,634.4526000000001
-2.247,1.1043,2,Price-Sensitive,Blinkit,1065.8418
-0.3211,-1.5501,1,At-Risk,Blinkit,50.0
-0.9049,1.3487,2,Price-Sensitive,Zepto,997.608
-2.0933,-0.3964,1,At-Risk,Blinkit,1053.31
-1.9197,-0.4775,1,At-Risk,Zepto,973.1085
-0.5553,-0.9745,1,At-Risk,Zepto,572.8215000000001
-2.1741,-0.2286,2,Price-Sensitive,Zepto,341.96400000000006
-1.0606,-2.0134,1,At-Risk,Swiggy Instamart,50.0
1.2108,0.7656,3,Price-Sensitive,Blinkit,346.7952
1.4989,0.7346,3,Price-Sensitive,Swiggy Instamart,251.62575
0.6132,-1.3354,0,Loyal Customers,Blinkit,207.5424
0.7208,-0.3921,0,Loyal Customers,Zepto,559.4775
0.6639,-1.4543,0,Loyal Customers,Blinkit,50.0
0.2552,1.9469,3,Price-Sensitive,Zepto,1089.5535
-1.8099,1.0048,2,Price-Sensitive,Zepto,921.3615
0.2667,1.2647,3,Price-Sensitive,Swiggy Instamart,823.3425
1.0568,-1.3473,0,Loyal Customers,Swiggy Instamart,50.0
-2.1744,1.8029,2,Price-Sensitive,Zepto,1490.94225
0.6799,-0.473,0,Loyal Customers,Swiggy Instamart,684.3444999999999
-0.2994,-1.1753,1,At-Risk,Zepto,354.4925
0.6743,1.7648,3,Price-Sensitive,Blinkit,990.4656
0.637,-0.3229,0,Loyal Customers,Zepto,659.097
-1.1908,0.085,2,Price-Sensitive,Zepto,364.59675
-0.1078,0.798,3,Price-Sensitive,Zepto,563.094
1.5933,0.1611,0,Loyal Customers,Blinkit,744.9536
-0.4258,-0.9256,1,At-Risk,Blinkit,590.0552000000001
0.4712,0.0123,0,Loyal Customers,Swiggy Instamart,871.6324999999999
1.4406,3.0481,3,Price-Sensitive,Blinkit,1633.9626000000003
0.4174,-0.9188,1,At-Risk,Swiggy Instamart,358.4205
-0.9932,-0.6026,1,At-Risk,Swiggy Instamart,744.0579999999999
0.9512,-0.677,0,Loyal Customers,Zepto,409.817
2.8058,-0.598,0,Loyal Customers,Blinkit,141.036
-1.6505,1.3847,2,Price-Sensitive,Zepto,1157.45175
-1.5884,-0.981,1,At-Risk,Zepto,659.295
1.1065,0.2165,0,Loyal Customers,Swiggy Instamart,891.1349999999999
-0.4352,1.6822,3,Price-Sensitive,Zepto,1107.918
-2.2556,-0.2728,1,At-Risk,Swiggy Instamart,1183.7095
-1.7009,1.5883,2,Price-Sensitive,Blinkit,1319.8626
1.7569,-0.5803,0,Loyal Customers,Zepto,311.98850000000004
2.4063,0.242,0,Loyal Customers,Zepto,722.268
0.4265,-0.7806,0,Loyal Customers,Blinkit,494.01360000000005
0.5251,1.755,3,Price-Sensitive,Swiggy Instamart,948.89175
0.9971,0.3333,0,Loyal Customers,Swiggy Instamart,1019.0035
-2.3419,0.2388,2,Price-Sensitive,Zepto,649.719
-0.0668,0.7746,3,Price-Sensitive,Blinkit,610.2216000000001
1.0557,-0.6137,0,Loyal Customers,Blinkit,453.6
-0.4375,2.2713,2,Price-Sensitive,Blinkit,1454.4504000000002
0.2359,1.9796,3,Price-Sensitive,Blinkit,1210.5612
-1.3187,-0.523,1,At-Risk,Swiggy Instamart,861.2379999999999
0.4083,-1.5326,1,At-Risk,Blinkit,50.0
1.0879,-0.3096,0,Loyal Customers,Blinkit,592.9652000000001
-0.4951,1.5821,2,Price-Sensitive,Blinkit,1043.9718
0.155,-0.4973,1,At-Risk,Blinkit,667.0308
-0.7454,1.7599,2,Price-Sensitive,Zepto,1188.5925
-1.666,-1.3147,1,At-Risk,Zepto,494.382
2.5712,2.2124,3,Price-Sensitive,Swiggy Instamart,911.49375
0.2467,3.0386,3,Price-Sensitive,Swiggy Instamart,1744.5045
-1.9652,-0.9347,1,At-Risk,Zepto,703.101
0.4146,-0.0495,3,Price-Sensitive,Blinkit,50.0
1.6535,0.118,0,Loyal Customers,Swiggy Instamart,755.3979999999999
-1.1518,-0.5436,1,At-Risk,Swiggy Instamart,841.2915
-0.3226,1.5666,3,Price-Sensitive,Zepto,928.3290000000002
2.7487,-0.8729,0,Loyal Customers,Blinkit,50.0
-0.2295,-0.8424,1,At-Risk,Swiggy Instamart,536.774
3.1342,1.5858,3,Price-Sensitive,Swiggy Instamart,562.4399999999998
-1.9215,0.8794,2,Price-Sensitive,Zepto,901.1925
2.745,-0.4083,0,Loyal Customers,Zepto,267.36600000000004
1.0514,-0.9503,0,Loyal Customers,Swiggy Instamart,290.375
-0.7445,0.9717,2,Price-Sensitive,Zepto,820.7985000000001
1.61,0.0272,0,Loyal Customers,Swiggy Instamart,684.5045
0.3505,1.8735,3,Price-Sensitive,Zepto,1113.8490000000002
0.2394,0.6985,3,Price-Sensitive,Blinkit,441.81840000000005
-0.4839,-1.1797,1,At-Risk,Zepto,334.908
-0.0228,-1.5582,1,At-Risk,Blinkit,86.70240000000001
-0.411,1.1622,2,Price-Sensitive,Zepto,823.6305000000002
-1.1156,-0.4719,1,At-Risk,Swiggy Instamart,894.5989999999999
-1.2729,-0.5334,1,At-Risk,Zepto,832.524
0.8969,-1.4879,0,Loyal Customers,Swiggy Instamart,50.0
1.2375,-0.3898,0,Loyal Customers,Zepto,536.403
-0.4005,-1.5553,1,At-Risk,Zepto,110.2605
2.9194,0.3333,0,Loyal Customers,Swiggy Instamart,679.9515
1.4194,-0.1691,0,Loyal Customers,Swiggy Instamart,605.075
-1.2022,-1.4912,1,At-Risk,Swiggy Instamart,362.4125
1.5811,-0.2732,0,Loyal Customers,Blinkit,514.2288000000001
0.3463,-1.0978,0,Loyal Customers,Blinkit,287.78760000000005
2.0354,-1.0542,0,Loyal Customers,Swiggy Instamart,50.0
-2.2132,-0.056,2,Price-Sensitive,Blinkit,427.1082
-1.3178,1.0257,2,Price-Sensitive,Zepto,879.1267499999999
0.3527,-0.5663,0,Loyal Customers,Blinkit,612.0792
1.1716,-1.0603,0,Loyal Customers,Blinkit,147.56040000000002
-0.1863,0.4225,2,Price-Sensitive,Swiggy Instamart,467.77425
-1.8862,0.9572,2,Price-Sensitive,Zepto,916.902
1.3813,1.4498,3,Price-Sensitive,Swiggy Instamart,674.00925
1.5468,-0.9341,0,Loyal Customers,Blinkit,203.52320000000003
-0.9442,-1.8191,1,At-Risk,Zepto,50.0
0.4443,0.4397,0,Loyal Customers,Swiggy Instamart,1038.338
2.1299,1.0607,3,Price-Sensitive,Zepto,356.22450000000003
-1.295,-0.6912,1,At-Risk,Blinkit,846.2556000000001
-0.2012,-0.2491,1,At-Risk,Swiggy Instamart,858.6819999999999
1.3192,1.8792,3,Price-Sensitive,Swiggy Instamart,987.45375
1.9544,-0.601,0,Loyal Customers,Swiggy Instamart,263.3845
0.1817,0.4481,3,Price-Sensitive,Blinkit,373.6674
-0.578,-1.7342,1,At-Risk,Blinkit,58.7088
-0.4318,0.4218,2,Price-Sensitive,Swiggy Instamart,442.51425
0.1195,1.6635,3,Price-Sensitive,Zepto,1005.23025
-1.0045,0.8908,2,Price-Sensitive,Blinkit,807.5699999999999
1.1907,-1.2213,0,Loyal Customers,Zepto,50.0
1.4643,-1.0448,0,Loyal Customers,Zepto,50.0
-1.2036,1.2556,2,Price-Sensitive,Zepto,985.446
1.5483,0.4632,0,Loyal Customers,Blinkit,994.8084
0.2499,-0.6931,0,Loyal Customers,Zepto,455.31750000000005
-0.3263,-1.4508,1,At-Risk,Blinkit,236.81960000000004
1.204,0.1375,0,Loyal Customers,Blinkit,784.154
0.423,0.0033,3,Price-Sensitive,Zepto,50.0
-1.366,0.6652,2,Price-Sensitive,Zepto,748.52175
0.1441,-0.0929,3,Price-Sensitive,Zepto,50.0
0.0749,-1.2167,1,At-Risk,Swiggy Instamart,246.3505
-1.1306,-0.6558,1,At-Risk,Blinkit,784.9548
-2.076,1.498,2,Price-Sensitive,Zepto,1255.40325
0.6325,0.2203,0,Loyal Customers,Blinkit,967.0752
0.7544,-0.3828,0,Loyal Customers,Zepto,543.5115000000001
-0.2733,2.3036,3,Price-Sensitive,Swiggy Instamart,1491.0727499999998
0.5842,0.3397,3,Price-Sensitive,Blinkit,253.5744
-0.0873,-1.0819,1,At-Risk,Zepto,337.8955
0.4708,-0.4125,0,Loyal Customers,Blinkit,670.3004000000001
1.4119,0.6016,3,Price-Sensitive,Swiggy Instamart,235.434
0.3842,-0.4891,0,Loyal Customers,Blinkit,591.5484
-0.9386,-1.8472,1,At-Risk,Blinkit,100.60200000000002
0.1253,1.145,3,Price-Sensitive,Blinkit,745.9938
0.9937,-0.585,0,Loyal Customers,Zepto,428.1875
-1.0904,-1.3726,1,At-Risk,Blinkit,341.442
1.5201,1.5299,3,Price-Sensitive,Swiggy Instamart,713.2185
1.313,2.5998,3,Price-Sensitive,Blinkit,1304.9424
-0.4522,-0.9151,1,At-Risk,Zepto,467.271
0.0541,-0.7539,1,At-Risk,Blinkit,518.2812
0.9495,1.1276,3,Price-Sensitive,Swiggy Instamart,619.8405
-0.1105,-0.7085,1,At-Risk,Blinkit,603.072
1.6885,0.6371,3,Price-Sensitive,Swiggy Instamart,188.2665
2.1494,-0.596,0,Loyal Customers,Swiggy Instamart,243.7655
-0.217,-1.5624,1,At-Risk,Swiggy Instamart,124.15799999999996
1.6992,-0.6885,0,Loyal Customers,Zepto,292.05150000000003
0.4126,0.4765,3,Price-Sensitive,Blinkit,347.06520000000006
-1.0763,-0.2016,2,Price-Sensitive,Swiggy Instamart,161.0505
2.4478,0.1722,0,Loyal Customers,Blinkit,655.9044
1.7155,0.8617,0,Loyal Customers,Swiggy Instamart,1139.8569999999995
1.8364,-0.9851,0,Loyal Customers,Blinkit,169.95840000000004
0.4235,1.9107,3,Price-Sensitive,Swiggy Instamart,1136.83875
-0.65,0.9994,2,Price-Sensitive,Swiggy Instamart,695.30025
0.7203,-0.0059,0,Loyal Customers,Blinkit,821.5904
-0.1105,-0.1283,1,At-Risk,Zepto,810.553
-0.2226,-1.0502,1,At-Risk,Zepto,406.497
-1.3762,0.5514,2,Price-Sensitive,Swiggy Instamart,629.09025
0.0804,-0.8348,1,At-Risk,Swiggy Instamart,451.329
0.0137,-0.2482,1,At-Risk,Zepto,749.0805
1.5235,-0.4265,0,Loyal Customers,Swiggy Instamart,482.1145
0.7416,1.3813,3,Price-Sensitive,Zepto,714.51075
-1.7361,-1.5681,1,At-Risk,Blinkit,333.0796
-1.3661,1.2715,2,Price-Sensitive,Swiggy Instamart,1045.5915
-0.0043,-1.5709,1,At-Risk,Blinkit,85.9556
1.9927,0.5393,0,Loyal Customers,Blinkit,902.4452
-1.8706,-2.0495,1,At-Risk,Zepto,173.89050000000003
1.353,-0.3179,0,Loyal Customers,Swiggy Instamart,568.9205
0.3364,0.5777,3,Price-Sensitive,Swiggy Instamart,394.04775
0.732,-0.6829,0,Loyal Customers,Blinkit,486.12
-1.7009,1.383,2,Price-Sensitive,Blinkit,1175.1156
1.5591,0.447,3,Price-Sensitive,Blinkit,67.6512
0.7136,-0.4566,0,Loyal Customers,Zepto,510.201
-1.013,-1.1828,1,At-Risk,Swiggy Instamart,419.901
-2.2392,0.8018,2,Price-Sensitive,Zepto,943.677
-0.0964,1.8137,3,Price-Sensitive,Swiggy Instamart,1146.5385
1.036,0.9915,3,Price-Sensitive,Swiggy Instamart,503.976
2.6662,1.0559,0,Loyal Customers,Blinkit,1145.004
1.3842,0.395,0,Loyal Customers,Blinkit,965.034
-1.2263,-1.5708,1,At-Risk,Zepto,281.0325
-1.7104,-0.4911,2,Price-Sensitive,Zepto,92.4075
-0.6243,-0.3089,1,At-Risk,Swiggy Instamart,826.4275
-1.3515,-0.4923,2,Price-Sensitive,Zepto,50.0
-1.4663,-0.6721,1,At-Risk,Blinkit,808.0884000000001
0.6931,-0.2876,0,Loyal Customers,Zepto,663.354
0.7536,0.6021,3,Price-Sensitive,Zepto,305.12474999999995
1.1483,0.8472,0,Loyal Customers,Blinkit,1188.1404000000002
2.2168,0.3307,0,Loyal Customers,Swiggy Instamart,814.779
-0.8345,1.5918,2,Price-Sensitive,Swiggy Instamart,1151.62725
-0.6606,-0.4121,1,At-Risk,Swiggy Instamart,790.68
-0.767,-0.545,1,At-Risk,Blinkit,732.5408
0.313,3.1776,3,Price-Sensitive,Swiggy Instamart,1804.56075
-1.3754,-2.0523,1,At-Risk,Zepto,50.0
-0.6602,-0.6443,1,At-Risk,Zepto,641.7810000000001
-0.2302,-1.5179,1,At-Risk,Zepto,94.794
-1.7064,1.6184,2,Price-Sensitive,Blinkit,1332.2232
-1.7581,1.2832,2,Price-Sensitive,Swiggy Instamart,1146.7799999999995
-1.2991,0.2924,1,At-Risk,Blinkit,1360.0128000000002
2.3144,-0.2867,0,Loyal Customers,Zepto,422.6715
-1.0057,-0.3958,2,Price-Sensitive,Swiggy Instamart,50.0
0.9345,-1.1489,0,Loyal Customers,Swiggy Instamart,177.59449999999998
0.9056,0.5749,3,Price-Sensitive,Blinkit,280.35720000000003
0.3581,-0.9076,0,Loyal Customers,Blinkit,396.8244
-0.7561,-0.9578,1,At-Risk,Blinkit,580.5308
0.4784,-0.0641,0,Loyal Customers,Zepto,850.0295
-2.4256,1.7644,2,Price-Sensitive,Blinkit,1452.4062
-0.2508,-0.9671,1,At-Risk,Blinkit,461.4732000000001
-0.2904,-1.1059,1,At-Risk,Zepto,401.0705
0.4089,-1.4518,0,Loyal Customers,Zepto,50.0
-0.0897,-0.0244,2,Price-Sensitive,Zepto,65.727
-0.1542,-0.8622,1,At-Risk,Blinkit,490.9376
2.4376,1.5522,3,Price-Sensitive,Blinkit,625.5774
-0.465,-0.1705,2,Price-Sensitive,Blinkit,50.0
-0.126,0.8226,3,Price-Sensitive,Zepto,522.6007500000001
0.1008,2.1062,3,Price-Sensitive,Blinkit,1233.0984000000003
0.3649,2.314,3,Price-Sensitive,Swiggy Instamart,1318.93875
-0.4267,-0.8951,1,At-Risk,Swiggy Instamart,555.6085
0.8913,0.756,0,Loyal Customers,Swiggy Instamart,1286.467
-0.3225,0.9902,2,Price-Sensitive,Blinkit,707.3202000000001
2.6956,-0.888,0,Loyal Customers,Zepto,50.0
-0.3405,2.0381,3,Price-Sensitive,Zepto,1270.54875
1.0124,-0.3997,0,Loyal Customers,Swiggy Instamart,586.651
-0.2453,1.3676,3,Price-Sensitive,Swiggy Instamart,955.56375
0.7259,-0.8758,0,Loyal Customers,Blinkit,322.31360000000006
0.8282,2.7921,3,Price-Sensitive,Swiggy Instamart,1516.39575
0.5503,-0.8132,0,Loyal Customers,Blinkit,425.8952000000001
0.3185,-0.6035,0,Loyal Customers,Blinkit,581.4912
0.0839,1.5016,3,Price-Sensitive,Zepto,892.9335
-0.0932,-1.0785,1,At-Risk,Swiggy Instamart,425.32
0.0506,-0.1629,0,Loyal Customers,Swiggy Instamart,857.8079999999999
-0.2756,2.6302,3,Price-Sensitive,Zepto,1609.902
-0.6029,-0.6104,1,At-Risk,Blinkit,640.1776000000001
-0.1174,0.819,3,Price-Sensitive,Zepto,540.225
-1.3868,0.7819,2,Price-Sensitive,Blinkit,792.1800000000001
0.9422,-0.5588,0,Loyal Customers,Blinkit,495.4716
-0.412,-1.0853,1,At-Risk,Swiggy Instamart,450.34
-0.979,-1.5643,1,At-Risk,Swiggy Instamart,304.3475
2.568,-0.075,0,Loyal Customers,Blinkit,449.018
-0.944,0.1031,1,At-Risk,Swiggy Instamart,1147.677
-1.1739,-0.3311,1,At-Risk,Zepto,950.4135
-0.8381,-1.284,1,At-Risk,Zepto,364.39200000000005
-1.7758,-0.8157,1,At-Risk,Zepto,733.32
1.9154,-1.0453,0,Loyal Customers,Blinkit,123.03240000000002
-1.0988,-0.4831,1,At-Risk,Blinkit,888.6780000000001
-1.4803,-1.1587,1,At-Risk,Zepto,479.054
2.1701,-0.0061,0,Loyal Customers,Blinkit,590.3496
-1.7021,-0.9284,1,At-Risk,Swiggy Instamart,687.542
-0.1673,0.4758,3,Price-Sensitive,Zepto,319.26825
-1.059,-0.342,2,Price-Sensitive,Zepto,50.0
1.2948,1.9499,3,Price-Sensitive,Blinkit,958.9068
2.6157,1.0238,3,Price-Sensitive,Swiggy Instamart,279.33299999999986
-0.1036,1.5144,3,Price-Sensitive,Zepto,977.13
1.6759,0.9991,3,Price-Sensitive,Blinkit,360.8352
0.7801,-1.4051,0,Loyal Customers,Swiggy Instamart,50.0
1.3615,-0.0962,0,Loyal Customers,Blinkit,660.0204
-0.3682,-1.1748,1,At-Risk,Zepto,387.3155
0.4331,-0.2258,0,Loyal Customers,Swiggy Instamart,741.5344999999999
1.6841,-0.3948,0,Loyal Customers,Blinkit,460.3284
-1.0841,0.1539,2,Price-Sensitive,Zepto,357.25725000000006
-0.0781,0.4673,1,At-Risk,Swiggy Instamart,1267.722
-0.9723,-1.8357,1,At-Risk,Zepto,50.0
0.651,-0.2139,0,Loyal Customers,Swiggy Instamart,629.8464999999999
-2.4118,0.2307,2,Price-Sensitive,Zepto,675.5415
1.5816,0.6653,3,Price-Sensitive,Blinkit,178.0704
1.1839,2.0216,3,Price-Sensitive,Swiggy Instamart,1072.91025
-1.9169,-1.2526,1,At-Risk,Zepto,587.8320000000001
-0.7416,-0.4976,1,At-Risk,Swiggy Instamart,836.924
1.183,-0.8407,0,Loyal Customers,Zepto,239.4605
-0.2871,1.0272,2,Price-Sensitive,Blinkit,790.7670000000002
0.3504,1.2177,3,Price-Sensitive,Zepto,726.8085000000001
1.4709,-0.6258,0,Loyal Customers,Blinkit,366.906
1.1946,-0.5517,0,Loyal Customers,Blinkit,407.7756
-0.3166,-1.2669,1,At-Risk,Blinkit,314.4528
-1.8965,-1.316,1,At-Risk,Zepto,501.244
0.1915,-0.3908,1,At-Risk,Zepto,670.6245000000001
-0.2464,1.7858,3,Price-Sensitive,Zepto,1098.79875
0.7307,-1.4758,1,At-Risk,Blinkit,50.0
-1.7548,-1.8165,1,At-Risk,Zepto,214.06500000000003
1.083,-0.6924,0,Loyal Customers,Blinkit,359.68320000000006
2.1817,0.7,3,Price-Sensitive,Blinkit,111.47220000000002
0.9843,1.2937,3,Price-Sensitive,Blinkit,709.1388000000001
2.0123,-0.5561,0,Loyal Customers,Blinkit,285.8544
-2.1997,0.4338,2,Price-Sensitive,Zepto,750.18825
-0.1419,1.2885,3,Price-Sensitive,Swiggy Instamart,821.1690000000001
-0.2334,2.4991,3,Price-Sensitive,Blinkit,1609.7778000000003
-1.0033,-1.3762,1,At-Risk,Zepto,311.10450000000003
-0.601,0.5565,2,Price-Sensitive,Blinkit,534.8592000000001
-0.711,-1.4671,1,At-Risk,Zepto,247.4615
-2.6146,0.8531,2,Price-Sensitive,Zepto,1033.69725
-2.7664,1.3296,2,Price-Sensitive,Zepto,1298.28825
1.5974,1.0484,3,Price-Sensitive,Zepto,449.5905
-1.0821,-1.0274,1,At-Risk,Zepto,563.3355
-1.8951,0.6888,2,Price-Sensitive,Zepto,782.8620000000001
-2.267,0.333,2,Price-Sensitive,Zepto,674.9692500000001
0.061,-0.4949,1,At-Risk,Swiggy Instamart,670.688
2.4096,-0.4785,0,Loyal Customers,Swiggy Instamart,334.8265
0.7014,1.72,3,Price-Sensitive,Blinkit,1010.8962
0.1067,-0.4194,0,Loyal Customers,Swiggy Instamart,740.9069999999999
0.1244,-0.4697,0,Loyal Customers,Blinkit,561.4888000000001
-0.5991,-0.2274,2,Price-Sensitive,Zepto,50.0
2.9612,-0.6044,0,Loyal Customers,Blinkit,115.91520000000004
1.3786,-0.0184,0,Loyal Customers,Blinkit,654.2544
-0.1958,0.0903,0,Loyal Customers,Swiggy Instamart,1083.1045
-1.5983,-1.5758,1,At-Risk,Zepto,364.896
-0.5168,-1.359,1,At-Risk,Zepto,249.3345
0.3228,-0.6687,0,Loyal Customers,Blinkit,533.9756
-0.7781,-1.5676,1,At-Risk,Blinkit,274.97880000000004
-0.5123,1.6353,2,Price-Sensitive,Swiggy Instamart,1142.688
-0.7332,-0.2529,1,At-Risk,Zepto,877.191
-0.7243,-0.1946,2,Price-Sensitive,Zepto,150.39975
0.1039,1.9869,3,Price-Sensitive,Blinkit,1186.0038
0.4888,-1.3405,0,Loyal Customers,Blinkit,83.4624
-1.2562,-1.6006,1,At-Risk,Zepto,218.423
-0.6026,-0.7775,1,At-Risk,Blinkit,610.6644
-1.4802,0.2891,2,Price-Sensitive,Zepto,481.00125
1.1959,0.9868,3,Price-Sensitive,Swiggy Instamart,469.1655
0.6676,3.2444,3,Price-Sensitive,Blinkit,1787.8944
1.1768,-0.2584,0,Loyal Customers,Blinkit,612.9552000000001
0.8253,-0.1694,0,Loyal Customers,Blinkit,750.3212
1.7152,-1.197,0,Loyal Customers,Swiggy Instamart,50.0
-0.8428,-0.5689,1,At-Risk,Zepto,782.8800000000001
0.0662,0.8153,0,Loyal Customers,Swiggy Instamart,1409.5435
1.1597,-0.0613,0,Loyal Customers,Zepto,706.5889999999999
-1.3053,-0.1406,2,Price-Sensitive,Zepto,271.57725
-0.2734,-0.3568,1,At-Risk,Swiggy Instamart,818.2275
-1.1806,-1.3297,1,At-Risk,Zepto,397.824
-1.4061,-0.4625,2,Price-Sensitive,Zepto,50.0
0.9977,-1.2748,0,Loyal Customers,Swiggy Instamart,50.0
-2.5767,1.1766,2,Price-Sensitive,Zepto,1185.67575
-1.6746,-0.5435,1,At-Risk,Blinkit,926.424
2.4854,-0.5563,0,Loyal Customers,Blinkit,230.5124
-2.2436,1.5985,2,Price-Sensitive,Zepto,1419.88125
-1.6903,1.2502,2,Price-Sensitive,Blinkit,1032.9396000000002
-0.3462,-0.2457,2,Price-Sensitive,Blinkit,50.0
-1.4911,-1.3096,1,At-Risk,Zepto,461.607
0.0641,-0.6244,1,At-Risk,Blinkit,561.8720000000001
-0.6278,-0.1683,2,Price-Sensitive,Blinkit,154.548
-2.084,-0.1575,1,At-Risk,Zepto,1175.1765
-0.9329,-0.9007,1,At-Risk,Blinkit,613.9236
-1.7208,-0.5346,1,At-Risk,Zepto,965.596
1.1846,-0.6704,0,Loyal Customers,Swiggy Instamart,355.22349999999994
0.339,0.1133,0,Loyal Customers,Blinkit,881.1148
-1.2753,-1.2513,1,At-Risk,Zepto,492.051
-1.3415,-1.596,1,At-Risk,Zepto,337.09200000000004
0.3376,1.3306,3,Price-Sensitive,Swiggy Instamart,769.42125
-1.9298,0.4753,2,Price-Sensitive,Blinkit,749.1852
0.8652,-0.2724,0,Loyal Customers,Blinkit,624.1764000000001
-1.0205,-1.1874,1,At-Risk,Zepto,470.778
-2.4156,0.3703,2,Price-Sensitive,Zepto,724.70475
1.4539,1.7879,3,Price-Sensitive,Blinkit,804.5406
0.9956,0.6526,0,Loyal Customers,Swiggy Instamart,1153.9305
0.9039,-1.2932,0,Loyal Customers,Zepto,50.0
0.0434,-0.2655,3,Price-Sensitive,Zepto,50.0
1.5965,0.3361,3,Price-Sensitive,Swiggy Instamart,50.0
-1.1779,1.3777,2,Price-Sensitive,Blinkit,1050.6347999999998
-0.5842,-0.3439,1,At-Risk,Swiggy Instamart,834.2099999999999
1.5851,2.5444,3,Price-Sensitive,Zepto,1254.069
-0.8262,-0.8838,1,At-Risk,Blinkit,581.0292000000001
2.4506,-0.6383,0,Loyal Customers,Blinkit,213.4268
-1.7618,-0.6135,2,Price-Sensitive,Zepto,50.0
-0.4522,1.337,3,Price-Sensitive,Zepto,881.559
-0.8487,-0.4829,2,Price-Sensitive,Swiggy Instamart,50.0
1.6666,-1.1126,0,Loyal Customers,Blinkit,54.1728
1.231,1.8697,3,Price-Sensitive,Blinkit,982.692
1.1666,-0.1497,0,Loyal Customers,Zepto,637.8555
1.7611,0.1326,0,Loyal Customers,Blinkit,805.8192
0.0309,0.7266,3,Price-Sensitive,Swiggy Instamart,534.405
1.7489,0.4588,0,Loyal Customers,Swiggy Instamart,915.592
1.3145,-0.8991,0,Loyal Customers,Swiggy Instamart,354.4669999999999
2.5477,-0.9532,0,Loyal Customers,Swiggy Instamart,62.067999999999984
-1.394,-0.2275,2,Price-Sensitive,Blinkit,245.4786
-1.4263,-0.2622,1,At-Risk,Zepto,1029.8775
-0.0544,-1.2295,1,At-Risk,Blinkit,265.8936
-1.3899,1.0814,2,Price-Sensitive,Zepto,946.53975
1.2918,0.2906,3,Price-Sensitive,Swiggy Instamart,50.0
-0.9824,-0.0428,1,At-Risk,Zepto,1154.322
1.5267,1.4411,3,Price-Sensitive,Swiggy Instamart,711.59175
1.629,-0.2849,0,Loyal Customers,Blinkit,506.6496
0.222,-1.0142,1,At-Risk,Blinkit,323.81480000000005
0.6611,-1.3772,0,Loyal Customers,Zepto,50.0
0.9162,-1.3862,0,Loyal Customers,Swiggy Instamart,50.0
0.9377,0.3533,0,Loyal Customers,Blinkit,1014.606
0.2257,-1.1486,1,At-Risk,Zepto,224.59500000000003
0.976,-0.4568,0,Loyal Customers,Zepto,494.2935000000001
-1.0541,0.9765,2,Price-Sensitive,Zepto,812.28375
-1.0332,-0.6598,1,At-Risk,Blinkit,742.8132
-1.8521,-0.2563,2,Price-Sensitive,Zepto,277.53075
-1.582,-2.0451,1,At-Risk,Blinkit,50.0
2.1217,1.2712,3,Price-Sensitive,Swiggy Instamart,496.737
0.0356,1.4023,3,Price-Sensitive,Zepto,821.04375
1.5929,-0.8161,0,Loyal Customers,Swiggy Instamart,247.365
0.0095,-0.9762,1,At-Risk,Swiggy Instamart,391.713
-1.1333,-0.3554,2,Price-Sensitive,Zepto,50.0
2.0208,0.1962,0,Loyal Customers,Swiggy Instamart,790.6099999999999
-2.1129,2.2522,2,Price-Sensitive,Swiggy Instamart,1790.5499999999995
-1.6603,-0.7947,1,At-Risk,Zepto,796.6034999999999
-0.2273,-0.8495,1,At-Risk,Zepto,521.2850000000001
0.5628,-0.3887,0,Loyal Customers,Blinkit,687.9156000000002
-2.7591,0.9414,2,Price-Sensitive,Zepto,1076.27625
0.2511,-0.8199,0,Loyal Customers,Zepto,465.066
-0.1593,0.1203,2,Price-Sensitive,Zepto,165.61125
1.4064,0.1123,0,Loyal Customers,Blinkit,790.86
1.663,-0.1112,0,Loyal Customers,Swiggy Instamart,666.0685
-1.3189,0.248,2,Price-Sensitive,Blinkit,490.6146
1.66,0.5287,3,Price-Sensitive,Swiggy Instamart,158.70374999999996
-0.6847,1.4358,2,Price-Sensitive,Blinkit,984.4416
-0.8302,-0.8316,1,At-Risk,Swiggy Instamart,677.1659999999999
-0.0881,1.1807,3,Price-Sensitive,Swiggy Instamart,844.10025
2.3231,-0.0796,0,Loyal Customers,Zepto,511.4175
-1.1796,0.113,2,Price-Sensitive,Swiggy Instamart,368.391
-0.0154,-1.2964,1,At-Risk,Zepto,148.44400000000002
0.2651,1.6575,3,Price-Sensitive,Blinkit,959.8824
0.6283,-0.0722,0,Loyal Customers,Swiggy Instamart,751.2810000000001
2.1407,0.6028,0,Loyal Customers,Blinkit,948.2064
-0.7038,-1.479,1,At-Risk,Swiggy Instamart,258.359
1.8073,1.0299,3,Price-Sensitive,Swiggy Instamart,377.298
2.788,-0.9071,0,Loyal Customers,Swiggy Instamart,50.0
-0.4883,-1.6282,1,At-Risk,Zepto,119.79200000000002
-0.2247,1.2221,2,Price-Sensitive,Swiggy Instamart,839.8739999999999
1.5976,-0.7417,0,Loyal Customers,Swiggy Instamart,275.245
0.4305,-1.385,0,Loyal Customers,Swiggy Instamart,50.0
-2.5378,1.0073,2,Price-Sensitive,Zepto,1102.09875
0.6809,-0.6399,0,Loyal Customers,Blinkit,453.0708
-0.9357,2.3071,2,Price-Sensitive,Swiggy Instamart,1513.04925
2.0932,-0.6227,0,Loyal Customers,Blinkit,275.4108
1.0247,-1.3835,0,Loyal Customers,Swiggy Instamart,50.0
2.0312,0.5009,3,Price-Sensitive,Swiggy Instamart,95.136
-1.5573,1.3906,2,Price-Sensitive,Zepto,1135.9807500000002
-0.076,0.7746,3,Price-Sensitive,Swiggy Instamart,569.1869999999999
0.1472,1.7938,3,Price-Sensitive,Zepto,1069.28325
-1.1949,-1.5358,1,At-Risk,Blinkit,334.4112
3.2421,0.9827,3,Price-Sensitive,Swiggy Instamart,125.256
2.9525,-0.7944,0,Loyal Customers,Swiggy Instamart,50.0
0.2325,1.0994,3,Price-Sensitive,Blinkit,655.4802
-0.041,-0.7643,1,At-Risk,Swiggy Instamart,568.606
1.3901,-0.3115,0,Loyal Customers,Swiggy Instamart,574.134
-0.2273,-1.1058,1,At-Risk,Zepto,379.953
2.1326,-0.6037,0,Loyal Customers,Zepto,263.0715
-1.5192,0.341,2,Price-Sensitive,Blinkit,580.527
-1.316,-0.1872,1,At-Risk,Zepto,1051.077
0.7036,0.5101,0,Loyal Customers,Swiggy Instamart,1079.266
2.1173,-0.033,0,Loyal Customers,Blinkit,558.4356000000001
-0.3267,-0.1335,1,At-Risk,Blinkit,934.9248
1.5024,-0.9258,0,Loyal Customers,Blinkit,146.0052
0.9366,0.5271,3,Price-Sensitive,Swiggy Instamart,319.37250000000006
-0.4215,1.7469,3,Price-Sensitive,Blinkit,1095.0018
-0.1915,-0.4717,1,At-Risk,Blinkit,706.59
1.0101,-0.4769,0,Loyal Customers,Blinkit,468.504
2.846,2.7326,3,Price-Sensitive,Blinkit,1166.4630000000002
0.2266,-0.9213,1,At-Risk,Blinkit,387.24480000000005
-1.5747,0.604,2,Price-Sensitive,Blinkit,691.8810000000001
0.8929,-1.1018,0,Loyal Customers,Swiggy Instamart,290.33149999999995
-1.9044,-1.3065,1,At-Risk,Zepto,586.28
0.9112,-1.0882,0,Loyal Customers,Zepto,165.123
-0.1199,2.2059,3,Price-Sensitive,Zepto,1349.9325
-0.3138,-0.9661,1,At-Risk,Blinkit,502.3404000000001
-0.0155,2.5945,3,Price-Sensitive,Swiggy Instamart,1554.8324999999998
-0.0906,1.0539,3,Price-Sensitive,Blinkit,715.878
0.8239,0.0171,0,Loyal Customers,Swiggy Instamart,820.6479999999999
0.5846,0.0285,0,Loyal Customers,Zepto,839.9895
1.2223,-0.2728,0,Loyal Customers,Zepto,593.0820000000001
-0.1581,-0.2938,1,At-Risk,Zepto,822.0255
-0.3572,-0.8583,1,At-Risk,Swiggy Instamart,575.2315
-1.7414,1.5939,2,Price-Sensitive,Zepto,1253.1645
0.3262,1.6135,3,Price-Sensitive,Zepto,862.5015
-0.8409,-0.5817,1,At-Risk,Blinkit,808.2396000000001
0.9495,0.4087,3,Price-Sensitive,Zepto,189.6015
1.31,-1.2243,0,Loyal Customers,Swiggy Instamart,50.0
0.2643,1.1665,3,Price-Sensitive,Swiggy Instamart,729.882
-1.1622,0.2644,2,Price-Sensitive,Zepto,416.8395
1.9072,-1.1336,0,Loyal Customers,Swiggy Instamart,50.0
-0.04,-0.9075,1,At-Risk,Blinkit,504.1668
-1.4027,-1.1305,1,At-Risk,Zepto,535.758
-0.1478,-0.9147,1,At-Risk,Zepto,434.1225
1.2747,-1.3002,0,Loyal Customers,Zepto,50.0
-1.1135,-0.4241,1,At-Risk,Blinkit,876.1476000000001
0.0744,-0.4064,0,Loyal Customers,Zepto,660.303
0.4892,1.4613,3,Price-Sensitive,Blinkit,834.303
0.4775,-1.1387,0,Loyal Customers,Zepto,199.4385
-0.9698,1.8842,2,Price-Sensitive,Blinkit,1368.09
1.7237,0.6195,3,Price-Sensitive,Zepto,186.597
0.0034,-1.6753,1,At-Risk,Blinkit,50.0
-1.1103,0.5781,2,Price-Sensitive,Zepto,681.6667500000001
0.2579,0.6297,3,Price-Sensitive,Swiggy Instamart,397.3732499999999
-0.8353,-1.3186,1,At-Risk,Blinkit,300.70120000000003
-1.3478,0.0951,2,Price-Sensitive,Swiggy Instamart,461.0925
-0.2201,-0.2067,2,Price-Sensitive,Blinkit,50.0
1.9226,-0.7207,0,Loyal Customers,Swiggy Instamart,271.7105
2.2082,-1.03,0,Loyal Customers,Blinkit,50.0
-0.4852,-1.6681,1,At-Risk,Blinkit,103.872
0.9349,-0.2505,0,Loyal Customers,Zepto,591.591
0.735,-0.6834,0,Loyal Customers,Blinkit,462.0336
0.4679,1.0522,3,Price-Sensitive,Blinkit,595.3368
-1.5859,-1.6488,1,At-Risk,Zepto,240.34500000000003
-1.0114,-0.3761,2,Price-Sensitive,Swiggy Instamart,50.0
-2.1893,-0.5729,1,At-Risk,Zepto,1021.9755
1.2052,-1.1496,0,Loyal Customers,Swiggy Instamart,146.1205
-0.2287,-0.9484,1,At-Risk,Blinkit,398.3008
3.3681,-0.1879,0,Loyal Customers,Blinkit,281.4252
-0.8615,1.7944,2,Price-Sensitive,Zepto,1223.217
1.3565,1.4693,3,Price-Sensitive,Blinkit,697.4424
-1.2069,-1.3631,1,At-Risk,Blinkit,441.0408
-1.9596,2.2069,2,Price-Sensitive,Swiggy Instamart,1739.31975
3.0029,0.0778,0,Loyal Customers,Swiggy Instamart,552.0369999999999
-0.3644,-0.7484,1,At-Risk,Swiggy Instamart,628.0
-0.7319,-0.3151,2,Price-Sensitive,Swiggy Instamart,50.0
-1.5601,-1.3733,1,At-Risk,Zepto,398.74300000000005
-1.5274,-0.0755,2,Price-Sensitive,Zepto,298.58850000000007
0.307,-0.6499,1,At-Risk,Blinkit,489.44520000000006
-0.3813,-0.8457,1,At-Risk,Zepto,487.7985
0.6321,1.9212,3,Price-Sensitive,Blinkit,1071.0012000000002
-1.3031,-1.3132,1,At-Risk,Blinkit,472.0692
-1.5952,-0.5499,2,Price-Sensitive,Zepto,50.0
-0.6832,0.2065,2,Price-Sensitive,Zepto,382.90125000000006
2.4201,0.2945,0,Loyal Customers,Swiggy Instamart,751.0675
1.4172,-1.2502,0,Loyal Customers,Blinkit,50.0
-0.8006,-0.4387,2,Price-Sensitive,Zepto,50.0
0.1757,2.438,3,Price-Sensitive,Blinkit,1394.3466
-0.7024,-0.2505,1,At-Risk,Zepto,902.7605
-0.6896,-0.9021,1,At-Risk,Swiggy Instamart,550.9075
0.9266,-1.0441,0,Loyal Customers,Zepto,219.227
-0.5364,1.962,3,Price-Sensitive,Zepto,1215.30975
-1.0798,0.0428,2,Price-Sensitive,Zepto,294.5565
-2.0079,-0.695,1,At-Risk,Blinkit,890.0788000000001
-1.6627,-0.6073,1,At-Risk,Zepto,917.2755
-0.9556,0.9968,2,Price-Sensitive,Blinkit,848.8800000000001
1.05,-0.2016,0,Loyal Customers,Zepto,682.0275
-0.0976,1.4141,2,Price-Sensitive,Zepto,959.8275
0.8304,1.9177,3,Price-Sensitive,Blinkit,1007.5266
-0.3796,-0.7055,1,At-Risk,Swiggy Instamart,643.7724999999999
0.4789,-1.5777,0,Loyal Customers,Zepto,77.69400000000002
-1.9695,1.4211,2,Price-Sensitive,Swiggy Instamart,1211.817
0.0969,-0.1912,0,Loyal Customers,Blinkit,812.6244
-1.2469,0.0695,2,Price-Sensitive,Blinkit,402.0678
1.3108,-0.3933,0,Loyal Customers,Zepto,478.46850000000006
-1.2469,1.1326,2,Price-Sensitive,Zepto,912.8625
1.2103,2.5401,3,Price-Sensitive,Swiggy Instamart,1377.37275
0.5728,-0.4597,0,Loyal Customers,Zepto,534.1115
0.0945,0.4358,0,Loyal Customers,Swiggy Instamart,1160.2695
-0.1866,-1.0524,1,At-Risk,Swiggy Instamart,368.1265
-0.6499,-1.3171,1,At-Risk,Zepto,276.6495
0.9872,-0.6717,0,Loyal Customers,Blinkit,424.5888000000001
0.6354,1.3745,3,Price-Sensitive,Zepto,777.1432500000001
-0.5829,-0.8648,1,At-Risk,Zepto,514.0540000000001
-0.8731,-0.6151,1,At-Risk,Swiggy Instamart,741.786
-2.2742,1.4501,2,Price-Sensitive,Zepto,1300.80825
0.086,-0.8115,1,At-Risk,Zepto,511.89
1.8067,0.4472,3,Price-Sensitive,Swiggy Instamart,50.0
1.2562,-0.6516,0,Loyal Customers,Blinkit,376.9644
0.3186,-1.6559,1,At-Risk,Blinkit,50.0
0.1592,-0.7769,1,At-Risk,Blinkit,476.2044
-0.273,-1.7505,1,At-Risk,Zepto,50.0
1.446,-0.4095,0,Loyal Customers,Blinkit,452.56320000000005
0.6215,-1.3645,0,Loyal Customers,Zepto,50.0
-0.4727,1.7943,2,Price-Sensitive,Swiggy Instamart,1193.493
2.1473,-0.3763,0,Loyal Customers,Swiggy Instamart,432.5174999999999
2.1771,0.6442,3,Price-Sensitive,Blinkit,151.1742
0.3414,-0.2895,0,Loyal Customers,Blinkit,688.5184
1.6025,-0.8465,0,Loyal Customers,Swiggy Instamart,225.883
0.9146,0.6971,3,Price-Sensitive,Swiggy Instamart,358.7865
1.8694,-0.9656,0,Loyal Customers,Swiggy Instamart,50.0
0.1955,-0.0923,3,Price-Sensitive,Swiggy Instamart,50.0
-0.5957,-0.0915,1,At-Risk,Zepto,990.5505
-0.3095,-1.3109,1,At-Risk,Swiggy Instamart,276.19949999999994
-0.9039,-1.2916,1,At-Risk,Zepto,324.2715
-1.9413,0.7847,2,Price-Sensitive,Zepto,845.5545000000002
1.7311,-0.0057,0,Loyal Customers,Blinkit,623.4192
1.7586,-0.3327,0,Loyal Customers,Blinkit,509.49
-1.7716,1.2663,2,Price-Sensitive,Swiggy Instamart,1172.12025
2.4541,-0.1826,0,Loyal Customers,Swiggy Instamart,397.9245
0.6449,-1.0352,0,Loyal Customers,Zepto,278.021
-0.093,-1.5929,1,At-Risk,Swiggy Instamart,149.1975
0.3957,-1.532,1,At-Risk,Blinkit,50.0
0.674,-0.8797,0,Loyal Customers,Swiggy Instamart,337.6094999999999
-1.1438,-1.0916,1,At-Risk,Blinkit,521.4240000000001
1.7222,-0.019,0,Loyal Customers,Blinkit,740.5656000000001
0.437,-0.9165,0,Loyal Customers,Blinkit,317.30400000000003
-0.8666,-1.326,1,At-Risk,Zepto,376.5615
-1.6642,1.8705,2,Price-Sensitive,Blinkit,1471.7406
-2.4214,1.4394,2,Price-Sensitive,Swiggy Instamart,1266.12
-0.8477,-0.2661,1,At-Risk,Blinkit,918.57
-1.1717,1.8126,2,Price-Sensitive,Zepto,1259.92125
-2.0595,-0.9873,1,At-Risk,Blinkit,741.5896
-0.1028,-0.4833,1,At-Risk,Blinkit,720.6932
1.2692,-0.3981,0,Loyal Customers,Zepto,506.9295
1.4574,-1.0835,0,Loyal Customers,Blinkit,50.0
0.1066,-0.4592,1,At-Risk,Swiggy Instamart,735.8275
3.1866,-0.2418,0,Loyal Customers,Swiggy Instamart,347.015
0.1035,-0.4233,1,At-Risk,Zepto,667.5165000000001
0.3342,0.9681,3,Price-Sensitive,Blinkit,630.3402000000001
-1.0552,0.3206,2,Price-Sensitive,Swiggy Instamart,488.5777499999999
2.2152,-0.0437,0,Loyal Customers,Blinkit,557.9268000000001
-1.2439,1.9076,2,Price-Sensitive,Swiggy Instamart,1414.91775
-1.2772,-0.7354,1,At-Risk,Zepto,772.774
0.8492,0.439,0,Loyal Customers,Blinkit,1033.04
2.8898,-0.4196,0,Loyal Customers,Blinkit,232.25280000000004
1.7193,1.0572,0,Loyal Customers,Blinkit,1235.2584000000002
-1.0952,-0.0193,1,At-Risk,Blinkit,1094.6092
0.4877,2.0095,3,Price-Sensitive,Blinkit,1103.4630000000002
2.4222,-0.3206,0,Loyal Customers,Swiggy Instamart,421.121
-0.4907,-1.4709,1,At-Risk,Zepto,194.367
-1.6325,0.885,2,Price-Sensitive,Swiggy Instamart,895.8442500000001
1.2469,-0.9018,0,Loyal Customers,Zepto,215.3025
2.159,0.2217,0,Loyal Customers,Swiggy Instamart,689.553
0.782,1.7976,3,Price-Sensitive,Zepto,893.3895
1.6987,0.1597,0,Loyal Customers,Swiggy Instamart,722.2435
0.2227,-0.4242,0,Loyal Customers,Blinkit,715.6080000000001
-0.0391,-0.115,0,Loyal Customers,Zepto,822.1659999999999
-1.3939,2.4061,2,Price-Sensitive,Blinkit,1703.4318
-1.1444,2.0526,2,Price-Sensitive,Swiggy Instamart,1513.87725
1.9103,-0.8564,0,Loyal Customers,Blinkit,171.1556
0.9609,-0.5054,0,Loyal Customers,Swiggy Instamart,539.7435
-0.2055,-0.1105,2,Price-Sensitive,Blinkit,54.432
0.9302,-0.753,0,Loyal Customers,Blinkit,358.074
-0.4879,-1.1696,1,At-Risk,Blinkit,384.9012
0.8514,-0.8688,0,Loyal Customers,Zepto,368.8065
2.2242,0.692,3,Price-Sensitive,Zepto,103.43700000000004
0.473,-0.2946,0,Loyal Customers,Zepto,672.1260000000001
-0.2589,1.3854,3,Price-Sensitive,Blinkit,952.236
2.0566,0.5511,3,Price-Sensitive,Swiggy Instamart,50.0
-0.3493,-0.3984,1,At-Risk,Blinkit,793.9296
0.1353,-1.6574,1,At-Risk,Blinkit,50.0
1.209,1.0012,3,Price-Sensitive,Swiggy Instamart,476.2035
-1.3068,0.1195,2,Price-Sensitive,Blinkit,426.8538
1.8808,-1.12,0,Loyal Customers,Swiggy Instamart,50.0
-0.2488,1.6106,2,Price-Sensitive,Swiggy Instamart,1058.7532499999998
-1.9548,-0.7017,2,Price-Sensitive,Zepto,50.0
-1.2362,1.3653,2,Price-Sensitive,Swiggy Instamart,1094.0295
0.1527,1.8543,3,Price-Sensitive,Blinkit,1123.389
-1.0551,-1.9617,1,At-Risk,Swiggy Instamart,50.0
-2.2397,1.2511,2,Price-Sensitive,Blinkit,1159.938
0.8859,-1.3658,0,Loyal Customers,Zepto,84.393
0.7536,1.1322,3,Price-Sensitive,Blinkit,549.0642
-1.0102,-1.3375,1,At-Risk,Swiggy Instamart,358.43499999999995
1.1277,2.6655,3,Price-Sensitive,Swiggy Instamart,1409.79075
-0.3034,-0.7028,1,At-Risk,Zepto,628.3745
-0.9574,0.8472,2,Price-Sensitive,Zepto,743.25075
0.9905,-0.0667,0,Loyal Customers,Blinkit,719.3576
1.4916,-0.2664,0,Loyal Customers,Blinkit,549.5796
-1.1646,3.0301,2,Price-Sensitive,Swiggy Instamart,1991.81025
-0.5792,-0.3302,1,At-Risk,Swiggy Instamart,903.214
0.0502,-1.1646,1,At-Risk,Zepto,247.947
-1.7728,-1.055,1,At-Risk,Zepto,620.4680000000001
1.3713,-0.6004,0,Loyal Customers,Zepto,389.01650000000006
-1.2462,-0.3795,1,At-Risk,Blinkit,956.5688
0.7543,-0.5735,0,Loyal Customers,Zepto,512.1795000000001
-1.0275,-1.7403,1,At-Risk,Zepto,114.095
2.2701,0.2679,0,Loyal Customers,Blinkit,709.9464
-1.0069,0.0352,2,Price-Sensitive,Blinkit,321.7998
-2.1108,0.9833,2,Price-Sensitive,Zepto,994.4790000000002
-1.1504,0.2363,2,Price-Sensitive,Blinkit,398.8926
-1.7003,0.4437,2,Price-Sensitive,Zepto,617.349
0.2705,-0.7048,0,Loyal Customers,Swiggy Instamart,481.5395
-1.8641,-0.299,2,Price-Sensitive,Zepto,243.75
-0.578,1.0959,2,Price-Sensitive,Zepto,769.5479999999999
-1.1474,-0.2326,1,At-Risk,Zepto,1019.7915
0.0268,-0.138,0,Loyal Customers,Blinkit,834.8476
1.0115,-0.0508,0,Loyal Customers,Swiggy Instamart,729.2379999999999
0.613,-1.0998,0,Loyal Customers,Zepto,138.52650000000003
-0.6144,-0.1839,1,At-Risk,Swiggy Instamart,958.9505
0.2606,2.2447,3,Price-Sensitive,Swiggy Instamart,1353.96975
-2.3869,0.857,2,Price-Sensitive,Zepto,1010.8845
-0.6764,-1.9031,1,At-Risk,Swiggy Instamart,50.0
-0.9558,2.2585,2,Price-Sensitive,Blinkit,1532.4228
0.5914,0.9703,3,Price-Sensitive,Swiggy Instamart,537.9105
0.0912,0.0886,3,Price-Sensitive,Blinkit,143.36520000000002
2.2134,-0.9172,0,Loyal Customers,Swiggy Instamart,183.2435
-0.9404,-1.5889,1,At-Risk,Zepto,218.94600000000003
1.4649,1.9478,3,Price-Sensitive,Blinkit,904.5894
1.6666,0.4987,3,Price-Sensitive,Blinkit,78.8916
-0.4557,-0.7171,1,At-Risk,Blinkit,640.0208
-0.5491,0.6939,2,Price-Sensitive,Blinkit,572.5728
0.9498,0.6975,0,Loyal Customers,Zepto,1129.7475000000002
-0.671,-1.0481,1,At-Risk,Swiggy Instamart,506.4255
1.7267,-0.2659,0,Loyal Customers,Swiggy Instamart,509.312
0.746,1.6667,3,Price-Sensitive,Swiggy Instamart,931.32375
-0.0641,0.7309,3,Price-Sensitive,Zepto,482.6115000000001
-1.2104,-0.234,1,At-Risk,Zepto,1030.854
0.9864,0.1089,3,Price-Sensitive,Swiggy Instamart,50.0
-0.2054,0.8911,3,Price-Sensitive,Swiggy Instamart,575.568
1.0693,-0.2064,0,Loyal Customers,Zepto,627.801
-1.7484,1.9863,2,Price-Sensitive,Blinkit,1458.7566000000002
1.5298,1.921,3,Price-Sensitive,Blinkit,930.1026000000002
2.0703,1.1296,3,Price-Sensitive,Blinkit,449.2242000000001
0.8433,-1.2879,0,Loyal Customers,Zepto,79.7685
0.3865,-1.3567,1,At-Risk,Swiggy Instamart,188.8645
-1.7921,-1.9702,1,At-Risk,Zepto,176.20850000000002
-0.8167,0.6342,2,Price-Sensitive,Blinkit,634.0356
-0.2661,-0.9257,1,At-Risk,Swiggy Instamart,495.92849999999993
-1.3128,-0.7693,1,At-Risk,Blinkit,743.9008
1.3096,-0.2848,0,Loyal Customers,Swiggy Instamart,684.4364999999999
1.1999,-0.0848,0,Loyal Customers,Swiggy Instamart,700.8459999999999
0.1474,-1.6653,1,At-Risk,Swiggy Instamart,50.0
-0.323,1.3859,3,Price-Sensitive,Zepto,945.6075
0.8845,-1.289,0,Loyal Customers,Swiggy Instamart,50.0
-0.281,-0.0096,1,At-Risk,Swiggy Instamart,995.495
-1.0681,-1.1675,1,At-Risk,Zepto,418.9415
-2.0356,2.0389,2,Price-Sensitive,Swiggy Instamart,1573.3079999999998
-0.8168,-0.328,2,Price-Sensitive,Blinkit,102.51360000000004
1.065,-0.0561,0,Loyal Customers,Zepto,777.3090000000001
0.5103,-1.4684,1,At-Risk,Swiggy Instamart,50.0
-1.109,0.6798,2,Price-Sensitive,Zepto,616.518
0.7997,1.0237,3,Price-Sensitive,Blinkit,532.9008
0.3816,2.2425,3,Price-Sensitive,Zepto,1244.13975
1.4387,0.2941,3,Price-Sensitive,Blinkit,50.0
-0.169,-1.5135,1,At-Risk,Swiggy Instamart,50.0
0.4964,1.1084,3,Price-Sensitive,Blinkit,645.57
0.2264,-0.5737,0,Loyal Customers,Zepto,567.153
-1.0234,-0.9609,1,At-Risk,Blinkit,551.866
-1.6683,-0.5866,1,At-Risk,Zepto,852.0035
1.5224,0.6724,3,Price-Sensitive,Blinkit,330.70500000000004
0.5746,-1.0205,0,Loyal Customers,Zepto,230.92200000000005
-0.367,-0.383,1,At-Risk,Swiggy Instamart,820.387
-1.9487,0.179,2,Price-Sensitive,Zepto,556.8285
-0.7874,1.656,2,Price-Sensitive,Swiggy Instamart,1198.206
-0.9805,-0.3773,2,Price-Sensitive,Zepto,50.0
-0.7236,0.9666,2,Price-Sensitive,Zepto,776.60325
1.9769,-0.6311,0,Loyal Customers,Swiggy Instamart,271.722
1.4323,2.744,3,Price-Sensitive,Swiggy Instamart,1487.0744999999995
-2.0239,-1.6454,1,At-Risk,Zepto,373.2515
-1.4703,-1.5043,1,At-Risk,Blinkit,370.7208
-2.094,-0.5319,1,At-Risk,Zepto,946.218
1.8034,-0.7247,0,Loyal Customers,Blinkit,332.6064
-0.5915,-0.4732,1,At-Risk,Swiggy Instamart,806.3124999999999
-0.7092,-1.3557,1,At-Risk,Zepto,252.604
1.0457,-0.3484,0,Loyal Customers,Swiggy Instamart,564.3945
0.6544,-1.0031,0,Loyal Customers,Zepto,260.85150000000004
-0.8714,1.1622,2,Price-Sensitive,Zepto,985.57875
-1.6628,-0.5081,1,At-Risk,Zepto,944.2335
-0.5149,1.2473,2,Price-Sensitive,Swiggy Instamart,860.95125
-0.1143,0.8131,3,Price-Sensitive,Zepto,580.4535
-0.0266,1.6005,3,Price-Sensitive,Blinkit,998.0982
-1.6618,1.1144,2,Price-Sensitive,Swiggy Instamart,1014.507
-1.1283,-0.4984,1,At-Risk,Zepto,826.1455000000001
-1.4699,1.7731,2,Price-Sensitive,Blinkit,1331.1894
-1.5863,-0.9309,1,At-Risk,Zepto,706.1830000000001
0.4316,-0.6322,0,Loyal Customers,Swiggy Instamart,512.877
0.7034,0.3373,3,Price-Sensitive,Swiggy Instamart,217.017
-2.3204,2.2458,2,Price-Sensitive,Zepto,1730.295
0.8401,0.3186,3,Price-Sensitive,Swiggy Instamart,192.2205
0.0914,-0.1751,1,At-Risk,Swiggy Instamart,845.8734999999999
-0.2769,-1.4608,1,At-Risk,Blinkit,195.6744
-0.1602,-1.0675,1,At-Risk,Zepto,386.9435
-1.9918,-0.8889,1,At-Risk,Zepto,780.0345
-1.2259,2.0221,2,Price-Sensitive,Swiggy Instamart,1414.638
-0.927,1.1953,2,Price-Sensitive,Swiggy Instamart,948.28875
0.9307,-1.0591,0,Loyal Customers,Zepto,171.948
-1.5976,-0.509,1,At-Risk,Zepto,925.6225
0.4634,-1.1916,0,Loyal Customers,Zepto,154.2825
0.5497,-0.2282,0,Loyal Customers,Swiggy Instamart,743.5464999999999
1.8286,1.721,3,Price-Sensitive,Zepto,791.85375
0.4822,-0.6781,0,Loyal Customers,Blinkit,547.9488
0.8805,1.0111,3,Price-Sensitive,Blinkit,510.8808
0.3901,0.0659,0,Loyal Customers,Swiggy Instamart,914.388
-0.2094,1.3307,3,Price-Sensitive,Zepto,832.49775
0.9697,-0.1044,0,Loyal Customers,Blinkit,754.0992000000001
-0.4033,2.9411,3,Price-Sensitive,Swiggy Instamart,1819.34025
0.3487,1.8255,3,Price-Sensitive,Zepto,994.971
0.2217,0.1384,0,Loyal Customers,Zepto,978.3165
-0.6844,-1.3035,1,At-Risk,Zepto,328.986
0.2771,0.1746,0,Loyal Customers,Zepto,1006.0865
0.1658,-1.2136,1,At-Risk,Zepto,187.887
-2.3581,1.1833,2,Price-Sensitive,Zepto,1196.24625
0.8612,-0.7906,0,Loyal Customers,Zepto,337.84950000000003
-2.1364,1.2149,2,Price-Sensitive,Zepto,1124.84175
-0.1299,-0.7597,1,At-Risk,Blinkit,593.2764000000001
-0.6122,1.3094,2,Price-Sensitive,Swiggy Instamart,961.13775
-1.6231,1.1093,2,Price-Sensitive,Blinkit,998.9244
-2.1579,-1.3262,1,At-Risk,Zepto,595.0665
0.6357,0.2483,3,Price-Sensitive,Blinkit,176.6772
-2.6628,1.5487,2,Price-Sensitive,Swiggy Instamart,1391.7344999999998
0.5808,2.5662,3,Price-Sensitive,Swiggy Instamart,1473.7904999999998
0.3377,-0.4452,0,Loyal Customers,Swiggy Instamart,606.7885
0.7777,0.8659,3,Price-Sensitive,Swiggy Instamart,507.96449999999993
-0.0351,0.7205,0,Loyal Customers,Swiggy Instamart,1372.1455
-0.2131,-0.0641,1,At-Risk,Swiggy Instamart,929.9439999999998
-0.9145,2.4822,2,Price-Sensitive,Blinkit,1673.0064000000002
-0.78,1.3476,2,Price-Sensitive,Swiggy Instamart,1018.83675
0.749,-0.4796,0,Loyal Customers,Zepto,608.1855
-1.39,1.1582,2,Price-Sensitive,Blinkit,1011.1878000000002
0.5076,0.4664,3,Price-Sensitive,Swiggy Instamart,354.37049999999994
-0.4274,-0.2637,2,Price-Sensitive,Swiggy Instamart,50.0
0.2488,-0.1529,3,Price-Sensitive,Zepto,50.0
1.3488,-0.6518,0,Loyal Customers,Swiggy Instamart,312.946
-0.0638,-1.6742,1,At-Risk,Swiggy Instamart,50.0
1.564,-0.9667,0,Loyal Customers,Swiggy Instamart,145.5555
0.2015,-1.2588,0,Loyal Customers,Swiggy Instamart,144.075
2.4722,0.556,3,Price-Sensitive,Swiggy Instamart,78.80174999999997
-0.2428,-0.5671,1,At-Risk,Blinkit,624.5284
-1.6637,0.4004,2,Price-Sensitive,Zepto,645.7372500000001
1.1847,-0.6685,0,Loyal Customers,Blinkit,346.7988
-0.0751,-1.6503,1,At-Risk,Blinkit,90.7956
0.687,1.5858,3,Price-Sensitive,Swiggy Instamart,839.0692499999998
1.2141,1.3279,3,Price-Sensitive,Swiggy Instamart,673.6184999999999
-0.6323,-1.2944,1,At-Risk,Zepto,329.807
-1.0901,-0.7314,1,At-Risk,Swiggy Instamart,752.0079999999999
-1.2533,0.684,2,Price-Sensitive,Swiggy Instamart,747.7379999999999
0.8854,-0.2101,0,Loyal Customers,Swiggy Instamart,678.6954999999999
-0.3397,2.0143,2,Price-Sensitive,Swiggy Instamart,1256.35425
0.0869,1.2733,3,Price-Sensitive,Swiggy Instamart,871.4759999999999
-1.1335,-0.9226,1,At-Risk,Swiggy Instamart,665.0794999999999
-1.042,0.1138,1,At-Risk,Swiggy Instamart,1189.744
-0.7112,1.8063,3,Price-Sensitive,Zepto,1190.157
1.3681,1.9777,3,Price-Sensitive,Blinkit,1047.8952000000002
-0.5123,0.7013,2,Price-Sensitive,Blinkit,590.6358
-1.9546,2.0244,2,Price-Sensitive,Zepto,1559.5575
-0.647,0.57,2,Price-Sensitive,Blinkit,591.6528000000001
0.5466,-0.7779,0,Loyal Customers,Zepto,440.33
0.5492,-1.5797,1,At-Risk,Blinkit,50.0
1.3968,0.6523,3,Price-Sensitive,Swiggy Instamart,261.25725
0.4875,-0.328,0,Loyal Customers,Zepto,691.0995
0.5137,1.1292,3,Price-Sensitive,Zepto,678.648
-0.9222,0.4158,2,Price-Sensitive,Blinkit,493.1796000000001
1.0054,0.5173,0,Loyal Customers,Zepto,978.77
0.384,0.7678,0,Loyal Customers,Zepto,1236.0075000000002
-1.8594,-0.6412,1,At-Risk,Swiggy Instamart,925.014
-2.1896,1.5192,2,Price-Sensitive,Zepto,1281.62475
0.4999,0.0751,0,Loyal Customers,Zepto,826.5995000000001
-1.2669,-0.1121,1,At-Risk,Zepto,1105.125
-0.056,-0.0468,2,Price-Sensitive,Blinkit,50.0
-0.7508,-0.0822,1,At-Risk,Zepto,1010.2155
2.3633,0.5285,3,Price-Sensitive,Swiggy Instamart,50.0
0.1622,-1.0642,0,Loyal Customers,Blinkit,336.9708
0.4081,-0.6678,0,Loyal Customers,Blinkit,478.062
0.4563,-0.8086,0,Loyal Customers,Swiggy Instamart,387.9525
-1.4098,2.5966,2,Price-Sensitive,Swiggy Instamart,1809.387
-0.839,2.2816,2,Price-Sensitive,Swiggy Instamart,1523.6062499999998
1.2962,-0.6647,0,Loyal Customers,Blinkit,326.7324
-0.0413,-0.7711,1,At-Risk,Zepto,497.712
-0.8779,-1.4389,1,At-Risk,Zepto,332.9355
0.5686,-1.5071,0,Loyal Customers,Blinkit,50.0
0.3599,1.4524,3,Price-Sensitive,Zepto,787.72275
-0.414,-0.7888,1,At-Risk,Zepto,571.599
-0.7412,-0.3601,1,At-Risk,Swiggy Instamart,958.943
-1.3885,0.7989,2,Price-Sensitive,Zepto,738.8130000000001
-0.2079,0.1705,1,At-Risk,Swiggy Instamart,1037.3805
1.8011,0.3677,0,Loyal Customers,Blinkit,808.6692
-0.9479,0.1894,2,Price-Sensitive,Blinkit,347.2146000000001
-0.5459,-0.5275,1,At-Risk,Blinkit,743.916
-0.7498,-1.2061,1,At-Risk,Zepto,414.141
1.0019,-0.0101,0,Loyal Customers,Swiggy Instamart,764.6209999999999
-0.6318,0.9421,2,Price-Sensitive,Zepto,679.6365000000001
-0.3674,0.3159,3,Price-Sensitive,Zepto,372.66075
1.4672,-0.4167,0,Loyal Customers,Blinkit,442.692
0.6386,-1.0125,0,Loyal Customers,Blinkit,317.69280000000003
0.2697,0.497,3,Price-Sensitive,Blinkit,333.8298
-2.7903,2.1045,2,Price-Sensitive,Zepto,1751.94375
0.0211,-0.895,1,At-Risk,Blinkit,486.77760000000006
0.9106,-1.3664,0,Loyal Customers,Swiggy Instamart,50.0
-0.1344,0.2556,2,Price-Sensitive,Blinkit,271.3296
-1.4248,2.2545,2,Price-Sensitive,Swiggy Instamart,1649.91075
-0.8358,-0.369,2,Price-Sensitive,Blinkit,50.0
1.3715,-0.0371,0,Loyal Customers,Blinkit,668.64
1.1779,-0.9276,0,Loyal Customers,Zepto,208.364
-0.104,-0.2745,1,At-Risk,Swiggy Instamart,806.526
0.4206,0.6869,3,Price-Sensitive,Blinkit,445.7136
0.165,-0.9431,0,Loyal Customers,Swiggy Instamart,454.963
-1.2148,-1.1382,1,At-Risk,Zepto,495.4965
-1.1689,0.0253,1,At-Risk,Swiggy Instamart,1121.4254999999998
-1.8502,1.5042,2,Price-Sensitive,Blinkit,1231.3782
-0.5744,-0.7568,1,At-Risk,Zepto,633.5595
-1.2753,1.9533,2,Price-Sensitive,Swiggy Instamart,1381.7077499999998
-0.747,-0.5311,1,At-Risk,Zepto,769.274
1.229,1.628,3,Price-Sensitive,Swiggy Instamart,793.3274999999999
0.3808,1.0137,3,Price-Sensitive,Zepto,637.4340000000001
0.3088,1.5236,3,Price-Sensitive,Swiggy Instamart,923.9505
0.8557,0.4129,3,Price-Sensitive,Zepto,198.957
-0.6223,1.0275,2,Price-Sensitive,Blinkit,754.8066
1.2004,-0.3018,0,Loyal Customers,Swiggy Instamart,527.2724999999999
0.4555,-1.468,0,Loyal Customers,Blinkit,50.0
2.2831,-0.7245,0,Loyal Customers,Blinkit,232.7604
-2.3932,0.7031,2,Price-Sensitive,Zepto,841.39275
0.5658,1.3656,3,Price-Sensitive,Blinkit,739.4490000000001
1.4715,-0.9809,0,Loyal Customers,Swiggy Instamart,139.089
-1.4821,-1.1193,1,At-Risk,Zepto,595.1505
0.3127,1.5309,3,Price-Sensitive,Blinkit,923.9958
-0.7874,-1.5097,1,At-Risk,Swiggy Instamart,261.961
0.1635,-0.8461,1,At-Risk,Blinkit,456.0624
1.9261,-0.1666,0,Loyal Customers,Blinkit,520.2872000000001
0.1496,-0.3062,1,At-Risk,Swiggy Instamart,810.5699999999998
-1.4915,-1.0452,1,At-Risk,Zepto,633.066
-0.0404,-0.6527,1,At-Risk,Swiggy Instamart,640.4235
0.6607,0.4222,3,Price-Sensitive,Zepto,222.786
-1.052,0.8027,2,Price-Sensitive,Zepto,738.37575
-1.3649,-1.9412,1,At-Risk,Blinkit,50.0
-0.4028,0.9677,2,Price-Sensitive,Swiggy Instamart,675.6134999999999
1.5575,0.1756,0,Loyal Customers,Swiggy Instamart,875.1524999999999
0.8858,2.0539,3,Price-Sensitive,Blinkit,1076.3928
0.9923,0.3068,0,Loyal Customers,Swiggy Instamart,963.5125
2.1002,0.2512,0,Loyal Customers,Blinkit,724.7964000000001
0.5923,1.276,3,Price-Sensitive,Zepto,734.4855
-0.3529,1.8088,3,Price-Sensitive,Blinkit,1128.5112
-1.3637,-1.1207,1,At-Risk,Blinkit,561.5784000000001
1.3801,-0.2536,0,Loyal Customers,Blinkit,621.3672
-0.6597,-0.9672,1,At-Risk,Swiggy Instamart,584.6804999999999
0.3854,0.5954,3,Price-Sensitive,Blinkit,426.3966
-0.7404,1.1585,2,Price-Sensitive,Swiggy Instamart,885.4079999999999
0.8493,-0.2808,0,Loyal Customers,Zepto,602.7735000000001
0.7811,0.2233,0,Loyal Customers,Blinkit,932.2316
-1.943,-1.7919,1,At-Risk,Zepto,312.0285
0.855,-0.395,0,Loyal Customers,Zepto,582.0169999999999
0.9203,-1.3562,0,Loyal Customers,Zepto,50.0
1.4377,0.2991,3,Price-Sensitive,Swiggy Instamart,50.0
-0.0879,-0.285,1,At-Risk,Swiggy Instamart,801.126
0.3056,0.867,3,Price-Sensitive,Swiggy Instamart,587.7787500000001
-0.7221,-0.5333,1,At-Risk,Swiggy Instamart,704.516
-0.9992,-0.5535,1,At-Risk,Swiggy Instamart,790.605
-0.3196,-1.1223,1,At-Risk,Zepto,369.224
-1.2281,1.712,2,Price-Sensitive,Swiggy Instamart,1262.3204999999998
0.6658,-0.664,0,Loyal Customers,Zepto,468.153
-0.0331,0.0784,1,At-Risk,Zepto,933.954
-0.0862,1.2279,3,Price-Sensitive,Zepto,812.0699999999999
-1.2213,0.0671,2,Price-Sensitive,Swiggy Instamart,386.27925
-0.2259,-1.7396,1,At-Risk,Swiggy Instamart,50.0
-0.5995,-0.9498,1,At-Risk,Swiggy Instamart,533.4159999999999
1.2859,2.2276,3,Price-Sensitive,Swiggy Instamart,1152.2602499999998
1.515,0.6954,0,Loyal Customers,Blinkit,1055.9036
1.5137,1.1562,3,Price-Sensitive,Blinkit,526.8743999999999
0.8817,1.9822,3,Price-Sensitive,Blinkit,1088.3766
0.6005,-1.3645,0,Loyal Customers,Zepto,50.0
0.1058,-0.0233,1,At-Risk,Blinkit,891.3576
0.5125,1.1272,3,Price-Sensitive,Blinkit,618.2406000000001
0.758,-0.0488,3,Price-Sensitive,Swiggy Instamart,50.0
-1.3356,1.5856,2,Price-Sensitive,Swiggy Instamart,1269.324
0.2158,-0.4721,1,At-Risk,Blinkit,632.2872
-0.1571,-1.6576,1,At-Risk,Zepto,50.0
0.8816,2.659,3,Price-Sensitive,Blinkit,1389.4254
-1.3955,1.2103,2,Price-Sensitive,Blinkit,1009.1742
-0.6059,-0.0328,2,Price-Sensitive,Blinkit,236.82360000000003
-2.3851,1.1581,2,Price-Sensitive,Zepto,1143.2295
0.787,-0.6574,0,Loyal Customers,Blinkit,467.2848
0.2876,1.7194,3,Price-Sensitive,Zepto,956.67075
-1.8858,-0.9047,1,At-Risk,Zepto,790.215
0.5234,0.9026,3,Price-Sensitive,Swiggy Instamart,571.665
-1.687,0.1698,2,Price-Sensitive,Swiggy Instamart,476.27699999999993
-0.2316,-0.252,1,At-Risk,Blinkit,760.9000000000001
-1.5566,-0.4304,1,At-Risk,Blinkit,1006.0416
-0.7758,-0.7352,1,At-Risk,Swiggy Instamart,682.4469999999999
0.922,-0.7698,0,Loyal Customers,Zepto,374.199
-1.0407,-0.2555,1,At-Risk,Zepto,927.696
-1.5802,0.7051,2,Price-Sensitive,Blinkit,816.591
1.5611,-1.1198,0,Loyal Customers,Zepto,50.0
-0.3285,0.8393,2,Price-Sensitive,Blinkit,743.5134000000003
1.3231,0.1487,0,Loyal Customers,Swiggy Instamart,786.8874999999999
-0.3532,-0.9295,1,At-Risk,Blinkit,463.3092
-1.7479,0.6535,2,Price-Sensitive,Blinkit,783.0917999999999
-0.4567,-1.8026,1,At-Risk,Zepto,50.0
1.2036,-0.6335,0,Loyal Customers,Swiggy Instamart,456.242
-0.4776,-0.5396,1,At-Risk,Swiggy Instamart,756.7459999999999
-0.5003,-0.2424,1,At-Risk,Blinkit,809.5648
-0.636,-0.1223,1,At-Risk,Zepto,884.2315
1.2069,0.192,3,Price-Sensitive,Zepto,50.0
2.2641,-0.8913,0,Loyal Customers,Blinkit,50.0
-0.2017,3.0539,3,Price-Sensitive,Blinkit,1800.5166000000004
1.4341,-1.2148,0,Loyal Customers,Zepto,50.0
-0.5174,-1.2495,1,At-Risk,Swiggy Instamart,443.122
1.832,1.0406,3,Price-Sensitive,Blinkit,413.8248000000001
-2.4038,1.1699,2,Price-Sensitive,Zepto,1104.96525
-0.7469,-0.3821,1,At-Risk,Swiggy Instamart,829.1845
1.0017,1.1735,3,Price-Sensitive,Swiggy Instamart,600.4034999999999
-1.3648,1.8318,2,Price-Sensitive,Swiggy Instamart,1369.83975
-1.0484,1.6179,2,Price-Sensitive,Swiggy Instamart,1223.301
0.7347,-1.2829,0,Loyal Customers,Swiggy Instamart,78.025
0.7845,-1.2726,0,Loyal Customers,Zepto,50.0
-1.143,-1.255,1,At-Risk,Zepto,422.8745
-0.5139,2.134,3,Price-Sensitive,Swiggy Instamart,1424.5049999999997
0.2611,-1.5328,1,At-Risk,Blinkit,51.6972
-1.336,0.4082,2,Price-Sensitive,Zepto,579.02025
-0.3171,0.2811,2,Price-Sensitive,Zepto,331.1595
1.1787,0.7855,3,Price-Sensitive,Blinkit,391.131
1.0477,1.7151,3,Price-Sensitive,Swiggy Instamart,940.5795
0.5729,0.0077,3,Price-Sensitive,Swiggy Instamart,50.0
-0.0301,-0.177,1,At-Risk,Swiggy Instamart,813.7605
1.3309,-0.1052,0,Loyal Customers,Swiggy Instamart,694.2895
1.6922,-1.0494,0,Loyal Customers,Blinkit,94.716
-0.0386,-0.6996,1,At-Risk,Swiggy Instamart,595.34
0.8971,-0.8379,0,Loyal Customers,Zepto,297.738
-0.6175,-1.2584,1,At-Risk,Swiggy Instamart,332.64899999999994
-0.5429,0.6685,2,Price-Sensitive,Blinkit,579.7362
-1.6435,-0.1887,1,At-Risk,Zepto,1068.2595
0.0517,0.6224,3,Price-Sensitive,Blinkit,419.0742
1.6224,1.4811,3,Price-Sensitive,Swiggy Instamart,676.8442499999999
-0.7948,1.3156,2,Price-Sensitive,Zepto,968.0895
0.8069,-1.261,0,Loyal Customers,Blinkit,235.5144
-1.3585,-0.5467,1,At-Risk,Zepto,855.6260000000001
-1.212,-0.6268,1,At-Risk,Swiggy Instamart,812.13
-1.3678,0.7979,2,Price-Sensitive,Swiggy Instamart,831.57075
-1.4333,-0.6195,1,At-Risk,Zepto,798.338
0.3968,0.8774,3,Price-Sensitive,Swiggy Instamart,480.831
-1.973,-0.5383,1,At-Risk,Swiggy Instamart,951.8925
2.0764,-0.0454,0,Loyal Customers,Blinkit,643.3548
-0.116,-1.4022,1,At-Risk,Blinkit,177.7896
0.492,-0.1134,3,Price-Sensitive,Blinkit,50.0
-0.5202,0.4301,2,Price-Sensitive,Zepto,366.66
-0.9467,-0.2954,1,At-Risk,Zepto,857.6925000000001
-1.397,-1.1899,1,At-Risk,Zepto,453.371
0.3818,0.3646,0,Loyal Customers,Zepto,1087.884
1.6357,-0.7294,0,Loyal Customers,Zepto,228.6605
-1.2558,0.4294,2,Price-Sensitive,Blinkit,591.4944
-0.9479,1.8582,2,Price-Sensitive,Blinkit,1238.4528
0.7223,1.3666,3,Price-Sensitive,Zepto,715.6665
3.0823,-0.7628,0,Loyal Customers,Zepto,50.0
0.229,-1.2315,1,At-Risk,Zepto,258.7845
-2.2605,0.9706,2,Price-Sensitive,Swiggy Instamart,1031.5717499999998
1.5266,-0.8986,0,Loyal Customers,Blinkit,213.73200000000003
1.4509,1.2659,3,Price-Sensitive,Swiggy Instamart,521.6767499999999
0.1176,0.2977,3,Price-Sensitive,Blinkit,270.0864
0.3089,-1.3843,0,Loyal Customers,Zepto,170.154
-1.2813,-0.3756,2,Price-Sensitive,Zepto,98.33925
-1.9378,0.6333,2,Price-Sensitive,Zepto,794.1622500000001
-1.1158,-0.544,1,At-Risk,Blinkit,810.1188000000001
1.2402,-0.8807,0,Loyal Customers,Blinkit,294.3668
0.5638,-0.2502,0,Loyal Customers,Zepto,749.0715000000001
0.1187,-0.1745,0,Loyal Customers,Swiggy Instamart,843.81
-0.5507,-1.1643,1,At-Risk,Swiggy Instamart,363.7219999999999
1.9582,-0.7164,0,Loyal Customers,Swiggy Instamart,239.8325
-1.253,1.2513,2,Price-Sensitive,Blinkit,988.1676
0.6279,-0.3496,0,Loyal Customers,Zepto,573.0060000000001
0.3326,0.1168,0,Loyal Customers,Zepto,943.761
1.7595,-1.0772,0,Loyal Customers,Swiggy Instamart,79.70649999999999
-1.0357,-0.3169,1,At-Risk,Blinkit,963.642
1.4457,-0.6147,0,Loyal Customers,Swiggy Instamart,409.078
-0.0759,2.7189,3,Price-Sensitive,Swiggy Instamart,1688.3992499999997
0.7494,1.409,3,Price-Sensitive,Blinkit,771.0066
2.7889,-0.7464,0,Loyal Customers,Blinkit,104.5428
-0.055,1.7716,3,Price-Sensitive,Swiggy Instamart,1096.845
-0.1598,2.0388,3,Price-Sensitive,Swiggy Instamart,1263.3075
-1.1047,0.3743,2,Price-Sensitive,Zepto,494.3924999999999
-0.6194,0.8481,2,Price-Sensitive,Swiggy Instamart,787.3304999999999
-0.3132,-0.1304,2,Price-Sensitive,Blinkit,56.62079999999999
-2.5039,0.5529,2,Price-Sensitive,Zepto,844.5495000000001
1.1145,-1.2668,0,Loyal Customers,Blinkit,50.0
1.3879,-0.5512,0,Loyal Customers,Swiggy Instamart,394.9755
1.8344,1.6026,3,Price-Sensitive,Swiggy Instamart,666.1087499999999
1.0715,0.4688,3,Price-Sensitive,Blinkit,212.0418
0.5471,-0.0025,0,Loyal Customers,Zepto,842.3415000000001
0.0594,-1.5908,1,At-Risk,Swiggy Instamart,50.0
-2.0102,-1.8087,1,At-Risk,Zepto,269.32000000000005
-1.8696,-1.2729,1,At-Risk,Zepto,537.1695
-1.0231,-0.725,1,At-Risk,Blinkit,701.804
-0.0032,-1.4621,1,At-Risk,Swiggy Instamart,130.53300000000002
-0.809,1.3466,2,Price-Sensitive,Swiggy Instamart,1015.12275
1.424,0.3014,0,Loyal Customers,Zepto,932.0475
-0.8867,-0.3314,1,At-Risk,Swiggy Instamart,900.6569999999999
0.3918,-0.3351,0,Loyal Customers,Zepto,676.6935000000001
1.7431,0.3003,0,Loyal Customers,Swiggy Instamart,831.3594999999999
1.7173,-0.5228,0,Loyal Customers,Blinkit,449.0304
-0.9028,0.8137,2,Price-Sensitive,Zepto,801.5084999999999
1.1687,-0.3237,0,Loyal Customers,Zepto,503.223
-0.4878,-0.9288,1,At-Risk,Zepto,497.979
0.8755,-0.6957,0,Loyal Customers,Swiggy Instamart,410.274
1.0169,-0.9254,0,Loyal Customers,Blinkit,309.1392
0.7785,1.5094,3,Price-Sensitive,Swiggy Instamart,855.1132499999999
-0.128,1.6514,3,Price-Sensitive,Swiggy Instamart,1064.83725
-0.6066,2.4268,2,Price-Sensitive,Swiggy Instamart,1549.671
-0.3686,-0.2555,2,Price-Sensitive,Swiggy Instamart,50.0
0.8538,2.6586,3,Price-Sensitive,Zepto,1389.6569999999997
-0.1819,1.8107,3,Price-Sensitive,Swiggy Instamart,1163.2365
0.6134,-0.4079,0,Loyal Customers,Blinkit,656.802
-1.2454,-1.0942,1,At-Risk,Blinkit,595.2528
-0.8428,-0.8916,1,At-Risk,Blinkit,594.5492
2.3524,-0.7614,0,Loyal Customers,Swiggy Instamart,181.5275
-1.4556,0.303,2,Price-Sensitive,Swiggy Instamart,557.2784999999999
1.9427,-0.111,0,Loyal Customers,Blinkit,565.0236
2.8916,-0.1602,0,Loyal Customers,Swiggy Instamart,449.8135
0.8529,-0.0159,0,Loyal Customers,Zepto,775.6875
-0.8664,-0.0728,1,At-Risk,Swiggy Instamart,1028.077
1.4524,-0.5237,0,Loyal Customers,Swiggy Instamart,425.9715
0.0436,-1.1395,1,At-Risk,Blinkit,291.9132
2.5197,0.1023,0,Loyal Customers,Swiggy Instamart,559.5865
-1.106,-0.3796,1,At-Risk,Swiggy Instamart,992.0335
-2.7231,0.9659,2,Price-Sensitive,Zepto,1121.28975
2.2033,-0.3484,0,Loyal Customers,Blinkit,373.4612
0.8798,-1.2118,0,Loyal Customers,Blinkit,235.32000000000005
1.6614,0.319,0,Loyal Customers,Swiggy Instamart,820.7319999999999
-2.0189,-0.634,1,At-Risk,Blinkit,887.4868000000001
-0.2364,-0.37,1,At-Risk,Zepto,734.544
0.1925,-1.0597,1,At-Risk,Blinkit,371.3148000000001
1.6859,0.018,0,Loyal Customers,Swiggy Instamart,618.723
0.678,0.0895,3,Price-Sensitive,Zepto,50.0
-0.1408,-0.646,1,At-Risk,Blinkit,586.2996
-1.0593,-0.2996,1,At-Risk,Blinkit,1025.784
0.4088,-0.847,0,Loyal Customers,Swiggy Instamart,429.9505
-0.5991,-0.1501,1,At-Risk,Zepto,902.47
1.3942,0.7663,0,Loyal Customers,Swiggy Instamart,1083.2055
-0.5183,-0.6118,1,At-Risk,Zepto,679.4715000000001
-1.6318,-0.5133,1,At-Risk,Zepto,899.892
-1.6414,1.9972,2,Price-Sensitive,Zepto,1454.68875
-0.5898,1.4429,2,Price-Sensitive,Blinkit,1023.2082
-0.917,-0.9223,1,At-Risk,Swiggy Instamart,631.29
-1.8873,-1.0547,1,At-Risk,Zepto,633.9375
-1.3909,-0.4423,2,Price-Sensitive,Zepto,50.0
1.1773,-0.6254,0,Loyal Customers,Blinkit,349.15160000000003
-1.5256,-1.0918,1,At-Risk,Swiggy Instamart,620.9425
0.3502,1.3241,3,Price-Sensitive,Swiggy Instamart,788.1869999999999
0.7145,-1.0232,0,Loyal Customers,Blinkit,298.782
0.4376,0.0437,0,Loyal Customers,Swiggy Instamart,850.0545
-1.6351,1.6037,2,Price-Sensitive,Blinkit,1282.2786
-0.5316,-0.1663,2,Price-Sensitive,Swiggy Instamart,95.51325
1.079,0.5886,0,Loyal Customers,Blinkit,1079.102
0.1444,-1.0471,1,At-Risk,Swiggy Instamart,356.408
-2.4593,-0.3811,1,At-Risk,Zepto,1162.2555000000002
0.1694,-0.5392,1,At-Risk,Blinkit,671.8332
-0.3818,-0.0581,1,At-Risk,Zepto,952.161
-2.0642,0.4694,2,Price-Sensitive,Zepto,647.6325
0.5246,-0.5911,0,Loyal Customers,Zepto,611.2935000000001
1.5506,-0.9672,0,Loyal Customers,Swiggy Instamart,83.7085
1.3288,-0.1977,0,Loyal Customers,Blinkit,614.9316
0.0328,-1.0151,1,At-Risk,Swiggy Instamart,416.3715
-0.6594,0.4225,2,Price-Sensitive,Zepto,513.9570000000001
-0.9613,2.2054,2,Price-Sensitive,Blinkit,1520.3502
-0.0144,-0.7029,1,At-Risk,Zepto,565.3725000000001
1.075,-0.937,0,Loyal Customers,Swiggy Instamart,312.975
2.9932,-0.6498,0,Loyal Customers,Swiggy Instamart,165.48749999999995
0.7498,2.4752,3,Price-Sensitive,Swiggy Instamart,1417.3155
1.4372,0.5193,3,Price-Sensitive,Zepto,231.92550000000003
-0.8168,0.9791,2,Price-Sensitive,Swiggy Instamart,843.3487499999999
1.0116,0.5545,3,Price-Sensitive,Blinkit,258.14700000000005
0.1597,-0.7131,1,At-Risk,Swiggy Instamart,546.396
-2.6792,0.8586,2,Price-Sensitive,Zepto,1081.19925
1.777,-0.2025,0,Loyal Customers,Blinkit,581.9268
-0.0091,-1.5088,1,At-Risk,Swiggy Instamart,111.3915
-0.97,-0.6576,1,At-Risk,Zepto,741.9405
-1.997,0.785,2,Price-Sensitive,Zepto,893.4060000000001
-1.132,0.0768,1,At-Risk,Swiggy Instamart,1190.5685
-1.4153,-0.1933,2,Price-Sensitive,Swiggy Instamart,226.548
1.5896,-0.2464,0,Loyal Customers,Swiggy Instamart,539.9749999999999
-1.3504,-1.5405,1,At-Risk,Zepto,308.385
-0.9452,1.0623,2,Price-Sensitive,Zepto,835.0807500000001
0.5158,1.7483,3,Price-Sensitive,Blinkit,1009.1928000000004
-1.8258,0.67,2,Price-Sensitive,Blinkit,797.5584
1.6148,-1.098,0,Loyal Customers,Swiggy Instamart,85.28799999999998
1.32,-0.0392,0,Loyal Customers,Swiggy Instamart,693.28
0.1729,0.1797,3,Price-Sensitive,Swiggy Instamart,271.27725
-0.7693,1.3445,2,Price-Sensitive,Blinkit,937.1814000000002
0.855,0.155,3,Price-Sensitive,Blinkit,159.84360000000004
0.5222,0.6309,3,Price-Sensitive,Swiggy Instamart,415.77675
0.4715,0.6667,0,Loyal Customers,Blinkit,1274.832
-1.879,0.8573,2,Price-Sensitive,Zepto,837.6795000000002
-1.63,0.2893,2,Price-Sensitive,Swiggy Instamart,598.92
0.1932,0.6651,3,Price-Sensitive,Blinkit,440.0082000000001
1.5092,-1.1125,0,Loyal Customers,Swiggy Instamart,74.336
-1.2161,-1.5695,1,At-Risk,Blinkit,279.7968
1.0374,2.0552,3,Price-Sensitive,Blinkit,1027.971
-0.428,-1.252,1,At-Risk,Zepto,331.17
1.2671,-0.7957,0,Loyal Customers,Swiggy Instamart,272.25249999999994
-1.6321,0.0426,2,Price-Sensitive,Zepto,373.9995
-0.0598,-0.9112,1,At-Risk,Zepto,405.3525
-1.0595,0.7883,2,Price-Sensitive,Blinkit,763.1658
-1.8123,-1.7106,1,At-Risk,Zepto,311.15200000000004
0.957,-0.5228,0,Loyal Customers,Zepto,472.439
-0.4262,0.5973,1,At-Risk,Zepto,1369.2
-0.5085,-0.9457,1,At-Risk,Zepto,500.646
0.8903,-1.0726,0,Loyal Customers,Zepto,240.4125
1.4928,1.4366,3,Price-Sensitive,Swiggy Instamart,683.03325
-1.7606,0.4228,2,Price-Sensitive,Zepto,640.52925
-2.1525,0.5167,2,Price-Sensitive,Swiggy Instamart,812.6512499999999
-0.1287,-0.7539,1,At-Risk,Blinkit,514.606
0.331,1.1841,3,Price-Sensitive,Blinkit,684.5958
-1.474,2.1114,2,Price-Sensitive,Blinkit,1554.4386
1.4087,-1.1753,0,Loyal Customers,Swiggy Instamart,50.0
-0.2656,1.2706,2,Price-Sensitive,Swiggy Instamart,926.36325
0.423,-0.1853,0,Loyal Customers,Blinkit,774.7164000000001
-1.3416,-1.3283,1,At-Risk,Zepto,380.7195
0.0965,2.0482,3,Price-Sensitive,Zepto,1183.2345
1.496,0.114,0,Loyal Customers,Blinkit,751.9284000000001
1.4487,1.867,3,Price-Sensitive,Blinkit,1012.1256
1.3188,-1.1709,0,Loyal Customers,Blinkit,50.0
-1.3243,-0.7585,1,At-Risk,Zepto,767.1300000000001
1.0434,-0.5682,0,Loyal Customers,Zepto,439.824
-0.7423,-1.505,1,At-Risk,Swiggy Instamart,226.495
0.6569,-1.376,0,Loyal Customers,Blinkit,50.0
-0.1758,-0.9309,1,At-Risk,Zepto,402.864
-2.596,2.0128,2,Price-Sensitive,Zepto,1648.97775
-0.1468,-1.1716,1,At-Risk,Zepto,269.1675
-0.7151,2.9569,2,Price-Sensitive,Blinkit,1864.0368000000003
-1.1343,0.9123,2,Price-Sensitive,Blinkit,730.7934
-1.0447,-1.635,1,At-Risk,Zepto,185.627
2.0857,-0.1117,0,Loyal Customers,Blinkit,504.7596
0.5896,-0.3901,0,Loyal Customers,Blinkit,645.2984
1.743,0.5137,3,Price-Sensitive,Zepto,50.0
-1.5783,1.5318,2,Price-Sensitive,Zepto,1229.84175
-1.9725,1.7228,2,Price-Sensitive,Zepto,1375.929
-0.2087,-0.363,1,At-Risk,Blinkit,802.0316
-1.6526,-0.5979,1,At-Risk,Zepto,871.1535
1.3083,0.7542,3,Price-Sensitive,Blinkit,256.00620000000004
1.0838,-0.3327,0,Loyal Customers,Blinkit,538.0472
-1.0082,0.803,2,Price-Sensitive,Zepto,728.47725
-0.0425,-0.3202,1,At-Risk,Swiggy Instamart,716.7634999999999
-1.2864,-1.498,1,At-Risk,Blinkit,294.124
2.4132,0.4705,3,Price-Sensitive,Swiggy Instamart,50.0
-0.744,-0.6275,1,At-Risk,Swiggy Instamart,739.418
-0.642,-1.1761,1,At-Risk,Blinkit,413.3144
1.6486,-0.1353,0,Loyal Customers,Zepto,556.3655
-1.6713,-1.9403,1,At-Risk,Zepto,148.7955
0.2991,0.0155,0,Loyal Customers,Zepto,852.3665000000001
-0.8744,-0.8089,1,At-Risk,Blinkit,672.7644
1.0406,0.2902,3,Price-Sensitive,Zepto,50.0
0.8924,-1.3817,0,Loyal Customers,Blinkit,56.235600000000005
2.0189,-0.2064,0,Loyal Customers,Zepto,561.5340000000001
1.1333,1.1073,3,Price-Sensitive,Swiggy Instamart,496.938
1.7055,-1.2502,0,Loyal Customers,Swiggy Instamart,50.0
0.2646,-1.1722,0,Loyal Customers,Blinkit,268.842
1.8311,0.5491,3,Price-Sensitive,Swiggy Instamart,90.37275
-1.2183,0.3558,2,Price-Sensitive,Blinkit,501.8435999999999
-0.2278,1.3205,3,Price-Sensitive,Zepto,902.08125
1.0379,-0.7923,0,Loyal Customers,Swiggy Instamart,359.683
0.5701,1.5215,3,Price-Sensitive,Zepto,858.5917500000002
0.4817,0.2352,0,Loyal Customers,Swiggy Instamart,1017.9199999999998
-1.3069,-0.5817,1,At-Risk,Zepto,856.4870000000001
1.1463,-0.3908,0,Loyal Customers,Swiggy Instamart,575.29
-0.3826,-0.1504,2,Price-Sensitive,Blinkit,50.0
0.2849,2.3959,3,Price-Sensitive,Blinkit,1413.5490000000002
-1.1145,-0.7026,1,At-Risk,Blinkit,770.7108000000001
-1.1798,-1.9099,1,At-Risk,Zepto,50.0
2.1198,1.9016,3,Price-Sensitive,Swiggy Instamart,885.6532499999998
-0.233,-0.0274,1,At-Risk,Blinkit,946.458
0.6859,0.1778,0,Loyal Customers,Zepto,882.8295
1.4232,-0.3161,0,Loyal Customers,Swiggy Instamart,475.101
0.6657,-1.1389,0,Loyal Customers,Swiggy Instamart,212.865
0.8383,-1.114,0,Loyal Customers,Blinkit,272.65400000000005
2.7424,0.2531,0,Loyal Customers,Swiggy Instamart,658.5169999999999
-0.3232,-0.3396,1,At-Risk,Zepto,783.3919999999999
-0.8871,-0.7866,1,At-Risk,Blinkit,663.7788
-0.3421,-0.4914,1,At-Risk,Swiggy Instamart,662.4949999999999
2.1434,0.2009,0,Loyal Customers,Zepto,729.7755
-0.5132,-0.2296,2,Price-Sensitive,Swiggy Instamart,50.0
-1.9625,1.2201,2,Price-Sensitive,Blinkit,1139.6406
3.257,-0.6289,0,Loyal Customers,Blinkit,50.0
-0.7369,-0.3784,1,At-Risk,Blinkit,849.1824
-0.3244,-0.8673,1,At-Risk,Zepto,527.0055000000001
0.5087,0.9919,3,Price-Sensitive,Blinkit,569.2032
-0.0874,0.5163,0,Loyal Customers,Swiggy Instamart,1296.0745
0.9598,-0.1969,0,Loyal Customers,Swiggy Instamart,700.879
1.4495,1.616,3,Price-Sensitive,Swiggy Instamart,757.1714999999999
-0.5443,-0.0586,2,Price-Sensitive,Blinkit,141.3426
-0.9857,1.1214,2,Price-Sensitive,Blinkit,890.4330000000001
1.7525,0.1107,0,Loyal Customers,Blinkit,683.7996
-0.0551,-1.2004,1,At-Risk,Zepto,259.119
1.3751,-0.8154,0,Loyal Customers,Swiggy Instamart,302.3925
0.3013,-1.1524,1,At-Risk,Blinkit,231.7476
-1.0155,2.1321,2,Price-Sensitive,Swiggy Instamart,1452.48075
0.2872,-0.6478,0,Loyal Customers,Blinkit,556.2972000000001
2.8584,0.8602,3,Price-Sensitive,Swiggy Instamart,173.43524999999997
0.2727,-0.537,0,Loyal Customers,Blinkit,582.23
1.2742,-0.7474,0,Loyal Customers,Zepto,369.174
-1.8265,-1.2209,1,At-Risk,Zepto,583.7635
-0.3291,-1.4972,1,At-Risk,Zepto,128.163
0.0031,-1.3154,1,At-Risk,Swiggy Instamart,206.747
-0.541,2.0125,2,Price-Sensitive,Zepto,1321.3425
1.3584,-1.0395,0,Loyal Customers,Blinkit,152.2476
1.2597,1.9794,3,Price-Sensitive,Zepto,980.77125
-1.0167,-1.0665,1,At-Risk,Swiggy Instamart,558.486
-1.3157,-1.0993,1,At-Risk,Zepto,595.2764999999999
0.7373,-1.3104,0,Loyal Customers,Swiggy Instamart,130.571
3.4677,-0.2876,0,Loyal Customers,Swiggy Instamart,247.586
0.6318,-1.0894,0,Loyal Customers,Swiggy Instamart,305.624
-1.1485,-0.1104,2,Price-Sensitive,Zepto,244.4955
0.8047,-0.5641,0,Loyal Customers,Blinkit,510.1616
1.084,-0.7619,0,Loyal Customers,Swiggy Instamart,435.2085
0.1567,0.2451,3,Price-Sensitive,Swiggy Instamart,233.3925
-1.1986,1.6561,2,Price-Sensitive,Zepto,1199.97675
-0.6703,-0.9652,1,At-Risk,Zepto,453.78
0.8983,1.8734,3,Price-Sensitive,Swiggy Instamart,947.694
-0.4225,-0.25,1,At-Risk,Blinkit,864.702
1.1925,-0.7693,0,Loyal Customers,Blinkit,338.0816
-1.545,-0.5657,1,At-Risk,Zepto,875.1855
-0.0389,-0.6327,1,At-Risk,Zepto,583.5794999999999
2.3898,0.2294,0,Loyal Customers,Blinkit,747.5208
-0.8278,0.9414,2,Price-Sensitive,Swiggy Instamart,817.8779999999999
-0.4545,-1.1068,1,At-Risk,Zepto,462.5505
-1.412,0.2093,2,Price-Sensitive,Blinkit,525.7836
-1.0232,-0.9096,1,At-Risk,Blinkit,564.1812
-0.8313,-0.3865,2,Price-Sensitive,Swiggy Instamart,50.0
-0.0956,-1.0145,1,At-Risk,Zepto,401.0685
-1.1631,-1.4057,1,At-Risk,Zepto,364.8015
-1.8785,0.968,2,Price-Sensitive,Zepto,978.4845
1.3917,0.18,0,Loyal Customers,Blinkit,847.7568000000001
0.3588,1.6557,3,Price-Sensitive,Blinkit,968.9346
-0.178,-1.1267,1,At-Risk,Swiggy Instamart,353.694
-1.9426,0.7885,2,Price-Sensitive,Blinkit,887.2902000000001
1.584,0.231,0,Loyal Customers,Swiggy Instamart,784.0469999999999
1.0791,-0.5856,0,Loyal Customers,Blinkit,457.6392
-0.2974,-0.9515,1,At-Risk,Swiggy Instamart,513.9465
0.0965,-0.6178,1,At-Risk,Zepto,514.863
-2.5943,1.4557,2,Price-Sensitive,Swiggy Instamart,1332.13575
2.3841,0.1034,0,Loyal Customers,Blinkit,610.4780000000001
0.8211,0.4087,3,Price-Sensitive,Blinkit,249.70980000000003
1.4988,1.3427,3,Price-Sensitive,Blinkit,593.6022
-0.2009,2.3203,3,Price-Sensitive,Blinkit,1421.9826
-1.2576,1.8851,2,Price-Sensitive,Swiggy Instamart,1361.55975
-1.9923,2.2244,2,Price-Sensitive,Zepto,1609.75275
-0.5633,-0.3814,1,At-Risk,Blinkit,815.8184000000001
0.6781,0.2231,0,Loyal Customers,Blinkit,988.3512
-0.8276,0.6177,2,Price-Sensitive,Swiggy Instamart,653.2747499999999
-1.1219,1.5908,2,Price-Sensitive,Swiggy Instamart,1164.8752499999998
-0.695,-0.3918,1,At-Risk,Swiggy Instamart,864.6239999999999
-1.2861,1.2822,2,Price-Sensitive,Zepto,985.83975
0.2185,0.437,0,Loyal Customers,Zepto,1167.0245
0.1824,-1.0095,1,At-Risk,Zepto,297.73350000000005
-0.1774,-0.2431,2,Price-Sensitive,Blinkit,50.0
-2.2058,3.0862,2,Price-Sensitive,Zepto,2243.7165
-2.0956,-0.3204,2,Price-Sensitive,Zepto,311.44875
-0.9223,-1.3866,1,At-Risk,Zepto,295.2075
-1.3151,-0.0999,1,At-Risk,Swiggy Instamart,1129.2195
0.1418,0.5786,0,Loyal Customers,Blinkit,1196.3396
0.0763,-1.6475,1,At-Risk,Blinkit,50.0
0.2427,-1.4431,1,At-Risk,Blinkit,129.0276
-0.0695,1.3162,3,Price-Sensitive,Zepto,911.59725
-0.2508,-0.8252,1,At-Risk,Zepto,552.5495
-0.99,-1.4447,1,At-Risk,Blinkit,262.3872
-0.2642,2.1745,3,Price-Sensitive,Blinkit,1403.7816
1.8701,0.4038,3,Price-Sensitive,Swiggy Instamart,50.0
0.532,-1.5218,0,Loyal Customers,Zepto,50.0
0.4475,2.4397,3,Price-Sensitive,Swiggy Instamart,1375.70475
1.1764,-1.2848,0,Loyal Customers,Blinkit,50.0
0.927,0.7464,3,Price-Sensitive,Swiggy Instamart,344.58975
-0.5447,-1.4064,1,At-Risk,Blinkit,245.8748
-0.2396,2.1189,3,Price-Sensitive,Zepto,1313.9932500000002
0.6965,-0.6684,0,Loyal Customers,Swiggy Instamart,481.942
-2.4045,0.5649,2,Price-Sensitive,Zepto,831.6877499999999
-1.0148,1.1561,2,Price-Sensitive,Blinkit,925.4088
-1.314,-0.3244,2,Price-Sensitive,Swiggy Instamart,181.10775
-0.9508,-1.2239,1,At-Risk,Swiggy Instamart,463.28
0.5047,0.0174,0,Loyal Customers,Swiggy Instamart,806.8545
-0.6449,0.6261,1,At-Risk,Blinkit,1460.4384
2.0418,-0.4052,0,Loyal Customers,Blinkit,357.52520000000004
0.1958,-0.6236,0,Loyal Customers,Swiggy Instamart,619.229
0.6432,0.1843,3,Price-Sensitive,Zepto,108.2835
-0.2044,0.0623,2,Price-Sensitive,Swiggy Instamart,184.88175
-0.5824,0.7909,2,Price-Sensitive,Swiggy Instamart,657.8977499999999
-1.8174,2.0042,2,Price-Sensitive,Blinkit,1500.525
-0.7966,-0.4408,1,At-Risk,Swiggy Instamart,790.467
-1.7705,-0.9518,1,At-Risk,Zepto,668.0055
1.613,-1.1008,0,Loyal Customers,Swiggy Instamart,158.15049999999997
-1.2416,-1.6274,1,At-Risk,Zepto,254.7215
-1.0253,0.2572,2,Price-Sensitive,Swiggy Instamart,468.441
-0.5454,-0.9014,1,At-Risk,Blinkit,580.8888000000001
-2.4696,0.5848,2,Price-Sensitive,Zepto,836.451
0.565,-0.927,0,Loyal Customers,Blinkit,338.5452
0.6535,-0.8774,0,Loyal Customers,Zepto,373.038
-0.8175,-0.2615,2,Price-Sensitive,Zepto,53.84925
-1.0403,-0.8498,1,At-Risk,Blinkit,662.9472000000001
0.0193,0.3977,3,Price-Sensitive,Swiggy Instamart,324.17925
0.875,0.4802,0,Loyal Customers,Swiggy Instamart,1063.741
-0.8567,-0.3443,2,Price-Sensitive,Blinkit,50.0
0.4399,-0.9959,0,Loyal Customers,Swiggy Instamart,337.778
-0.796,-0.222,2,Price-Sensitive,Zepto,50.0
1.8295,0.3368,0,Loyal Customers,Blinkit,806.1228
-1.0006,-0.1379,1,At-Risk,Blinkit,1046.8668000000002
-0.7739,-1.2993,1,At-Risk,Zepto,325.86750000000006
-0.6393,-0.7083,1,At-Risk,Blinkit,684.5916
-1.6996,0.4303,2,Price-Sensitive,Zepto,670.77975
1.9834,-1.0241,0,Loyal Customers,Swiggy Instamart,50.0
1.1754,1.4966,3,Price-Sensitive,Blinkit,725.355
2.0266,1.3877,3,Price-Sensitive,Swiggy Instamart,586.14375
-0.776,-0.6402,1,At-Risk,Blinkit,744.0852000000001
1.2576,-0.8101,0,Loyal Customers,Zepto,243.66450000000003
0.9504,0.2362,0,Loyal Customers,Blinkit,901.1844
0.172,1.4616,3,Price-Sensitive,Blinkit,877.8618000000001
0.7065,-0.4414,0,Loyal Customers,Zepto,537.831
1.5279,-0.9164,0,Loyal Customers,Blinkit,233.9076
-0.9264,-0.4357,2,Price-Sensitive,Blinkit,50.0
0.5282,-0.9751,0,Loyal Customers,Zepto,301.40400000000005
0.3895,0.0792,0,Loyal Customers,Zepto,917.1225
1.2056,0.164,3,Price-Sensitive,Swiggy Instamart,50.0
-0.0003,1.9008,3,Price-Sensitive,Swiggy Instamart,1184.0745
0.9107,-0.1743,0,Loyal Customers,Swiggy Instamart,698.8779999999999
1.4524,1.4248,3,Price-Sensitive,Blinkit,667.6668
-0.5034,-1.523,1,At-Risk,Zepto,163.41750000000002
-0.0957,-0.3653,1,At-Risk,Zepto,672.394
-1.8484,-1.5859,1,At-Risk,Zepto,380.2785
-1.0303,-1.188,1,At-Risk,Blinkit,513.3996000000001
0.623,-1.2731,0,Loyal Customers,Zepto,99.4325
0.0616,1.2516,3,Price-Sensitive,Swiggy Instamart,798.6922500000001
1.7062,-0.1911,0,Loyal Customers,Swiggy Instamart,535.2674999999999
0.5246,0.34,0,Loyal Customers,Zepto,1009.0475
-1.4545,-0.8096,1,At-Risk,Zepto,707.994
-0.4623,-0.6898,1,At-Risk,Swiggy Instamart,716.9905
1.3467,-0.0074,0,Loyal Customers,Blinkit,667.9172000000001
2.9179,-0.2054,0,Loyal Customers,Blinkit,356.39880000000005
0.4617,0.9859,3,Price-Sensitive,Zepto,592.8457500000001
0.7057,-1.4713,0,Loyal Customers,Blinkit,50.0
-0.7628,0.1379,2,Price-Sensitive,Zepto,270.00525
1.6362,-0.9538,0,Loyal Customers,Swiggy Instamart,162.357
1.987,0.297,0,Loyal Customers,Blinkit,762.48
3.5929,0.6406,0,Loyal Customers,Swiggy Instamart,744.455
-0.672,1.4264,2,Price-Sensitive,Blinkit,985.449
-0.2112,-0.6581,1,At-Risk,Zepto,609.3405
-0.3786,-1.2382,1,At-Risk,Blinkit,318.4472
-1.3994,-1.4701,1,At-Risk,Blinkit,356.656
0.8853,0.5285,3,Price-Sensitive,Blinkit,223.20540000000005
0.5659,0.3059,0,Loyal Customers,Blinkit,1008.2448
-0.6362,0.9793,2,Price-Sensitive,Swiggy Instamart,827.09925
-1.2477,-0.4325,1,At-Risk,Swiggy Instamart,891.713
0.181,-0.403,0,Loyal Customers,Zepto,698.7855000000001
1.6939,-0.4573,0,Loyal Customers,Blinkit,366.282
-0.7933,-1.85,1,At-Risk,Blinkit,59.204
1.8722,0.2013,0,Loyal Customers,Zepto,816.0435000000001
-0.1338,-0.2444,1,At-Risk,Zepto,791.2855000000001
-0.0792,-1.0825,1,At-Risk,Blinkit,390.5712
1.493,-0.8497,0,Loyal Customers,Zepto,168.386
-0.3212,-0.874,1,At-Risk,Blinkit,493.526
0.8194,-0.5994,0,Loyal Customers,Zepto,461.25450000000006
1.2642,-1.3822,0,Loyal Customers,Swiggy Instamart,50.0
0.3035,-0.887,1,At-Risk,Swiggy Instamart,383.0395
-1.8538,2.0099,2,Price-Sensitive,Blinkit,1481.8254
-1.1868,-1.9267,1,At-Risk,Zepto,50.0
-0.6562,-0.884,1,At-Risk,Zepto,544.782
2.5293,-0.3369,0,Loyal Customers,Blinkit,429.6552
1.8829,0.8495,0,Loyal Customers,Swiggy Instamart,1077.4824999999998
0.5406,2.8833,3,Price-Sensitive,Swiggy Instamart,1601.0242499999997
0.5359,-0.8106,1,At-Risk,Blinkit,437.3664000000001
-1.1364,-1.4801,1,At-Risk,Blinkit,285.39000000000004
0.5505,3.0424,3,Price-Sensitive,Swiggy Instamart,1710.4065
1.8227,0.7031,3,Price-Sensitive,Swiggy Instamart,201.5835
1.3711,1.3477,3,Price-Sensitive,Swiggy Instamart,626.7045
-0.8011,0.6277,2,Price-Sensitive,Blinkit,582.4062
-1.226,-0.9504,1,At-Risk,Zepto,604.3695
1.5231,-0.7904,0,Loyal Customers,Swiggy Instamart,228.229
0.9092,0.3974,3,Price-Sensitive,Blinkit,153.6408
1.4998,2.0236,3,Price-Sensitive,Blinkit,936.4248
0.7239,-0.8672,0,Loyal Customers,Swiggy Instamart,402.7415
-0.2953,0.4751,3,Price-Sensitive,Zepto,403.3537500000001
0.083,-0.4923,0,Loyal Customers,Blinkit,688.4028
1.5803,1.6945,3,Price-Sensitive,Blinkit,761.3514000000001
1.2432,-0.4271,0,Loyal Customers,Blinkit,459.4944
0.298,0.9898,3,Price-Sensitive,Blinkit,607.2696000000001
-2.1566,-1.3008,1,At-Risk,Zepto,627.144
0.7221,-1.3391,0,Loyal Customers,Swiggy Instamart,157.504
3.7603,-0.3064,0,Loyal Customers,Blinkit,181.38480000000004
-0.5371,-0.7497,1,At-Risk,Swiggy Instamart,624.4119999999999
0.938,-0.7319,0,Loyal Customers,Zepto,365.757
-1.1273,-2.0355,1,At-Risk,Blinkit,50.0
-0.6826,0.9804,2,Price-Sensitive,Blinkit,735.9042000000001
-1.9091,-0.7022,1,At-Risk,Blinkit,845.7124
0.2514,1.487,3,Price-Sensitive,Zepto,828.5939999999999
-0.3008,0.8404,3,Price-Sensitive,Zepto,610.293
2.3026,-0.3439,0,Loyal Customers,Blinkit,381.8204
-0.2972,0.11,2,Price-Sensitive,Zepto,230.529
1.6407,-0.325,0,Loyal Customers,Swiggy Instamart,533.232
-1.3346,-0.4867,2,Price-Sensitive,Zepto,50.0
1.0308,-0.8347,0,Loyal Customers,Blinkit,294.41880000000003
-0.8384,-0.5981,1,At-Risk,Swiggy Instamart,778.6664999999999
0.1397,-0.7184,0,Loyal Customers,Zepto,540.7094999999999
1.1546,-1.2176,0,Loyal Customers,Zepto,50.0
0.7916,-1.4649,0,Loyal Customers,Zepto,50.0
-0.2664,-0.7635,1,At-Risk,Zepto,577.626
1.3312,-0.8081,0,Loyal Customers,Swiggy Instamart,285.6715
0.1241,1.5423,3,Price-Sensitive,Zepto,912.87
1.684,-0.3188,0,Loyal Customers,Blinkit,457.1084000000001
1.1595,0.3696,0,Loyal Customers,Swiggy Instamart,949.9935
-1.8776,0.3584,2,Price-Sensitive,Zepto,593.46
-0.869,-1.7571,1,At-Risk,Zepto,124.6035
-2.4395,0.678,2,Price-Sensitive,Swiggy Instamart,924.20775
-0.2644,-0.6652,1,At-Risk,Blinkit,597.3588000000001
0.8762,0.0335,0,Loyal Customers,Zepto,798.819
0.9864,-0.4699,0,Loyal Customers,Swiggy Instamart,480.2169999999999
0.3013,-0.8132,0,Loyal Customers,Swiggy Instamart,496.505
0.3227,-1.2815,1,At-Risk,Zepto,226.773
0.6499,0.1628,3,Price-Sensitive,Zepto,50.29275000000001
-2.4057,0.6187,2,Price-Sensitive,Zepto,863.8117500000001
2.6017,-0.9985,0,Loyal Customers,Swiggy Instamart,50.0
0.153,-0.6515,1,At-Risk,Zepto,487.458
2.9073,0.9385,3,Price-Sensitive,Blinkit,195.56460000000004
1.9657,0.4586,3,Price-Sensitive,Swiggy Instamart,50.0
-0.7315,-0.6755,1,At-Risk,Swiggy Instamart,726.601
0.2597,-0.4342,0,Loyal Customers,Blinkit,622.8048000000001
1.3496,-0.7908,0,Loyal Customers,Zepto,235.1915
-1.2674,-0.2294,1,At-Risk,Zepto,970.3945
0.8269,-1.2476,0,Loyal Customers,Blinkit,128.25
1.2738,-0.9378,0,Loyal Customers,Swiggy Instamart,251.0185
1.2968,-1.3238,0,Loyal Customers,Swiggy Instamart,50.0
-0.937,-0.6675,1,At-Risk,Zepto,663.7485
1.0962,-0.0816,0,Loyal Customers,Swiggy Instamart,748.4915
-0.3406,-1.3484,1,At-Risk,Swiggy Instamart,264.1435
1.554,0.018,0,Loyal Customers,Swiggy Instamart,721.7719999999999
1.2826,2.1266,3,Price-Sensitive,Swiggy Instamart,1095.84675
0.1741,-1.371,1,At-Risk,Blinkit,199.3032
1.7507,0.4929,0,Loyal Customers,Blinkit,917.0372
0.2227,-1.1019,1,At-Risk,Blinkit,254.9124
1.466,0.27,0,Loyal Customers,Swiggy Instamart,851.7589999999999
0.633,-0.6797,0,Loyal Customers,Blinkit,435.5184
1.5363,0.052,0,Loyal Customers,Blinkit,691.524
1.8614,-0.3541,0,Loyal Customers,Blinkit,453.8904
0.1381,1.2766,3,Price-Sensitive,Zepto,808.0065000000001
-0.3542,0.867,2,Price-Sensitive,Swiggy Instamart,638.09475
1.1305,-0.7166,0,Loyal Customers,Blinkit,389.0052
-0.1281,1.8536,3,Price-Sensitive,Blinkit,1139.568
0.5413,0.8888,3,Price-Sensitive,Zepto,526.113
1.4526,-0.0966,0,Loyal Customers,Swiggy Instamart,620.31
-0.6657,1.0679,2,Price-Sensitive,Zepto,812.9992500000002
-0.7376,1.8069,2,Price-Sensitive,Blinkit,1272.9504
0.1892,-1.2178,1,At-Risk,Swiggy Instamart,204.3515
0.9349,-0.2476,0,Loyal Customers,Swiggy Instamart,655.9254999999999
-1.9216,0.9287,2,Price-Sensitive,Blinkit,881.1456000000001
1.6547,-0.8,0,Loyal Customers,Swiggy Instamart,229.195
0.895,0.9663,3,Price-Sensitive,Swiggy Instamart,523.8997499999999
1.2182,-1.1698,0,Loyal Customers,Swiggy Instamart,50.0
-2.3521,0.5928,2,Price-Sensitive,Blinkit,829.3380000000001
-0.4695,0.7727,2,Price-Sensitive,Blinkit,595.773
-0.3338,0.4052,2,Price-Sensitive,Swiggy Instamart,467.00925
1.9277,-0.3886,0,Loyal Customers,Blinkit,443.286
-0.1941,1.2946,2,Price-Sensitive,Swiggy Instamart,846.216
-1.5908,-1.0178,1,At-Risk,Zepto,628.0445000000001
-0.2866,-0.926,1,At-Risk,Zepto,486.6645
0.8822,0.6175,0,Loyal Customers,Swiggy Instamart,1169.159
0.3399,0.0463,3,Price-Sensitive,Blinkit,50.0
-0.6369,-1.3627,1,At-Risk,Blinkit,255.4832
-2.2146,1.2696,2,Price-Sensitive,Swiggy Instamart,1257.59775
0.971,1.1052,3,Price-Sensitive,Blinkit,537.4002
0.0633,2.0092,3,Price-Sensitive,Swiggy Instamart,1210.1954999999998
1.7041,0.9145,0,Loyal Customers,Blinkit,1118.3832
1.6492,-0.2866,0,Loyal Customers,Blinkit,502.3416
0.5146,-1.5219,0,Loyal Customers,Swiggy Instamart,50.0
-1.8998,-0.1106,2,Price-Sensitive,Swiggy Instamart,435.20025
-1.253,-0.4071,1,At-Risk,Swiggy Instamart,924.853
0.4847,-0.277,0,Loyal Customers,Zepto,711.2360000000001
-0.0595,0.074,3,Price-Sensitive,Blinkit,179.253
1.1575,-0.4339,0,Loyal Customers,Swiggy Instamart,560.7094999999999
-0.8906,-0.582,1,At-Risk,Blinkit,707.764
-2.0263,0.7795,2,Price-Sensitive,Zepto,917.76825
2.2354,0.6578,3,Price-Sensitive,Swiggy Instamart,131.58674999999997
1.0671,-0.3638,0,Loyal Customers,Swiggy Instamart,574.751
-0.7937,-1.5547,1,At-Risk,Zepto,201.364
-0.6341,1.5971,2,Price-Sensitive,Zepto,1038.42525
-1.2518,-1.0451,1,At-Risk,Blinkit,541.6104
1.437,-0.025,0,Loyal Customers,Blinkit,670.6043999999999
1.4556,-0.5601,0,Loyal Customers,Blinkit,355.77360000000004
0.7907,-0.5161,0,Loyal Customers,Zepto,455.301
0.6305,2.7012,3,Price-Sensitive,Blinkit,1507.995
-0.1306,-1.116,1,At-Risk,Blinkit,336.15000000000003
-0.4642,-0.7404,1,At-Risk,Zepto,613.439
-0.914,-0.8787,1,At-Risk,Swiggy Instamart,613.4585
-0.2202,-1.7334,1,At-Risk,Blinkit,50.0
1.4163,1.7918,3,Price-Sensitive,Blinkit,882.0252000000002
1.2184,-0.8826,0,Loyal Customers,Blinkit,337.86600000000004
-1.088,1.5029,2,Price-Sensitive,Blinkit,1080.3618
-0.4889,2.4638,3,Price-Sensitive,Blinkit,1606.2318
-0.5264,-1.2165,1,At-Risk,Zepto,295.0725
-0.5663,-1.5142,1,At-Risk,Blinkit,204.336
-0.6273,-0.9378,1,At-Risk,Zepto,504.8735
0.8543,0.9744,3,Price-Sensitive,Blinkit,517.6386
0.783,-1.5343,0,Loyal Customers,Swiggy Instamart,50.0
-0.5842,0.9498,2,Price-Sensitive,Zepto,764.019
-1.7572,-1.3431,1,At-Risk,Zepto,496.419
-0.853,1.7583,2,Price-Sensitive,Swiggy Instamart,1212.5504999999998
-1.4431,0.4015,1,At-Risk,Zepto,1374.8175
1.2487,-0.0469,0,Loyal Customers,Swiggy Instamart,727.2615
1.2984,-0.6566,0,Loyal Customers,Blinkit,399.2628
-1.4001,-1.8166,1,At-Risk,Zepto,144.312
-1.5577,1.3823,2,Price-Sensitive,Swiggy Instamart,1133.2215
-1.4226,1.6734,2,Price-Sensitive,Zepto,1251.057
-0.4088,-0.7362,1,At-Risk,Blinkit,618.4316
-0.8003,-0.1548,1,At-Risk,Zepto,916.5715
1.504,-1.2325,0,Loyal Customers,Swiggy Instamart,50.0
1.6772,0.3096,0,Loyal Customers,Blinkit,877.94
-2.479,0.6448,2,Price-Sensitive,Zepto,883.575
-1.2456,-2.0893,1,At-Risk,Zepto,50.0
-2.274,0.9482,2,Price-Sensitive,Swiggy Instamart,978.8729999999998
0.803,-0.542,0,Loyal Customers,Blinkit,489.5552
-0.4643,0.969,3,Price-Sensitive,Zepto,716.6685000000001
-0.2337,1.1495,3,Price-Sensitive,Blinkit,849.1878000000002
0.6458,0.5251,0,Loyal Customers,Zepto,1098.957
0.8232,-0.1601,0,Loyal Customers,Blinkit,724.8439999999999
0.888,-1.2183,0,Loyal Customers,Zepto,54.411
0.0642,0.7105,3,Price-Sensitive,Blinkit,497.1294
-0.2337,2.7019,3,Price-Sensitive,Blinkit,1703.6760000000002
-1.5224,1.2753,2,Price-Sensitive,Zepto,1027.28625
-1.3326,0.5831,2,Price-Sensitive,Swiggy Instamart,648.51375
-0.8973,-0.8988,1,At-Risk,Zepto,541.648
1.3853,-1.3565,0,Loyal Customers,Swiggy Instamart,50.0
0.3907,0.3882,3,Price-Sensitive,Blinkit,258.11460000000005
-0.4221,-0.768,1,At-Risk,Zepto,551.9325
-0.5615,1.4529,2,Price-Sensitive,Zepto,978.282
0.1762,0.4407,3,Price-Sensitive,Blinkit,285.4278
1.9882,-0.2532,0,Loyal Customers,Swiggy Instamart,477.925
-0.8379,1.0744,2,Price-Sensitive,Zepto,835.3485000000001
0.4284,0.9255,3,Price-Sensitive,Zepto,537.1095
-1.0263,-0.18,1,At-Risk,Blinkit,1080.6276000000005
0.4224,-0.9385,0,Loyal Customers,Zepto,329.3115
-1.7279,-0.2773,1,At-Risk,Zepto,1112.4875
-2.0146,-1.1055,1,At-Risk,Swiggy Instamart,640.0584999999999
-0.9069,0.9874,2,Price-Sensitive,Swiggy Instamart,777.3195
0.4363,-0.1367,0,Loyal Customers,Swiggy Instamart,844.6635
0.0656,-1.438,1,At-Risk,Zepto,118.5195
-1.5543,1.5418,2,Price-Sensitive,Swiggy Instamart,1264.611
1.3781,-0.8223,0,Loyal Customers,Swiggy Instamart,278.9095
1.8758,0.0222,0,Loyal Customers,Zepto,714.5085
-0.6737,0.5197,2,Price-Sensitive,Blinkit,496.3860000000001
-1.6569,-0.8396,1,At-Risk,Zepto,715.3520000000001
1.4889,0.454,0,Loyal Customers,Swiggy Instamart,957.0069999999998
-0.6369,-0.6483,1,At-Risk,Swiggy Instamart,751.962
-1.1303,-0.8102,1,At-Risk,Blinkit,686.6544
-0.2888,-1.6433,1,At-Risk,Blinkit,50.0
-1.52,-0.9872,1,At-Risk,Zepto,680.4
-0.0928,-0.1573,1,At-Risk,Zepto,852.144
0.9544,-1.0589,0,Loyal Customers,Swiggy Instamart,193.204
-0.369,2.7429,3,Price-Sensitive,Blinkit,1740.864
-1.4466,0.3092,2,Price-Sensitive,Zepto,494.4240000000001
1.3411,-0.3704,0,Loyal Customers,Blinkit,504.2736
-1.9979,0.88,2,Price-Sensitive,Zepto,962.955
-0.4862,-1.1887,1,At-Risk,Blinkit,360.6228
0.2368,3.9622,3,Price-Sensitive,Swiggy Instamart,2305.4662499999995
-1.1846,-0.4287,1,At-Risk,Blinkit,961.202
-1.3167,-1.3407,1,At-Risk,Zepto,424.8825
-1.1572,2.9653,2,Price-Sensitive,Zepto,1876.479
0.0085,-1.1485,1,At-Risk,Swiggy Instamart,315.8505
-0.1488,-1.4233,1,At-Risk,Blinkit,186.2912
-0.314,-1.1826,1,At-Risk,Zepto,340.1475
-0.3492,-1.2261,1,At-Risk,Swiggy Instamart,336.559
-1.818,-1.8089,1,At-Risk,Zepto,214.5675
-0.5457,0.7676,2,Price-Sensitive,Zepto,619.797
1.1927,-0.2544,0,Loyal Customers,Blinkit,592.248
-0.5663,2.2268,2,Price-Sensitive,Zepto,1408.12875
1.7708,1.7487,3,Price-Sensitive,Swiggy Instamart,855.29325
-0.5189,-0.3234,1,At-Risk,Blinkit,820.3448
-0.5621,-1.6686,1,At-Risk,Blinkit,156.2436
0.2662,-0.9493,1,At-Risk,Zepto,332.157
-0.7587,1.012,2,Price-Sensitive,Swiggy Instamart,780.41175
-0.6952,1.3273,2,Price-Sensitive,Swiggy Instamart,1003.81425
-1.0584,-0.4885,1,At-Risk,Swiggy Instamart,887.63
1.2939,2.3533,3,Price-Sensitive,Swiggy Instamart,1222.887
0.0017,1.0135,3,Price-Sensitive,Swiggy Instamart,629.15925
0.9007,0.1149,0,Loyal Customers,Zepto,825.9405
-1.0834,0.3231,2,Price-Sensitive,Zepto,465.1095
-1.1484,-0.8945,1,At-Risk,Zepto,638.4585
-0.5078,-0.7932,1,At-Risk,Blinkit,583.2408
0.9821,2.7647,3,Price-Sensitive,Swiggy Instamart,1463.21025
0.9537,-1.3117,0,Loyal Customers,Blinkit,100.2456
0.346,-1.542,1,At-Risk,Blinkit,61.22240000000002
1.3369,0.3986,0,Loyal Customers,Blinkit,886.1708000000001
2.1008,-0.804,0,Loyal Customers,Blinkit,148.82280000000003
0.8357,-0.2129,0,Loyal Customers,Zepto,618.744
1.0404,1.2315,3,Price-Sensitive,Swiggy Instamart,653.9302499999999
-1.7529,1.5653,2,Price-Sensitive,Zepto,1218.1867500000003
2.6654,0.1258,0,Loyal Customers,Swiggy Instamart,662.0229999999999
-0.2601,-0.643,1,At-Risk,Swiggy Instamart,642.215
2.0454,-0.6449,0,Loyal Customers,Blinkit,288.9108
-0.8329,-1.9191,1,At-Risk,Blinkit,50.0
2.6687,-0.8514,0,Loyal Customers,Blinkit,66.96960000000001
-0.9175,-0.7343,1,At-Risk,Blinkit,732.8468
1.6155,-1.0508,0,Loyal Customers,Blinkit,50.0
-0.9493,-0.9823,1,At-Risk,Zepto,577.7645
1.7363,-0.4398,0,Loyal Customers,Blinkit,433.21760000000006
-0.5573,-0.2825,1,At-Risk,Zepto,845.523
-1.3911,0.9126,2,Price-Sensitive,Swiggy Instamart,902.44575
1.1518,-0.4556,0,Loyal Customers,Zepto,430.3635
-0.3491,1.5966,2,Price-Sensitive,Blinkit,1037.8398
0.6012,0.4249,0,Loyal Customers,Swiggy Instamart,1073.05
0.8807,-0.1803,0,Loyal Customers,Blinkit,692.1828
-1.5755,0.8968,2,Price-Sensitive,Blinkit,869.3244000000001
0.705,-1.0829,0,Loyal Customers,Zepto,186.152
-0.827,-0.7138,1,At-Risk,Blinkit,715.4216
-1.4035,-0.4902,2,Price-Sensitive,Blinkit,50.0
1.1387,0.2913,3,Price-Sensitive,Swiggy Instamart,111.81675
0.2009,-0.6435,0,Loyal Customers,Swiggy Instamart,572.6735
2.0936,-0.798,0,Loyal Customers,Blinkit,153.24920000000003
1.1072,1.5958,3,Price-Sensitive,Blinkit,797.8638000000001
-2.1646,2.0386,2,Price-Sensitive,Zepto,1591.3987500000003
0.8347,-0.9931,0,Loyal Customers,Blinkit,291.63
0.4377,1.202,3,Price-Sensitive,Swiggy Instamart,690.3622499999999
1.3968,1.7938,3,Price-Sensitive,Swiggy Instamart,884.0055
-1.465,1.7286,2,Price-Sensitive,Zepto,1312.26675
0.0365,-1.4664,1,At-Risk,Zepto,133.89350000000002
-1.2632,0.0196,2,Price-Sensitive,Zepto,330.40650000000005
0.6516,-0.5407,0,Loyal Customers,Swiggy Instamart,554.52
-1.2551,1.6336,2,Price-Sensitive,Zepto,1182.6675
0.4343,1.7138,3,Price-Sensitive,Blinkit,962.8632
-0.9828,-1.7405,1,At-Risk,Blinkit,157.47480000000002
-1.0029,0.4576,2,Price-Sensitive,Blinkit,505.3710000000001
-0.8111,0.4069,2,Price-Sensitive,Swiggy Instamart,486.84675
-1.9078,-1.7951,1,At-Risk,Zepto,309.351
-0.7081,-0.8467,1,At-Risk,Swiggy Instamart,572.976
-1.8166,-0.9932,1,At-Risk,Zepto,659.8575
2.8578,-0.8753,0,Loyal Customers,Swiggy Instamart,50.0
0.4394,-1.3112,1,At-Risk,Swiggy Instamart,97.3015
-0.1957,1.5564,3,Price-Sensitive,Blinkit,974.2308
-1.0815,-0.6862,1,At-Risk,Blinkit,733.6332
-1.53,-2.0247,1,At-Risk,Zepto,50.0
1.2649,-0.1648,0,Loyal Customers,Blinkit,585.7596000000001
1.9653,-1.1259,0,Loyal Customers,Zepto,50.0
1.0253,-0.1319,0,Loyal Customers,Blinkit,675.7560000000001
0.6301,0.1724,3,Price-Sensitive,Blinkit,50.0
0.6382,-0.2421,0,Loyal Customers,Swiggy Instamart,705.3294999999999
-0.4079,0.0907,2,Price-Sensitive,Zepto,295.083
0.2446,-0.3754,0,Loyal Customers,Swiggy Instamart,715.6564999999999
0.1569,-1.5502,1,At-Risk,Zepto,50.0
-1.6445,-0.9283,1,At-Risk,Zepto,737.1
1.0195,0.5526,0,Loyal Customers,Swiggy Instamart,1052.448
0.6288,-0.2771,0,Loyal Customers,Blinkit,682.8960000000001
1.4754,-0.4181,0,Loyal Customers,Blinkit,485.406
1.07,-0.0849,0,Loyal Customers,Swiggy Instamart,750.0645
-1.0768,-1.9123,1,At-Risk,Swiggy Instamart,50.0
0.5677,-0.299,0,Loyal Customers,Swiggy Instamart,684.6524999999999
0.4021,0.4739,3,Price-Sensitive,Blinkit,290.35020000000003
-0.1571,-1.6442,1,At-Risk,Zepto,50.0
-0.2869,2.0393,3,Price-Sensitive,Blinkit,1254.6756
0.5677,-0.4814,0,Loyal Customers,Blinkit,589.0860000000001
0.4767,-0.1983,0,Loyal Customers,Swiggy Instamart,749.0525
-1.7827,-1.0504,1,At-Risk,Zepto,677.439
-1.29,-0.4423,1,At-Risk,Zepto,920.64
0.4749,-0.2669,0,Loyal Customers,Zepto,714.384
-0.5122,-1.3863,1,At-Risk,Blinkit,302.3216
-1.0877,-0.5477,1,At-Risk,Blinkit,798.582
-0.8137,0.2245,2,Price-Sensitive,Zepto,315.79050000000007
-0.0457,-1.6449,1,At-Risk,Zepto,50.0
0.0429,0.4023,2,Price-Sensitive,Swiggy Instamart,317.71275
2.0431,-0.9562,0,Loyal Customers,Blinkit,50.0
-0.8344,-1.0863,1,At-Risk,Blinkit,507.7404
0.7772,-1.2726,0,Loyal Customers,Blinkit,109.00440000000002
-0.6519,1.1193,2,Price-Sensitive,Zepto,772.2817500000001
0.4213,2.1932,3,Price-Sensitive,Zepto,1257.07725
-1.7179,1.2315,2,Price-Sensitive,Blinkit,1052.2062
0.1147,-0.5269,0,Loyal Customers,Blinkit,558.1732000000001
-1.6875,1.0249,2,Price-Sensitive,Swiggy Instamart,989.06325
1.6019,-1.0806,0,Loyal Customers,Swiggy Instamart,89.52749999999999
0.5968,-0.4487,0,Loyal Customers,Zepto,565.1055000000001
0.2494,1.6212,3,Price-Sensitive,Swiggy Instamart,1037.1907499999998
-2.4312,0.0851,2,Price-Sensitive,Zepto,576.9225
0.3138,-0.348,0,Loyal Customers,Blinkit,701.5680000000001
1.3541,0.48,0,Loyal Customers,Blinkit,959.042
-0.8745,-1.7503,1,At-Risk,Zepto,86.23850000000002
-1.5597,-0.824,1,At-Risk,Blinkit,755.9104000000001
-0.441,-1.4025,1,At-Risk,Swiggy Instamart,260.1315
-1.483,-1.2374,1,At-Risk,Zepto,488.208
-1.2232,-1.5531,1,At-Risk,Swiggy Instamart,287.8565
0.6735,-0.4988,0,Loyal Customers,Swiggy Instamart,590.0115
1.4782,-0.2264,0,Loyal Customers,Blinkit,566.9892000000001
1.802,-0.0876,0,Loyal Customers,Swiggy Instamart,607.4644999999999
0.3664,-1.4462,1,At-Risk,Swiggy Instamart,103.74299999999998
-1.6544,0.7677,2,Price-Sensitive,Zepto,860.841
-0.2119,-0.9045,1,At-Risk,Zepto,438.66
-1.58,-1.6261,1,At-Risk,Zepto,345.43100000000004
1.3326,-0.2673,0,Loyal Customers,Blinkit,580.7916
-1.682,-1.0939,1,At-Risk,Blinkit,599.4724
1.5938,-1.2165,0,Loyal Customers,Swiggy Instamart,50.0
0.0094,-0.8336,1,At-Risk,Blinkit,468.9252
-0.0497,-1.4959,1,At-Risk,Swiggy Instamart,96.117
-2.023,-0.808,1,At-Risk,Zepto,771.939
-1.7054,1.4216,2,Price-Sensitive,Swiggy Instamart,1177.10025
0.6806,0.6399,3,Price-Sensitive,Blinkit,356.43240000000003
0.0095,-1.6721,1,At-Risk,Blinkit,50.0
-0.8715,0.7777,2,Price-Sensitive,Zepto,706.35825
-0.2544,-1.6411,1,At-Risk,Blinkit,50.0
0.3384,1.8973,3,Price-Sensitive,Zepto,1048.6035
1.4716,0.3425,0,Loyal Customers,Swiggy Instamart,918.21
2.1422,-0.0975,0,Loyal Customers,Blinkit,539.4276000000001
1.8308,0.3442,0,Loyal Customers,Blinkit,788.2068
2.3034,1.4803,3,Price-Sensitive,Swiggy Instamart,625.6095
-0.3401,-0.4523,1,At-Risk,Zepto,805.5120000000001
-2.4784,0.2756,2,Price-Sensitive,Zepto,676.2855
0.2242,0.7462,3,Price-Sensitive,Blinkit,533.1744000000001
0.654,-0.157,0,Loyal Customers,Swiggy Instamart,762.4005
-0.9268,-1.3664,1,At-Risk,Zepto,331.0335
-0.5497,0.1215,1,At-Risk,Zepto,1071.342
-0.4937,2.4448,2,Price-Sensitive,Blinkit,1541.7882
-0.3087,0.5027,2,Price-Sensitive,Blinkit,420.4038000000001
0.734,0.3109,3,Price-Sensitive,Zepto,146.097
-1.24,0.2478,1,At-Risk,Blinkit,1354.2248
1.2429,-1.2211,0,Loyal Customers,Zepto,50.0
1.5621,-0.5916,0,Loyal Customers,Blinkit,358.6788
-0.4579,-0.8403,1,At-Risk,Blinkit,514.1556
0.2055,1.6965,3,Price-Sensitive,Blinkit,1049.0814
1.0587,-0.0145,0,Loyal Customers,Blinkit,719.3144
-0.1414,-0.8721,1,At-Risk,Zepto,523.4795
0.651,-0.6492,0,Loyal Customers,Blinkit,446.7404
0.9589,-0.0633,0,Loyal Customers,Blinkit,709.3676
-2.3708,0.5058,2,Price-Sensitive,Zepto,800.0999999999999
-0.6912,2.9997,2,Price-Sensitive,Blinkit,1930.0806
-1.2533,-0.1728,1,At-Risk,Swiggy Instamart,1087.1295
-0.0033,-1.5659,1,At-Risk,Swiggy Instamart,84.77049999999997
-0.6971,-1.7652,1,At-Risk,Swiggy Instamart,126.408
0.057,1.7757,3,Price-Sensitive,Zepto,1036.101
0.6619,-0.6679,0,Loyal Customers,Blinkit,354.3772
-2.4181,2.0154,2,Price-Sensitive,Zepto,1659.6810000000005
-0.5254,-1.1529,1,At-Risk,Swiggy Instamart,434.8469999999999
0.7362,1.8215,3,Price-Sensitive,Swiggy Instamart,961.9755
0.0896,-0.8246,1,At-Risk,Zepto,463.5855
0.1066,-0.3327,0,Loyal Customers,Zepto,654.1135
1.0845,-0.462,0,Loyal Customers,Swiggy Instamart,521.962
-0.9664,-1.1136,1,At-Risk,Swiggy Instamart,524.0805
-1.1676,0.1938,2,Price-Sensitive,Swiggy Instamart,431.043
-1.5115,0.9725,2,Price-Sensitive,Swiggy Instamart,854.93175
-1.2682,-1.007,1,At-Risk,Blinkit,591.2784
-1.9196,0.4084,2,Price-Sensitive,Blinkit,666.6738
-1.4104,-0.2354,2,Price-Sensitive,Blinkit,257.30460000000005
0.1466,1.2512,3,Price-Sensitive,Zepto,769.0095
-1.0183,1.1904,2,Price-Sensitive,Swiggy Instamart,945.50325
-2.1367,0.3345,2,Price-Sensitive,Blinkit,621.0384
-1.5431,-1.3154,1,At-Risk,Blinkit,524.3616000000001
-1.0694,-0.4055,2,Price-Sensitive,Zepto,55.95975
0.7844,0.6141,3,Price-Sensitive,Blinkit,321.4056
0.0931,-1.5131,1,At-Risk,Blinkit,100.3212
-2.2437,0.5289,2,Price-Sensitive,Swiggy Instamart,764.8694999999999
-0.5113,-1.0165,1,At-Risk,Swiggy Instamart,508.0355
0.3487,-0.8371,0,Loyal Customers,Zepto,377.097
-1.9267,0.0641,2,Price-Sensitive,Zepto,541.2990000000001
-0.4221,0.628,2,Price-Sensitive,Zepto,534.0630000000001
1.3429,0.6336,3,Price-Sensitive,Swiggy Instamart,225.65325
1.489,0.241,0,Loyal Customers,Swiggy Instamart,843.93
-0.3697,0.4145,2,Price-Sensitive,Blinkit,373.2966
0.4344,-0.8346,0,Loyal Customers,Zepto,390.4635
0.1465,-0.8155,0,Loyal Customers,Blinkit,495.3312
-0.7017,-0.041,1,At-Risk,Swiggy Instamart,1065.0855
0.2553,2.2515,3,Price-Sensitive,Swiggy Instamart,1342.5674999999997
-1.147,-1.9189,1,At-Risk,Blinkit,50.0
-0.4824,-0.4271,1,At-Risk,Zepto,728.2695000000001
-0.8437,-1.3357,1,At-Risk,Zepto,348.4005
0.9513,-0.4602,0,Loyal Customers,Zepto,554.6625
0.4783,-0.1459,0,Loyal Customers,Blinkit,782.6652000000001
-0.3407,-1.1999,1,At-Risk,Blinkit,342.6708
0.6199,0.7309,3,Price-Sensitive,Zepto,405.78525
-1.0644,-1.9568,1,At-Risk,Blinkit,50.0
1.7178,-0.6901,0,Loyal Customers,Blinkit,286.644
-0.9744,-0.9969,1,At-Risk,Swiggy Instamart,600.668
-0.6699,-1.3083,1,At-Risk,Swiggy Instamart,339.9515
1.0947,0.9124,3,Price-Sensitive,Swiggy Instamart,453.23025
-0.7145,0.0366,2,Price-Sensitive,Blinkit,269.8758
-1.8562,0.1582,2,Price-Sensitive,Zepto,516.30375
-1.4947,-1.1806,1,At-Risk,Zepto,493.5395
-0.5349,2.3841,3,Price-Sensitive,Blinkit,1508.7726000000002
1.7375,-1.1898,0,Loyal Customers,Blinkit,50.0
-1.086,-0.3186,1,At-Risk,Zepto,920.0745
-0.3007,-0.126,2,Price-Sensitive,Zepto,50.0
-0.351,-1.3277,1,At-Risk,Zepto,191.738
2.2518,-0.7003,0,Loyal Customers,Blinkit,160.4096
-1.6619,2.2727,2,Price-Sensitive,Zepto,1687.30425
0.6173,1.7991,3,Price-Sensitive,Swiggy Instamart,1056.4109999999998
-0.6009,-0.1245,2,Price-Sensitive,Swiggy Instamart,190.85625
1.1506,-0.1399,0,Loyal Customers,Blinkit,637.6212
1.0265,0.8623,3,Price-Sensitive,Blinkit,406.539
1.7741,0.5669,3,Price-Sensitive,Swiggy Instamart,136.34625
-0.0805,0.1637,3,Price-Sensitive,Swiggy Instamart,199.9125
0.1442,-0.0249,1,At-Risk,Swiggy Instamart,896.5514999999999
-0.8898,-1.6579,1,At-Risk,Zepto,160.776
3.4127,-0.635,0,Loyal Customers,Swiggy Instamart,50.0
-0.8612,0.1999,2,Price-Sensitive,Blinkit,380.07
0.8504,3.2331,3,Price-Sensitive,Swiggy Instamart,1752.2167499999998
0.6513,0.0569,0,Loyal Customers,Blinkit,880.7832
-0.0313,-0.344,1,At-Risk,Swiggy Instamart,717.4994999999999
0.045,2.5392,3,Price-Sensitive,Swiggy Instamart,1567.2487499999995
0.8617,0.5169,0,Loyal Customers,Zepto,1085.574
-1.1906,-1.003,1,At-Risk,Zepto,590.8615
0.0002,-0.6332,1,At-Risk,Swiggy Instamart,620.2295
0.8221,1.2874,3,Price-Sensitive,Blinkit,665.5122
1.5808,0.1326,0,Loyal Customers,Swiggy Instamart,728.7574999999999
-1.9988,-0.4723,2,Price-Sensitive,Zepto,173.54925
3.3001,0.1323,0,Loyal Customers,Swiggy Instamart,551.6229999999999
0.134,0.9838,3,Price-Sensitive,Blinkit,665.5889999999999
0.9196,0.9853,3,Price-Sensitive,Zepto,468.42075
-1.4437,-0.8277,1,At-Risk,Zepto,710.0855
-1.2414,-0.2318,1,At-Risk,Blinkit,1049.9544
-1.0332,2.1842,2,Price-Sensitive,Swiggy Instamart,1517.0572499999998
0.8768,-0.2594,0,Loyal Customers,Blinkit,658.584
2.4009,-0.9936,0,Loyal Customers,Swiggy Instamart,50.0
-0.7507,-1.4691,1,At-Risk,Swiggy Instamart,223.655
-1.8253,1.3707,2,Price-Sensitive,Blinkit,1170.9684000000002
1.3345,-1.0589,0,Loyal Customers,Zepto,50.0
-0.9494,-1.4034,1,At-Risk,Blinkit,342.67320000000007
-0.0075,-0.0489,2,Price-Sensitive,Blinkit,50.0
-0.8367,-0.7829,1,At-Risk,Swiggy Instamart,642.574
-0.8687,0.68,2,Price-Sensitive,Swiggy Instamart,685.8449999999999
-1.1112,-1.854,1,At-Risk,Swiggy Instamart,162.28799999999998
-1.8275,1.1329,2,Price-Sensitive,Zepto,1005.84525
1.1802,3.715,3,Price-Sensitive,Swiggy Instamart,1954.42875
-0.8707,-1.7695,1,At-Risk,Blinkit,102.3968
1.4938,1.3888,3,Price-Sensitive,Blinkit,614.5122
0.6589,-0.2557,0,Loyal Customers,Blinkit,661.7808
-0.6401,-1.0352,1,At-Risk,Swiggy Instamart,509.9675
-1.3842,-0.8694,1,At-Risk,Zepto,726.182
-0.9599,-0.0745,2,Price-Sensitive,Blinkit,291.08160000000004
-0.7367,1.4676,2,Price-Sensitive,Blinkit,1021.4604
-1.2767,-0.5933,1,At-Risk,Zepto,828.2775
-1.2205,0.8317,2,Price-Sensitive,Swiggy Instamart,792.35025
1.8468,0.2586,0,Loyal Customers,Blinkit,730.2404
-1.2738,-0.1058,2,Price-Sensitive,Zepto,223.794
1.2701,-1.1567,0,Loyal Customers,Zepto,50.0
1.5563,-0.5729,0,Loyal Customers,Blinkit,375.9156
-2.0074,-1.4912,1,At-Risk,Zepto,504.184
-0.3121,-0.8676,1,At-Risk,Blinkit,462.9852
-0.0249,2.5265,3,Price-Sensitive,Zepto,1539.48375
0.0093,-0.0132,3,Price-Sensitive,Zepto,97.02
-0.5456,-1.5297,1,At-Risk,Blinkit,252.0908
1.4111,-0.8275,0,Loyal Customers,Blinkit,306.1032000000001
-0.023,-0.4297,1,At-Risk,Swiggy Instamart,692.1415
1.4964,-0.3097,0,Loyal Customers,Blinkit,514.0044
0.4167,-0.7793,0,Loyal Customers,Blinkit,468.9156
-0.6063,-0.34,1,At-Risk,Blinkit,820.9728
-1.3176,1.1251,2,Price-Sensitive,Blinkit,910.44
-0.8406,0.9831,2,Price-Sensitive,Zepto,808.4790000000002
0.9279,-1.4068,0,Loyal Customers,Blinkit,50.0
0.8577,2.8397,3,Price-Sensitive,Swiggy Instamart,1589.6565
1.5938,0.6305,0,Loyal Customers,Blinkit,1012.4012
0.6753,-0.1715,0,Loyal Customers,Zepto,662.7075
1.1536,-0.5948,0,Loyal Customers,Swiggy Instamart,411.838
-0.4537,-1.4469,1,At-Risk,Blinkit,173.41240000000002
1.9795,-0.618,0,Loyal Customers,Blinkit,232.5348
0.4063,-0.1324,0,Loyal Customers,Zepto,788.5980000000001
-0.7648,2.4748,2,Price-Sensitive,Blinkit,1601.7444
2.0757,1.1644,3,Price-Sensitive,Blinkit,480.7494
0.4596,-1.0514,0,Loyal Customers,Swiggy Instamart,319.1265
-1.5952,-2.0568,1,At-Risk,Zepto,50.0
0.024,-1.2211,1,At-Risk,Zepto,297.1965
0.5965,0.4321,0,Loyal Customers,Swiggy Instamart,1047.4329999999998
2.2453,-0.3191,0,Loyal Customers,Blinkit,431.5112
0.851,-0.3747,0,Loyal Customers,Blinkit,641.1408
-0.3269,1.2335,3,Price-Sensitive,Zepto,911.62875
-0.2514,0.3387,1,At-Risk,Swiggy Instamart,1241.9465
-0.2186,0.7991,2,Price-Sensitive,Blinkit,575.6484
1.0918,-0.2634,0,Loyal Customers,Zepto,636.7935000000001
-0.9934,0.2883,1,At-Risk,Swiggy Instamart,1276.697
2.9591,-0.1973,0,Loyal Customers,Blinkit,409.84800000000007
0.9836,0.1085,0,Loyal Customers,Zepto,818.313
1.1209,-0.8747,0,Loyal Customers,Swiggy Instamart,285.42999999999995
0.333,-0.7125,0,Loyal Customers,Zepto,486.864
-0.8524,-0.7949,1,At-Risk,Zepto,625.7030000000001
-0.1132,-1.1957,1,At-Risk,Zepto,228.272
1.7814,-1.0953,0,Loyal Customers,Swiggy Instamart,50.0
-1.1226,-0.4109,2,Price-Sensitive,Zepto,50.0
-1.7461,2.3012,2,Price-Sensitive,Zepto,1698.4830000000002
0.9604,1.319,3,Price-Sensitive,Blinkit,721.35
-0.2133,2.4874,3,Price-Sensitive,Swiggy Instamart,1465.2022499999998
-0.4922,-1.1747,1,At-Risk,Swiggy Instamart,422.1344999999999
-1.5224,1.6163,2,Price-Sensitive,Blinkit,1334.8182000000002
2.3514,-0.1162,0,Loyal Customers,Blinkit,541.1744
0.1337,-0.1784,0,Loyal Customers,Zepto,777.7515
0.1761,-0.8585,1,At-Risk,Blinkit,425.9088
-0.1002,3.2628,3,Price-Sensitive,Blinkit,1933.2432
-1.2319,-1.8939,1,At-Risk,Zepto,97.1305
0.5496,0.3815,3,Price-Sensitive,Swiggy Instamart,279.6975
-0.6947,-0.3237,2,Price-Sensitive,Blinkit,50.0
-1.3676,1.5063,2,Price-Sensitive,Blinkit,1142.6508
-1.6105,-0.0625,2,Price-Sensitive,Zepto,351.41025
0.5982,-1.2383,0,Loyal Customers,Blinkit,165.9864
0.2303,0.0263,3,Price-Sensitive,Swiggy Instamart,125.70675
-1.5341,-0.7837,1,At-Risk,Zepto,761.7805
0.6409,0.6796,0,Loyal Customers,Swiggy Instamart,1250.28
-0.0877,-1.6589,1,At-Risk,Swiggy Instamart,50.0
1.603,-0.7327,0,Loyal Customers,Zepto,274.9655
-0.571,0.5321,2,Price-Sensitive,Zepto,453.3637500000001
-1.1528,-1.5328,1,At-Risk,Zepto,275.85600000000005
-1.4311,0.9264,2,Price-Sensitive,Swiggy Instamart,868.365
0.2764,-1.1863,1,At-Risk,Zepto,241.37600000000003
-1.6401,0.5932,2,Price-Sensitive,Blinkit,718.2108000000001
-2.4106,0.1228,2,Price-Sensitive,Zepto,610.0762500000001
-1.0499,0.2955,2,Price-Sensitive,Swiggy Instamart,442.7729999999999
-1.7607,-0.5794,1,At-Risk,Swiggy Instamart,911.5965
-0.7592,-1.5388,1,At-Risk,Zepto,180.398
-1.9334,-0.5369,2,Price-Sensitive,Zepto,121.6215
0.541,0.1114,0,Loyal Customers,Zepto,871.0020000000001
-1.6284,1.1424,2,Price-Sensitive,Blinkit,1023.4026
-0.8773,-1.8867,1,At-Risk,Blinkit,50.0
1.668,1.401,3,Price-Sensitive,Zepto,650.0250000000001
-0.4782,0.0911,2,Price-Sensitive,Blinkit,236.7954
-0.6084,0.1962,2,Price-Sensitive,Zepto,297.86025
-0.7501,-0.7484,1,At-Risk,Zepto,672.588
-1.9947,0.078,2,Price-Sensitive,Zepto,474.78375
-1.1702,-1.3457,1,At-Risk,Swiggy Instamart,452.4789999999999
0.6766,-0.3019,0,Loyal Customers,Zepto,656.4915000000001
-1.9791,-0.7704,1,At-Risk,Zepto,829.7835
0.7351,-0.5478,0,Loyal Customers,Blinkit,502.5564
1.1592,-1.1167,0,Loyal Customers,Zepto,76.77350000000001
1.7774,-0.6981,0,Loyal Customers,Swiggy Instamart,279.2215
-1.1441,0.9032,2,Price-Sensitive,Swiggy Instamart,771.9202499999999
-0.3055,1.4403,2,Price-Sensitive,Blinkit,927.1422
0.3387,-0.8227,1,At-Risk,Swiggy Instamart,497.2295
-0.0246,2.9158,3,Price-Sensitive,Zepto,1685.5837500000002
1.1924,1.8341,3,Price-Sensitive,Swiggy Instamart,886.3739999999999
0.6572,0.5172,3,Price-Sensitive,Swiggy Instamart,390.2505
-0.3793,1.111,3,Price-Sensitive,Zepto,791.0932500000001
0.0257,-1.0005,1,At-Risk,Swiggy Instamart,421.7165
-0.9303,0.8506,2,Price-Sensitive,Swiggy Instamart,758.6205
-0.6386,-0.2319,1,At-Risk,Blinkit,888.9456000000001
2.0764,1.1431,3,Price-Sensitive,Zepto,424.4535
0.7365,-0.6452,0,Loyal Customers,Swiggy Instamart,519.0065
-0.0678,-0.3402,1,At-Risk,Zepto,726.039
-0.2272,-1.6632,1,At-Risk,Zepto,50.0
0.446,-1.1429,0,Loyal Customers,Swiggy Instamart,260.1735
1.7689,0.3168,0,Loyal Customers,Blinkit,856.9172000000001
0.9085,1.9055,3,Price-Sensitive,Swiggy Instamart,1035.18975
-1.1438,-1.9207,1,At-Risk,Zepto,50.0
0.2545,2.1021,3,Price-Sensitive,Swiggy Instamart,1221.9555
-0.8464,-1.5269,1,At-Risk,Blinkit,281.0172
-0.2387,-0.9868,1,At-Risk,Blinkit,467.9868
0.1112,-1.5711,1,At-Risk,Swiggy Instamart,50.0
-1.2051,2.2793,2,Price-Sensitive,Swiggy Instamart,1635.4342499999998
-0.691,-0.6444,1,At-Risk,Zepto,699.669
-0.8688,-1.0444,1,At-Risk,Zepto,488.6045
1.2886,1.6886,3,Price-Sensitive,Swiggy Instamart,888.3059999999999
-0.8035,-1.0212,1,At-Risk,Blinkit,525.9816000000001
0.1357,-1.6145,1,At-Risk,Zepto,50.0
-1.6122,-0.2813,1,At-Risk,Zepto,1021.0425
2.4733,-0.353,0,Loyal Customers,Zepto,363.2625000000001
-0.9709,-1.1192,1,At-Risk,Zepto,446.4705
-2.3305,1.6468,2,Price-Sensitive,Zepto,1368.1867500000003
-1.273,-0.6276,1,At-Risk,Zepto,833.519
-2.6159,0.924,2,Price-Sensitive,Zepto,1068.79725
0.8386,0.7637,3,Price-Sensitive,Swiggy Instamart,456.711
-0.5362,1.4597,2,Price-Sensitive,Blinkit,1025.4114
-0.1552,-1.6234,1,At-Risk,Blinkit,50.0
-0.511,-0.5733,1,At-Risk,Zepto,736.9995000000001
1.0656,0.3051,0,Loyal Customers,Swiggy Instamart,951.464
1.1684,-0.9902,0,Loyal Customers,Blinkit,242.58
-0.0229,-0.3021,1,At-Risk,Blinkit,751.5396000000001
0.6582,-1.1522,0,Loyal Customers,Zepto,164.28300000000002
0.0874,-1.2192,1,At-Risk,Zepto,274.875
0.0645,-1.5638,1,At-Risk,Swiggy Instamart,75.463
0.6041,0.5396,0,Loyal Customers,Blinkit,1177.9884000000002
-0.6465,0.1808,1,At-Risk,Zepto,1100.2795
-1.3692,0.5399,2,Price-Sensitive,Swiggy Instamart,601.1054999999999
-1.9359,1.9192,2,Price-Sensitive,Swiggy Instamart,1535.72925
-0.7929,-0.8752,1,At-Risk,Blinkit,608.6448
-1.4888,1.4255,2,Price-Sensitive,Blinkit,1164.7476
0.2227,-1.6229,1,At-Risk,Zepto,50.0
-0.4501,1.3886,2,Price-Sensitive,Blinkit,862.4670000000001
-1.3298,-1.2973,1,At-Risk,Zepto,406.644
-0.66,1.3817,2,Price-Sensitive,Zepto,996.04575
-1.1829,1.0003,2,Price-Sensitive,Swiggy Instamart,829.5397499999999
-0.0468,-1.6512,1,At-Risk,Swiggy Instamart,50.0
-1.2453,0.5889,2,Price-Sensitive,Swiggy Instamart,724.6514999999999
0.0235,-0.9698,1,At-Risk,Swiggy Instamart,414.911
0.4204,-0.8215,0,Loyal Customers,Swiggy Instamart,454.0455
1.5718,-0.0327,0,Loyal Customers,Blinkit,608.6556
-2.3564,0.8802,2,Price-Sensitive,Zepto,1025.60175
-1.8989,-0.3417,1,At-Risk,Zepto,1074.8615
1.8756,0.4801,3,Price-Sensitive,Blinkit,120.2508
-1.7922,-0.3278,1,At-Risk,Blinkit,1114.128
-0.0638,-1.0083,1,At-Risk,Zepto,374.9865
-1.409,-0.6032,1,At-Risk,Swiggy Instamart,857.6034999999999
-0.86,-0.4024,1,At-Risk,Blinkit,846.3096
-0.5907,0.6519,2,Price-Sensitive,Blinkit,624.7368
1.2745,-1.2056,0,Loyal Customers,Swiggy Instamart,59.869
2.9925,1.0243,3,Price-Sensitive,Swiggy Instamart,246.558
-1.3119,-0.9741,1,At-Risk,Zepto,592.439
1.756,0.1096,0,Loyal Customers,Zepto,766.9770000000001
0.2243,-1.5551,1,At-Risk,Swiggy Instamart,50.0
-1.0554,1.7449,2,Price-Sensitive,Blinkit,1238.0544000000002
-0.9697,0.549,2,Price-Sensitive,Zepto,519.249
0.186,-0.4626,0,Loyal Customers,Zepto,587.3280000000001
-1.9739,1.0121,2,Price-Sensitive,Zepto,1007.8425
2.4004,-0.1032,0,Loyal Customers,Blinkit,532.9556000000001
0.4183,2.1689,3,Price-Sensitive,Swiggy Instamart,1254.6735
1.7605,0.2237,0,Loyal Customers,Swiggy Instamart,806.1999999999999
1.2274,0.9773,0,Loyal Customers,Swiggy Instamart,1296.6825
0.2256,0.3048,3,Price-Sensitive,Swiggy Instamart,252.52275
-0.7424,1.4809,2,Price-Sensitive,Blinkit,1028.9784000000002
-0.7032,0.05,2,Price-Sensitive,Swiggy Instamart,289.10625000000005
1.0931,0.23,0,Loyal Customers,Blinkit,910.5588
-1.6591,1.5079,2,Price-Sensitive,Blinkit,1222.6092
-0.2147,2.0709,3,Price-Sensitive,Swiggy Instamart,1326.86625
0.0798,1.3557,3,Price-Sensitive,Blinkit,842.481
0.3676,-0.8551,1,At-Risk,Zepto,377.54
-0.8352,-1.7167,1,At-Risk,Zepto,75.3165
-0.8566,-0.7847,1,At-Risk,Swiggy Instamart,644.4944999999999
-0.3924,1.2134,2,Price-Sensitive,Swiggy Instamart,818.9265
-0.1067,-1.0402,1,At-Risk,Blinkit,430.8336000000001
-1.0771,-1.3563,1,At-Risk,Zepto,314.74300000000005
-0.8918,-0.6099,1,At-Risk,Blinkit,792.6768000000001
-1.4846,0.8843,2,Price-Sensitive,Zepto,865.5727500000002
-1.8615,-0.805,1,At-Risk,Swiggy Instamart,836.3979999999999
-2.1955,0.6654,2,Price-Sensitive,Zepto,804.7620000000001
-1.0516,2.2054,2,Price-Sensitive,Zepto,1499.41575
1.2721,-0.5768,0,Loyal Customers,Zepto,332.325
1.5415,0.4045,3,Price-Sensitive,Swiggy Instamart,50.0
-1.6422,1.9331,2,Price-Sensitive,Zepto,1401.939
2.1658,-0.59,0,Loyal Customers,Swiggy Instamart,261.6735
-0.0954,-1.5457,1,At-Risk,Swiggy Instamart,119.84549999999996
1.4852,-0.027,0,Loyal Customers,Blinkit,666.9432
-0.4794,0.4461,1,At-Risk,Swiggy Instamart,1249.696
0.6337,-0.2687,0,Loyal Customers,Swiggy Instamart,692.1619999999999
0.2843,0.0736,0,Loyal Customers,Blinkit,993.4152
0.391,-1.2761,0,Loyal Customers,Zepto,92.7255
1.7309,-0.4375,0,Loyal Customers,Blinkit,426.8576000000001
-0.1975,-0.1776,1,At-Risk,Zepto,875.5005
0.2082,-0.0739,2,Price-Sensitive,Zepto,50.0
-1.2464,0.2057,2,Price-Sensitive,Zepto,402.57225000000005
2.1264,-0.996,0,Loyal Customers,Blinkit,50.0
0.0722,-0.9025,1,At-Risk,Swiggy Instamart,452.6284999999999
1.4251,0.4713,0,Loyal Customers,Swiggy Instamart,987.643
-2.4465,1.1312,2,Price-Sensitive,Zepto,1165.42125
-0.2396,0.5934,3,Price-Sensitive,Zepto,476.5027500000001
0.3093,-1.5091,1,At-Risk,Blinkit,50.0
-2.4906,1.2675,2,Price-Sensitive,Zepto,1215.8055000000002
-0.1349,0.3803,2,Price-Sensitive,Blinkit,441.4158
-0.5858,-0.2375,1,At-Risk,Swiggy Instamart,953.3959999999998
-0.5081,-1.0171,1,At-Risk,Swiggy Instamart,536.3829999999999
-1.5772,-1.0362,1,At-Risk,Zepto,575.2795000000001
2.9741,0.3089,0,Loyal Customers,Blinkit,661.6932
0.4395,-1.3816,1,At-Risk,Blinkit,56.5488
-0.7041,-0.3718,1,At-Risk,Swiggy Instamart,865.9499999999999
0.7024,2.8843,3,Price-Sensitive,Swiggy Instamart,1608.9112499999997
0.901,0.1707,0,Loyal Customers,Blinkit,891.6696000000001
0.2346,-0.6451,0,Loyal Customers,Zepto,537.3035
-0.3562,0.3565,1,At-Risk,Zepto,1184.2655
1.671,-0.5725,0,Loyal Customers,Blinkit,382.1124
-1.0315,0.7981,2,Price-Sensitive,Swiggy Instamart,692.5492499999999
-0.0131,0.3874,3,Price-Sensitive,Zepto,274.98225
1.1842,-0.4612,0,Loyal Customers,Swiggy Instamart,460.6325
1.6052,1.9613,3,Price-Sensitive,Swiggy Instamart,945.9097499999998
-0.4844,-1.1484,1,At-Risk,Blinkit,435.0348
2.0936,-0.9356,0,Loyal Customers,Swiggy Instamart,50.0
0.0227,-0.7277,1,At-Risk,Swiggy Instamart,574.4495
-1.4598,0.0602,2,Price-Sensitive,Blinkit,381.4452
0.1618,-0.5168,0,Loyal Customers,Zepto,646.5060000000001
0.7577,-0.379,0,Loyal Customers,Blinkit,668.994
-0.5757,-0.5801,1,At-Risk,Blinkit,703.3284000000001
-0.0871,-0.6318,1,At-Risk,Blinkit,679.9464
-0.4035,-0.4805,1,At-Risk,Swiggy Instamart,770.73
1.6399,1.7008,3,Price-Sensitive,Blinkit,732.1608
2.9274,1.3395,0,Loyal Customers,Blinkit,1218.7572
0.642,0.1803,3,Price-Sensitive,Zepto,80.83125000000001
0.6125,3.2664,3,Price-Sensitive,Blinkit,1783.0398
-0.2415,-1.4335,1,At-Risk,Zepto,153.55200000000002
-0.9017,-0.6211,1,At-Risk,Zepto,718.4050000000001
0.7381,-0.8333,0,Loyal Customers,Swiggy Instamart,384.3085
-1.734,0.9088,2,Price-Sensitive,Blinkit,947.7828
-0.3176,-0.6791,1,At-Risk,Blinkit,619.6068000000001
-0.6054,0.4724,2,Price-Sensitive,Zepto,459.88425000000007
-1.0274,-0.2179,1,At-Risk,Blinkit,1049.22
1.3214,-0.3695,0,Loyal Customers,Blinkit,561.4044
0.0123,-0.9065,1,At-Risk,Blinkit,481.14
1.308,-0.7982,0,Loyal Customers,Swiggy Instamart,285.591
-1.0775,-0.8917,1,At-Risk,Swiggy Instamart,674.4544999999999
-0.1514,-0.4166,1,At-Risk,Blinkit,767.3312000000001
-1.2243,1.0793,2,Price-Sensitive,Blinkit,903.0816
0.7059,-0.1151,0,Loyal Customers,Swiggy Instamart,876.3599999999999
-1.3873,-0.5909,1,At-Risk,Swiggy Instamart,875.9089999999999
0.4142,-0.9355,0,Loyal Customers,Blinkit,406.1124
-0.1424,-0.4014,1,At-Risk,Zepto,692.0255
0.1953,2.2038,3,Price-Sensitive,Zepto,1250.35725
2.1237,-0.8187,0,Loyal Customers,Swiggy Instamart,162.01199999999997
1.9535,0.63,0,Loyal Customers,Zepto,935.922
-0.3501,-0.2581,2,Price-Sensitive,Swiggy Instamart,50.0
1.2017,-1.1671,0,Loyal Customers,Zepto,59.2515
1.3999,-0.3232,0,Loyal Customers,Swiggy Instamart,587.259
-0.8768,1.1103,2,Price-Sensitive,Swiggy Instamart,945.783
-0.0278,-0.8642,1,At-Risk,Swiggy Instamart,496.0155
-0.0352,1.1173,3,Price-Sensitive,Zepto,717.8497500000001
3.2901,0.8832,3,Price-Sensitive,Blinkit,50.0
-1.1645,-1.021,1,At-Risk,Blinkit,603.4284
0.0948,2.3186,3,Price-Sensitive,Swiggy Instamart,1384.6575
-0.7212,-1.117,1,At-Risk,Zepto,386.673
-0.331,0.2486,1,At-Risk,Zepto,1151.619
-0.3766,-1.0932,1,At-Risk,Zepto,420.5475
-0.9044,-1.1276,1,At-Risk,Swiggy Instamart,490.682
-0.915,-0.6288,1,At-Risk,Swiggy Instamart,776.227
-0.5716,-1.8562,1,At-Risk,Swiggy Instamart,50.0
-0.1542,-0.4741,1,At-Risk,Blinkit,681.5648
1.3509,-0.7456,0,Loyal Customers,Swiggy Instamart,414.2325
-0.374,1.6955,3,Price-Sensitive,Zepto,1034.20125
-0.7429,0.0058,1,At-Risk,Zepto,1031.7825
-0.0157,-1.3124,1,At-Risk,Zepto,251.603
1.5325,-0.5401,0,Loyal Customers,Blinkit,367.0272
-0.2307,0.6048,1,At-Risk,Swiggy Instamart,1308.9185
1.3713,-1.1507,0,Loyal Customers,Blinkit,50.0
-0.593,-1.139,1,At-Risk,Zepto,405.363
1.3388,0.9365,3,Price-Sensitive,Blinkit,397.8882
-1.612,1.0389,2,Price-Sensitive,Zepto,961.67925
-1.138,-1.7967,1,At-Risk,Zepto,116.2875
0.3017,-0.0445,0,Loyal Customers,Blinkit,911.4132
0.2877,-0.7772,1,At-Risk,Blinkit,459.9692
-0.1524,0.9708,2,Price-Sensitive,Blinkit,633.8226000000001
-1.646,-0.6283,1,At-Risk,Zepto,841.465
0.039,-0.0723,0,Loyal Customers,Zepto,890.274
1.4496,-0.1985,0,Loyal Customers,Zepto,595.2705000000001
-0.2862,-0.8498,1,At-Risk,Zepto,506.9455
1.2551,-0.9206,0,Loyal Customers,Swiggy Instamart,241.803
-1.3001,-0.8507,1,At-Risk,Swiggy Instamart,749.5239999999999
-0.0404,-1.0563,1,At-Risk,Swiggy Instamart,370.8865
-0.286,-1.4648,1,At-Risk,Zepto,194.49350000000004
-0.1155,-0.877,1,At-Risk,Zepto,428.484
1.6638,0.0547,0,Loyal Customers,Blinkit,695.8628
-0.7301,-1.6992,1,At-Risk,Zepto,89.1135
2.3677,-0.3287,0,Loyal Customers,Blinkit,466.6344
-0.9251,-0.8259,1,At-Risk,Swiggy Instamart,688.3235
0.9925,-0.7936,0,Loyal Customers,Zepto,334.0595
0.7088,0.1293,3,Price-Sensitive,Blinkit,50.0
-0.7961,-0.7486,1,At-Risk,Zepto,619.626
0.6462,-0.9052,0,Loyal Customers,Blinkit,348.49320000000006
-0.0321,1.5654,3,Price-Sensitive,Zepto,959.7735
-1.4718,1.0966,2,Price-Sensitive,Blinkit,955.7694
0.2621,1.4978,3,Price-Sensitive,Zepto,902.0025
1.1175,0.2191,3,Price-Sensitive,Swiggy Instamart,50.0
1.36,-0.3314,0,Loyal Customers,Swiggy Instamart,557.602
-1.3577,-1.5016,1,At-Risk,Zepto,338.163
0.3872,1.6926,3,Price-Sensitive,Blinkit,1009.89
0.915,0.7864,3,Price-Sensitive,Blinkit,369.714
1.5846,-1.188,0,Loyal Customers,Zepto,50.0
-0.1171,-0.839,1,At-Risk,Swiggy Instamart,533.1859999999999
-1.1262,-0.9736,1,At-Risk,Blinkit,631.748
2.3369,-0.8468,0,Loyal Customers,Zepto,149.24100000000004
1.2221,-1.3246,0,Loyal Customers,Zepto,50.0
-0.933,-0.8582,1,At-Risk,Zepto,559.902
-0.6696,1.2671,2,Price-Sensitive,Swiggy Instamart,957.94425
-0.1756,-0.7607,1,At-Risk,Zepto,557.6255000000001
-1.7089,1.2911,2,Price-Sensitive,Zepto,1095.13725
2.3164,2.873,3,Price-Sensitive,Swiggy Instamart,1318.35225
-0.7875,0.3786,2,Price-Sensitive,Zepto,426.34875
-0.1053,-1.3644,1,At-Risk,Zepto,140.695
-2.2198,0.439,2,Price-Sensitive,Swiggy Instamart,726.0052499999999
-1.1295,0.8034,2,Price-Sensitive,Swiggy Instamart,768.02175
-0.5468,-0.535,1,At-Risk,Blinkit,756.2268000000001
-0.8153,0.527,2,Price-Sensitive,Blinkit,526.176
0.6626,1.5735,3,Price-Sensitive,Swiggy Instamart,925.9454999999998
-0.816,-1.34,1,At-Risk,Swiggy Instamart,319.4435
-1.8395,-2.0517,1,At-Risk,Zepto,146.10750000000002
1.769,1.1454,3,Price-Sensitive,Swiggy Instamart,451.66275
0.8748,1.714,3,Price-Sensitive,Swiggy Instamart,882.2512499999998
-0.502,0.973,2,Price-Sensitive,Zepto,640.3560000000001
0.2668,-1.3276,1,At-Risk,Swiggy Instamart,121.3855
1.309,-0.0503,0,Loyal Customers,Zepto,666.0905
-1.4662,0.2066,2,Price-Sensitive,Swiggy Instamart,441.7575
2.1177,-0.2697,0,Loyal Customers,Swiggy Instamart,420.7505
0.5745,-1.0273,0,Loyal Customers,Zepto,283.6365
2.817,0.5662,0,Loyal Customers,Swiggy Instamart,861.4675
2.7567,2.1933,3,Price-Sensitive,Swiggy Instamart,940.3529999999998
-0.5966,-0.3777,2,Price-Sensitive,Swiggy Instamart,50.0
-0.3952,0.4761,2,Price-Sensitive,Zepto,423.612
-0.9809,-0.8534,1,At-Risk,Zepto,667.8945000000001
-1.5633,-1.0087,1,At-Risk,Zepto,622.1565
-1.4555,-0.2717,2,Price-Sensitive,Zepto,173.38425
0.9918,0.826,3,Price-Sensitive,Blinkit,366.8652
-0.3618,1.1414,3,Price-Sensitive,Swiggy Instamart,734.2679999999999
1.2822,-1.0255,0,Loyal Customers,Swiggy Instamart,172.099
-0.3129,-1.2059,1,At-Risk,Blinkit,388.992
-0.5773,-0.5791,1,At-Risk,Swiggy Instamart,712.862
-0.9207,0.8854,2,Price-Sensitive,Swiggy Instamart,751.18575
-1.7788,1.7549,2,Price-Sensitive,Zepto,1333.87575
1.0587,0.2417,0,Loyal Customers,Blinkit,907.6008
-1.563,-0.8336,1,At-Risk,Zepto,738.9585
-1.0373,-1.0727,1,At-Risk,Blinkit,488.6244
-2.2827,0.4517,2,Price-Sensitive,Zepto,727.3192500000001
0.2774,0.1748,3,Price-Sensitive,Blinkit,146.60580000000004
-1.8381,1.4461,2,Price-Sensitive,Zepto,1185.5655000000002
0.7908,1.5563,3,Price-Sensitive,Blinkit,803.5686000000001
-1.2368,-1.2003,1,At-Risk,Blinkit,485.244
-1.6575,-1.0901,1,At-Risk,Zepto,630.1785
2.0141,0.0891,0,Loyal Customers,Swiggy Instamart,632.155
1.5116,-0.0705,0,Loyal Customers,Blinkit,668.2844
-0.6377,1.9583,2,Price-Sensitive,Blinkit,1259.7444
-0.8408,-1.2975,1,At-Risk,Zepto,341.9955
-1.7403,-1.6098,1,At-Risk,Blinkit,309.136
1.9967,0.2917,0,Loyal Customers,Swiggy Instamart,795.6069999999999
-0.2861,-0.5147,1,At-Risk,Blinkit,651.9064000000001
-1.1082,-1.874,1,At-Risk,Zepto,50.0
2.0537,-0.5495,0,Loyal Customers,Swiggy Instamart,282.8425
0.5139,-0.0436,0,Loyal Customers,Swiggy Instamart,882.6249999999999
-1.3041,1.0117,2,Price-Sensitive,Swiggy Instamart,905.7975
-1.2515,1.1739,2,Price-Sensitive,Zepto,954.62625
-0.6272,-0.3492,1,At-Risk,Blinkit,803.3808
0.8786,1.3462,3,Price-Sensitive,Blinkit,721.0296
1.0259,-1.4067,0,Loyal Customers,Blinkit,50.0
-1.0088,0.7967,1,At-Risk,Blinkit,1566.0524
0.1849,1.8154,3,Price-Sensitive,Swiggy Instamart,1096.0649999999998
-0.9741,1.7528,2,Price-Sensitive,Swiggy Instamart,1235.8462499999998
-1.2869,-0.761,1,At-Risk,Swiggy Instamart,800.331
-2.3442,-0.7534,1,At-Risk,Zepto,911.9145
3.2565,0.2266,0,Loyal Customers,Swiggy Instamart,606.018
-1.3381,-1.769,1,At-Risk,Zepto,210.063
-0.7637,-0.6579,1,At-Risk,Zepto,728.0550000000001
-1.925,2.5752,2,Price-Sensitive,Swiggy Instamart,1876.1565
1.3135,-0.3384,0,Loyal Customers,Zepto,481.5
-0.2141,-1.2824,1,At-Risk,Zepto,241.7415
1.1115,-1.1081,0,Loyal Customers,Zepto,87.6935
1.9247,-0.2124,0,Loyal Customers,Swiggy Instamart,507.564
0.1723,-0.3101,0,Loyal Customers,Swiggy Instamart,796.0609999999999
-0.37,-0.7998,1,At-Risk,Blinkit,595.0584
0.4466,-0.8725,1,At-Risk,Blinkit,404.8676
-0.4857,-0.3042,2,Price-Sensitive,Swiggy Instamart,50.0
2.1148,-0.6507,0,Loyal Customers,Blinkit,241.596
-2.4809,1.5293,2,Price-Sensitive,Blinkit,1358.1708
-0.1207,-1.6552,1,At-Risk,Swiggy Instamart,50.0
0.5448,-0.3966,0,Loyal Customers,Swiggy Instamart,646.231
0.6278,-1.5074,0,Loyal Customers,Swiggy Instamart,50.0
0.0199,-0.4221,1,At-Risk,Blinkit,685.0236
0.7381,1.2874,3,Price-Sensitive,Zepto,719.43525
0.752,-0.5822,0,Loyal Customers,Blinkit,472.2516
-0.2662,1.6757,3,Price-Sensitive,Blinkit,1104.7392
1.4966,0.5121,0,Loyal Customers,Blinkit,977.2676
-1.2373,-1.1953,1,At-Risk,Zepto,429.261
0.4376,1.775,3,Price-Sensitive,Blinkit,1063.9026
1.1719,-0.0969,0,Loyal Customers,Blinkit,683.7128
-1.2153,0.4373,2,Price-Sensitive,Zepto,577.3950000000001
-1.8607,0.7444,2,Price-Sensitive,Zepto,829.86975
-1.0898,2.228,2,Price-Sensitive,Blinkit,1542.888
-0.4657,-0.2154,2,Price-Sensitive,Zepto,57.53475
0.2442,-0.5394,0,Loyal Customers,Zepto,565.8425000000001
-1.5817,-1.1801,1,At-Risk,Zepto,526.386
0.7785,-0.9796,0,Loyal Customers,Swiggy Instamart,266.3055
0.3242,1.1145,3,Price-Sensitive,Swiggy Instamart,705.2144999999999
1.2957,-0.8387,0,Loyal Customers,Zepto,190.9125
-0.8519,-1.2315,1,At-Risk,Blinkit,416.0484000000001
-1.4061,-0.1412,1,At-Risk,Zepto,1083.306
0.8725,1.3874,3,Price-Sensitive,Blinkit,724.9476000000001
1.3582,2.6615,3,Price-Sensitive,Swiggy Instamart,1423.7865000000002
1.4468,1.2218,3,Price-Sensitive,Swiggy Instamart,568.8187499999999
-1.1469,-0.469,1,At-Risk,Zepto,866.525
0.0053,3.4902,3,Price-Sensitive,Swiggy Instamart,2080.64325
1.6463,0.686,3,Price-Sensitive,Swiggy Instamart,234.4965
1.0587,0.2403,0,Loyal Customers,Swiggy Instamart,912.0845
0.1926,2.4307,3,Price-Sensitive,Swiggy Instamart,1455.0412499999998
-0.0742,0.4423,3,Price-Sensitive,Zepto,404.2552500000001
-1.026,-0.3192,1,At-Risk,Zepto,954.387
-0.0103,-1.1739,1,At-Risk,Blinkit,248.332
-1.4309,-1.5712,1,At-Risk,Zepto,264.545
1.4311,0.1561,0,Loyal Customers,Blinkit,797.4084
-0.2328,0.5355,2,Price-Sensitive,Swiggy Instamart,419.946
-2.3022,2.0957,2,Price-Sensitive,Zepto,1689.1245
1.8228,-0.9328,0,Loyal Customers,Swiggy Instamart,107.7895
0.07,-0.6683,1,At-Risk,Zepto,503.68050000000005
-0.1166,-1.1956,1,At-Risk,Blinkit,322.2084
-0.2153,-0.7365,1,At-Risk,Blinkit,527.6772
0.4557,-0.5063,0,Loyal Customers,Zepto,560.2295
0.2544,-0.9819,1,At-Risk,Blinkit,374.2652
-0.1136,-1.2554,1,At-Risk,Blinkit,283.28400000000005
0.7066,-1.1581,0,Loyal Customers,Zepto,171.36
1.0994,-1.2753,0,Loyal Customers,Zepto,50.0
-0.2696,-0.5183,1,At-Risk,Blinkit,658.5192000000001
-0.5989,1.7423,2,Price-Sensitive,Swiggy Instamart,1229.649
1.4327,1.9186,3,Price-Sensitive,Blinkit,918.3582
-1.2015,2.6367,2,Price-Sensitive,Blinkit,1807.1388
0.4253,1.5357,3,Price-Sensitive,Blinkit,885.2652
1.0384,-1.105,0,Loyal Customers,Zepto,175.78500000000005
-0.1077,0.3447,1,At-Risk,Swiggy Instamart,1149.8415
0.5402,0.035,3,Price-Sensitive,Blinkit,50.0
-1.2253,-1.0759,1,At-Risk,Zepto,545.5565
1.1972,-0.835,0,Loyal Customers,Swiggy Instamart,269.813
-2.0613,-1.4633,1,At-Risk,Zepto,464.1
0.1109,-1.1334,1,At-Risk,Zepto,327.31850000000003
-0.1176,-0.5305,1,At-Risk,Swiggy Instamart,677.502
2.031,-0.5908,0,Loyal Customers,Swiggy Instamart,283.323
2.2562,-0.9204,0,Loyal Customers,Swiggy Instamart,50.0
-0.677,-1.7974,1,At-Risk,Zepto,70.47600000000001
-1.7121,0.9144,2,Price-Sensitive,Blinkit,924.2424
0.5966,-1.4316,0,Loyal Customers,Zepto,70.665
0.083,1.212,3,Price-Sensitive,Swiggy Instamart,815.0452499999999
-0.6431,-0.0993,1,At-Risk,Swiggy Instamart,1009.134
0.1862,0.2854,0,Loyal Customers,Zepto,1088.4635
-0.481,0.6455,2,Price-Sensitive,Swiggy Instamart,560.0504999999999
1.4799,0.2597,0,Loyal Customers,Swiggy Instamart,820.0305
0.9623,0.34,3,Price-Sensitive,Swiggy Instamart,91.908
-1.6478,-0.5111,2,Price-Sensitive,Zepto,66.84299999999999
1.7804,0.5661,0,Loyal Customers,Swiggy Instamart,966.5405
0.1197,-0.9107,1,At-Risk,Zepto,356.1995
0.0304,1.3633,3,Price-Sensitive,Blinkit,885.1518000000001
2.2113,-1.081,0,Loyal Customers,Zepto,50.0
-1.9412,1.8316,2,Price-Sensitive,Swiggy Instamart,1511.7862499999997
-0.2573,-0.8398,1,At-Risk,Swiggy Instamart,519.1409999999998
0.5758,0.1783,3,Price-Sensitive,Zepto,62.63775000000001
-0.2479,-1.2627,1,At-Risk,Zepto,292.35350000000005
-0.6887,1.1789,2,Price-Sensitive,Swiggy Instamart,878.0594999999998
-0.4512,0.1855,2,Price-Sensitive,Swiggy Instamart,271.82550000000003
1.6024,-0.8486,0,Loyal Customers,Blinkit,190.3932
-0.5174,1.4682,2,Price-Sensitive,Blinkit,982.5642
2.1052,-0.6902,0,Loyal Customers,Blinkit,254.5752
0.8597,0.8341,3,Price-Sensitive,Swiggy Instamart,515.88225
-0.1706,-1.0805,1,At-Risk,Swiggy Instamart,388.102
-0.817,-0.4688,1,At-Risk,Swiggy Instamart,817.4789999999999
-2.1613,0.4815,2,Price-Sensitive,Zepto,772.57125
-0.9862,2.0556,2,Price-Sensitive,Blinkit,1408.8006
-1.71,-0.4969,1,At-Risk,Zepto,905.457
-0.3776,-0.3485,1,At-Risk,Blinkit,839.6012000000001
0.9432,0.1823,3,Price-Sensitive,Blinkit,62.06400000000001
2.0426,1.8778,3,Price-Sensitive,Swiggy Instamart,780.2407499999999
-1.1321,1.5744,2,Price-Sensitive,Zepto,1128.078
2.9862,2.0908,3,Price-Sensitive,Blinkit,791.0442
-0.1912,-0.9882,1,At-Risk,Blinkit,426.83760000000007
-1.0222,-1.2252,1,At-Risk,Blinkit,431.90280000000007
0.7744,-0.4339,0,Loyal Customers,Swiggy Instamart,631.9504999999999
0.6815,2.4879,3,Price-Sensitive,Blinkit,1405.9494
0.457,2.6821,3,Price-Sensitive,Zepto,1504.2375000000002
-2.0951,-1.5705,1,At-Risk,Zepto,478.3485
0.12,0.5709,3,Price-Sensitive,Zepto,401.949
-1.4921,-1.6255,1,At-Risk,Zepto,248.094
-0.9606,-1.0493,1,At-Risk,Zepto,512.937
0.2455,-1.2504,1,At-Risk,Blinkit,201.8496
1.8447,-0.099,0,Loyal Customers,Blinkit,602.046
-1.6061,-1.3473,1,At-Risk,Zepto,459.0495
-0.4866,-0.4169,1,At-Risk,Blinkit,863.0280000000001
-0.8676,-1.3353,1,At-Risk,Zepto,374.852
-1.3739,0.4809,2,Price-Sensitive,Swiggy Instamart,613.6859999999999
-0.0678,-0.7352,1,At-Risk,Blinkit,521.9932000000001
-0.608,-0.9743,1,At-Risk,Swiggy Instamart,538.338
-1.6713,1.9661,2,Price-Sensitive,Zepto,1455.37125
0.944,-0.2585,0,Loyal Customers,Swiggy Instamart,690.0805
2.0835,0.1058,0,Loyal Customers,Blinkit,643.0224000000001
0.9471,-0.7164,0,Loyal Customers,Swiggy Instamart,418.19
2.0723,-0.6927,0,Loyal Customers,Swiggy Instamart,277.61249999999995
-1.8167,-1.8735,1,At-Risk,Zepto,212.8245
0.6736,-0.6338,0,Loyal Customers,Swiggy Instamart,465.1865
1.0253,0.5146,3,Price-Sensitive,Swiggy Instamart,190.56075
-1.2557,-0.7714,1,At-Risk,Zepto,721.568
0.1756,-0.8788,1,At-Risk,Swiggy Instamart,436.2835
0.1806,-0.6164,0,Loyal Customers,Zepto,571.626
-1.9068,-0.9146,1,At-Risk,Zepto,690.8475000000001
-1.6029,1.6679,2,Price-Sensitive,Swiggy Instamart,1350.42825
0.4464,2.2755,3,Price-Sensitive,Blinkit,1304.2416
-0.0125,1.2374,3,Price-Sensitive,Blinkit,715.4196000000001
-0.8191,0.9058,2,Price-Sensitive,Zepto,770.9625000000001
0.3151,-1.1419,0,Loyal Customers,Swiggy Instamart,297.712
-0.811,-1.1285,1,At-Risk,Blinkit,513.5804
-1.0942,-1.2227,1,At-Risk,Swiggy Instamart,480.5735
1.0482,-1.2847,0,Loyal Customers,Zepto,50.0
-0.6182,1.7273,2,Price-Sensitive,Blinkit,1192.4472
0.1721,-1.6106,1,At-Risk,Swiggy Instamart,50.0
-1.3608,1.1689,2,Price-Sensitive,Zepto,939.285
-1.824,0.5775,2,Price-Sensitive,Zepto,725.30325
-0.4402,-1.4481,1,At-Risk,Blinkit,194.0004
0.1417,1.8926,3,Price-Sensitive,Swiggy Instamart,1164.732
0.9694,-0.1774,0,Loyal Customers,Swiggy Instamart,757.0819999999999
-0.9232,-0.0562,1,At-Risk,Swiggy Instamart,1074.6635
-1.339,-1.1738,1,At-Risk,Zepto,527.942
-0.2656,-1.1336,1,At-Risk,Swiggy Instamart,370.5455
-0.3004,-0.1427,1,At-Risk,Blinkit,929.4128
-0.2893,-0.7359,1,At-Risk,Blinkit,585.8004000000001
-0.219,2.2345,3,Price-Sensitive,Blinkit,1359.1314000000002
0.2449,-1.0826,0,Loyal Customers,Zepto,310.044
1.0738,-0.278,0,Loyal Customers,Blinkit,595.8264
1.8476,-0.2828,0,Loyal Customers,Swiggy Instamart,456.213
-1.7408,-1.028,1,At-Risk,Zepto,672.3629999999999
1.1714,-1.2264,0,Loyal Customers,Blinkit,50.0
-1.4955,-0.2621,1,At-Risk,Blinkit,1034.964
-0.809,-1.7279,1,At-Risk,Swiggy Instamart,106.378
-0.9298,2.6217,2,Price-Sensitive,Blinkit,1713.8010000000002
0.6035,-0.0574,0,Loyal Customers,Blinkit,844.3236
0.8667,-0.9852,0,Loyal Customers,Zepto,232.4385
-0.4827,-1.7623,1,At-Risk,Zepto,50.0
-0.6442,-1.3466,1,At-Risk,Zepto,265.7085
-0.6132,-1.2648,1,At-Risk,Swiggy Instamart,369.9895
3.2885,0.5175,0,Loyal Customers,Swiggy Instamart,687.4954999999999
-1.137,1.1467,2,Price-Sensitive,Swiggy Instamart,945.072
0.8995,1.8301,3,Price-Sensitive,Zepto,1031.1750000000002
1.4882,0.1182,0,Loyal Customers,Swiggy Instamart,759.1839999999999
1.1562,0.191,3,Price-Sensitive,Blinkit,102.85200000000002
0.179,-1.6378,1,At-Risk,Swiggy Instamart,50.0
-0.8857,-1.4594,1,At-Risk,Swiggy Instamart,287.5805
-0.7613,1.3631,2,Price-Sensitive,Zepto,957.9307500000002
0.8007,-1.5357,0,Loyal Customers,Blinkit,50.0
-0.6021,-0.6066,1,At-Risk,Swiggy Instamart,736.842
1.7536,0.1155,0,Loyal Customers,Swiggy Instamart,738.9865
0.0159,-0.7181,1,At-Risk,Zepto,501.6165
-1.1569,-1.1885,1,At-Risk,Swiggy Instamart,526.2874999999999
1.2826,1.7579,3,Price-Sensitive,Swiggy Instamart,834.879
-0.3629,-0.2808,1,At-Risk,Zepto,770.0595000000001
0.5727,-1.0067,0,Loyal Customers,Zepto,283.34250000000003
-0.6816,-1.0152,1,At-Risk,Zepto,507.3095
0.6414,-0.987,0,Loyal Customers,Zepto,305.046
-1.2833,-1.9543,1,At-Risk,Zepto,118.524
-1.604,-0.6601,1,At-Risk,Zepto,797.3805
1.5625,-0.5834,0,Loyal Customers,Blinkit,362.6328
-1.4475,-1.5515,1,At-Risk,Zepto,338.5215
1.9995,-0.4652,0,Loyal Customers,Blinkit,351.8424
0.1736,1.5908,3,Price-Sensitive,Blinkit,994.2426000000002
-1.6742,1.0704,2,Price-Sensitive,Swiggy Instamart,942.11325
0.8347,1.7568,3,Price-Sensitive,Blinkit,901.1898
-0.3122,-0.6635,1,At-Risk,Zepto,605.184
-2.1656,0.0105,2,Price-Sensitive,Zepto,505.3785
0.0769,-0.8816,1,At-Risk,Swiggy Instamart,521.4025
0.2021,-0.6365,0,Loyal Customers,Zepto,614.9975000000001
1.8337,0.6378,0,Loyal Customers,Swiggy Instamart,1058.7745
1.9542,-1.0817,0,Loyal Customers,Zepto,50.0
-0.1931,2.7783,3,Price-Sensitive,Swiggy Instamart,1666.3807499999996
-0.5809,0.5865,2,Price-Sensitive,Blinkit,545.4054000000001
-0.7878,-0.6957,1,At-Risk,Zepto,776.1225000000001
0.871,0.7805,3,Price-Sensitive,Zepto,345.12975
0.737,-1.0543,0,Loyal Customers,Swiggy Instamart,231.725
0.9165,1.7738,3,Price-Sensitive,Blinkit,980.1144000000002
-1.5628,-1.584,1,At-Risk,Blinkit,336.54960000000005
-0.609,0.5694,1,At-Risk,Swiggy Instamart,1355.252
-0.8446,1.6509,2,Price-Sensitive,Zepto,1122.5025
-2.5394,0.6962,2,Price-Sensitive,Zepto,912.09825
0.6113,0.527,3,Price-Sensitive,Zepto,306.81300000000005
1.743,0.4347,0,Loyal Customers,Swiggy Instamart,867.8704999999999
1.2194,-0.4183,0,Loyal Customers,Zepto,468.434
0.0726,-1.0416,1,At-Risk,Blinkit,346.2264
-0.9711,-1.2925,1,At-Risk,Zepto,390.734
-1.3872,-1.3263,1,At-Risk,Blinkit,464.906
0.4816,0.4106,0,Loyal Customers,Blinkit,1126.3752000000002
0.5865,-0.3248,0,Loyal Customers,Swiggy Instamart,636.6374999999999
0.7528,0.2113,3,Price-Sensitive,Swiggy Instamart,114.50024999999998
1.7772,-0.6983,0,Loyal Customers,Swiggy Instamart,244.9005
-0.8056,-0.2738,1,At-Risk,Blinkit,860.4760000000001
1.0267,-0.0389,0,Loyal Customers,Swiggy Instamart,708.1954999999999
1.2725,-0.2316,0,Loyal Customers,Zepto,643.9250000000001
-1.001,-0.7001,1,At-Risk,Blinkit,711.0732
-1.3289,-0.4017,2,Price-Sensitive,Zepto,50.0
-0.357,2.4289,3,Price-Sensitive,Swiggy Instamart,1577.63325
2.1501,0.3179,0,Loyal Customers,Blinkit,748.6428
0.7688,-0.5517,0,Loyal Customers,Blinkit,522.3296
-0.5111,0.9463,3,Price-Sensitive,Zepto,709.9155000000001
-1.2335,-0.5102,2,Price-Sensitive,Swiggy Instamart,50.0
-2.541,0.6956,2,Price-Sensitive,Zepto,932.0535
1.4677,0.3373,3,Price-Sensitive,Zepto,50.0
0.4688,2.2481,3,Price-Sensitive,Zepto,1276.698
2.0222,-0.3112,0,Loyal Customers,Blinkit,448.7912
0.1713,-0.2056,0,Loyal Customers,Zepto,761.5754999999999
-1.8529,0.4781,2,Price-Sensitive,Blinkit,641.1912
-0.3035,-1.707,1,At-Risk,Swiggy Instamart,50.0
-1.5125,-0.5816,2,Price-Sensitive,Swiggy Instamart,50.0
1.3988,0.191,0,Loyal Customers,Swiggy Instamart,801.6099999999999
-0.7676,1.872,2,Price-Sensitive,Blinkit,1307.8776
2.0418,1.1642,3,Price-Sensitive,Swiggy Instamart,477.82875
0.7354,0.1978,0,Loyal Customers,Swiggy Instamart,880.328
0.0148,2.2069,3,Price-Sensitive,Swiggy Instamart,1354.79775
-0.4592,1.6251,2,Price-Sensitive,Blinkit,1134.6132
1.6825,0.1395,0,Loyal Customers,Blinkit,778.722
-0.1404,2.0902,3,Price-Sensitive,Swiggy Instamart,1314.9847499999996
0.4917,-0.2285,0,Loyal Customers,Zepto,714.8415
1.4517,-0.231,0,Loyal Customers,Swiggy Instamart,594.5385
0.18,-1.478,1,At-Risk,Zepto,101.4635
0.0547,-1.0033,1,At-Risk,Zepto,404.937
0.1884,0.6136,3,Price-Sensitive,Blinkit,416.1258
0.0648,-0.843,0,Loyal Customers,Zepto,462.819
-0.0978,-0.7352,1,At-Risk,Zepto,495.705
-1.2023,1.9513,2,Price-Sensitive,Blinkit,1407.942
-1.2058,-1.1852,1,At-Risk,Swiggy Instamart,479.576
-0.9088,-0.5285,1,At-Risk,Swiggy Instamart,815.511
1.166,-0.0583,0,Loyal Customers,Blinkit,749.3552000000001
0.4862,-0.3423,0,Loyal Customers,Swiggy Instamart,698.5329999999999
-0.5282,2.257,3,Price-Sensitive,Zepto,1376.11725
-1.7175,0.9439,2,Price-Sensitive,Swiggy Instamart,987.20025
-0.4919,-0.0122,1,At-Risk,Swiggy Instamart,1046.284
-0.9493,1.817,2,Price-Sensitive,Swiggy Instamart,1209.83325
0.9898,-0.8565,0,Loyal Customers,Swiggy Instamart,303.922
1.0669,1.5604,3,Price-Sensitive,Swiggy Instamart,831.22575
-0.5264,0.5412,2,Price-Sensitive,Blinkit,477.5598000000001
-1.6812,-1.6863,1,At-Risk,Zepto,304.62600000000003
-0.4766,-0.9301,1,At-Risk,Zepto,496.56750000000005
0.1122,-1.1463,1,At-Risk,Blinkit,330.1316
-2.201,0.1804,2,Price-Sensitive,Zepto,575.6310000000001
0.7553,-0.3871,0,Loyal Customers,Blinkit,606.3984
0.5693,0.4259,3,Price-Sensitive,Zepto,284.823
-0.6667,-0.3688,1,At-Risk,Swiggy Instamart,828.9749999999999
-0.7224,-1.2517,1,At-Risk,Blinkit,361.9404
0.1885,-1.6002,1,At-Risk,Blinkit,50.0
1.5561,-0.148,0,Loyal Customers,Blinkit,579.9816000000001
-1.1394,-0.995,1,At-Risk,Zepto,531.2810000000001
-1.4841,-1.1008,1,At-Risk,Zepto,573.5475
-0.2007,-1.1092,1,At-Risk,Zepto,296.436
-0.1632,0.7199,3,Price-Sensitive,Zepto,460.1047500000001
-0.0576,-0.7291,1,At-Risk,Blinkit,590.5412
0.0053,1.7922,3,Price-Sensitive,Zepto,1096.10775
-0.4048,0.7724,2,Price-Sensitive,Swiggy Instamart,563.9024999999999
0.6893,-1.2381,0,Loyal Customers,Zepto,154.20300000000003
-1.1021,-1.6621,1,At-Risk,Blinkit,230.67720000000003
-1.3548,-1.0882,1,At-Risk,Zepto,606.6815
1.5381,0.4015,3,Price-Sensitive,Zepto,50.0
-1.5118,1.4479,2,Price-Sensitive,Swiggy Instamart,1160.8177500000002
0.6725,0.0533,0,Loyal Customers,Zepto,844.139
2.6107,-0.5966,0,Loyal Customers,Blinkit,213.632
-1.9346,-0.8226,1,At-Risk,Zepto,845.6805
1.7216,-1.0704,0,Loyal Customers,Swiggy Instamart,94.3115
0.9728,2.6066,3,Price-Sensitive,Swiggy Instamart,1367.81625
-1.1694,-1.3353,1,At-Risk,Zepto,398.9495
0.0467,-0.5632,1,At-Risk,Blinkit,598.1024
2.8752,0.1064,0,Loyal Customers,Blinkit,609.7344
-1.7759,-1.6753,1,At-Risk,Blinkit,310.7236
-0.9147,0.2341,2,Price-Sensitive,Zepto,411.9570000000001
-0.5922,-0.3879,1,At-Risk,Zepto,759.5465
0.9687,-0.1405,0,Loyal Customers,Zepto,656.0625
-1.4825,1.5225,2,Price-Sensitive,Zepto,1179.3629999999998
-0.3982,0.1502,2,Price-Sensitive,Zepto,231.03975
-0.2139,2.2532,3,Price-Sensitive,Zepto,1340.136
0.2686,3.1979,3,Price-Sensitive,Blinkit,1862.757
1.64,2.4574,3,Price-Sensitive,Zepto,1226.5695
1.1966,-0.042,0,Loyal Customers,Zepto,661.122
0.5211,-0.027,0,Loyal Customers,Blinkit,831.7856
-1.1064,-0.2319,1,At-Risk,Zepto,1007.5015
0.6034,0.0695,0,Loyal Customers,Blinkit,849.638
1.3975,-0.5346,0,Loyal Customers,Blinkit,446.5232000000001
-2.9018,1.2852,2,Price-Sensitive,Zepto,1323.68625
2.3183,0.942,3,Price-Sensitive,Swiggy Instamart,261.70575
-0.4978,0.2306,2,Price-Sensitive,Zepto,351.6060000000001
0.7993,-1.0606,0,Loyal Customers,Zepto,202.881
-1.4682,2.2195,2,Price-Sensitive,Swiggy Instamart,1657.6424999999997
-0.5386,-1.2847,1,At-Risk,Blinkit,322.3876
-0.4379,0.5669,2,Price-Sensitive,Zepto,439.4565
0.3802,-1.4414,0,Loyal Customers,Blinkit,75.9748
-0.763,-0.8545,1,At-Risk,Swiggy Instamart,641.0649999999999
0.9541,0.3971,3,Price-Sensitive,Blinkit,205.5132
0.9425,-0.0036,0,Loyal Customers,Blinkit,796.998
0.2173,0.0385,3,Price-Sensitive,Blinkit,50.0
-1.5167,-0.8497,1,At-Risk,Zepto,712.3305
-2.0039,1.8683,2,Price-Sensitive,Blinkit,1504.6074
-1.721,-0.486,1,At-Risk,Swiggy Instamart,995.6585
-0.234,0.3427,2,Price-Sensitive,Swiggy Instamart,407.16375
0.6759,-1.3883,0,Loyal Customers,Blinkit,132.56880000000004
0.6329,-1.4171,0,Loyal Customers,Swiggy Instamart,80.638
0.781,0.0533,3,Price-Sensitive,Swiggy Instamart,50.0
-0.0818,-0.9165,1,At-Risk,Blinkit,467.1624
2.0146,-1.0249,0,Loyal Customers,Swiggy Instamart,50.0
-1.2089,-0.5371,1,At-Risk,Swiggy Instamart,822.851
0.9093,2.2772,3,Price-Sensitive,Blinkit,1200.9186
-0.3652,1.3038,2,Price-Sensitive,Blinkit,948.8826
0.6167,-0.4731,0,Loyal Customers,Blinkit,563.9544
-0.228,-0.5314,1,At-Risk,Swiggy Instamart,660.1949999999999
1.6614,0.3468,0,Loyal Customers,Swiggy Instamart,880.1985
0.6512,1.1776,3,Price-Sensitive,Zepto,666.9682500000001
-0.151,-1.5617,1,At-Risk,Blinkit,129.5352
-0.1134,2.1616,3,Price-Sensitive,Zepto,1278.88425
1.1004,-0.1516,0,Loyal Customers,Zepto,631.6485000000001
-0.3191,-1.1655,1,At-Risk,Zepto,368.247
1.0907,-0.9291,0,Loyal Customers,Swiggy Instamart,311.0635
-0.3986,-1.1135,1,At-Risk,Zepto,390.831
-0.0805,-0.5952,1,At-Risk,Blinkit,625.9680000000001
-2.2041,1.8618,2,Price-Sensitive,Swiggy Instamart,1586.8965
-0.1467,1.0487,3,Price-Sensitive,Zepto,685.2697499999999
0.5994,1.5613,3,Price-Sensitive,Blinkit,903.4554
-0.7469,1.795,2,Price-Sensitive,Blinkit,1241.3370000000002
0.4402,-1.1943,0,Loyal Customers,Blinkit,253.04400000000004
-0.9915,-1.6061,1,At-Risk,Blinkit,244.00440000000003
-0.5626,0.1094,2,Price-Sensitive,Blinkit,272.649
-1.9068,-1.0385,1,At-Risk,Zepto,699.6465000000001
-1.5369,-1.4087,1,At-Risk,Zepto,432.495
0.4677,-0.947,0,Loyal Customers,Zepto,371.4395
0.2944,0.2713,0,Loyal Customers,Swiggy Instamart,1087.4975
-0.3243,-0.6963,1,At-Risk,Swiggy Instamart,612.412
1.5824,0.5806,0,Loyal Customers,Zepto,971.525
0.012,0.3724,0,Loyal Customers,Zepto,1049.0815
0.8982,-0.1723,0,Loyal Customers,Blinkit,725.844
-2.1218,1.3783,2,Price-Sensitive,Swiggy Instamart,1270.61775
0.1081,-0.619,1,At-Risk,Swiggy Instamart,575.5174999999999
-0.3577,1.0786,3,Price-Sensitive,Zepto,781.896
0.506,1.0975,3,Price-Sensitive,Swiggy Instamart,721.60575
1.4882,0.3612,0,Loyal Customers,Swiggy Instamart,896.5364999999999
-2.0296,0.671,2,Price-Sensitive,Zepto,813.96
-0.6223,1.6393,2,Price-Sensitive,Swiggy Instamart,1133.67
-1.0395,-0.1193,1,At-Risk,Swiggy Instamart,1073.893
-2.0312,-0.6716,1,At-Risk,Blinkit,909.9832
-1.2743,0.4957,2,Price-Sensitive,Blinkit,638.2152000000001
0.3881,2.111,3,Price-Sensitive,Zepto,1226.90025
-0.214,-0.8877,1,At-Risk,Swiggy Instamart,465.4425
1.2128,-0.0155,0,Loyal Customers,Zepto,723.0300000000001
-1.3331,-1.4536,1,At-Risk,Zepto,353.8815
0.2104,1.7525,3,Price-Sensitive,Swiggy Instamart,1052.64675
-0.0731,1.0349,3,Price-Sensitive,Blinkit,779.9634000000001
0.1804,1.2563,3,Price-Sensitive,Blinkit,795.4362
-1.6904,-1.1916,1,At-Risk,Zepto,625.2015
0.2037,-1.0538,1,At-Risk,Blinkit,331.472
1.5345,1.2422,3,Price-Sensitive,Blinkit,534.6462
-1.1733,-1.9424,1,At-Risk,Swiggy Instamart,50.0
-0.5584,-0.6234,1,At-Risk,Blinkit,701.6004
-1.0841,0.9593,2,Price-Sensitive,Zepto,801.8955
-1.3522,-0.5591,2,Price-Sensitive,Swiggy Instamart,50.0
-0.0268,-0.108,3,Price-Sensitive,Swiggy Instamart,50.0
2.0008,-0.6913,0,Loyal Customers,Swiggy Instamart,266.9265
-1.2421,-0.9695,1,At-Risk,Zepto,592.0740000000001
1.8646,-0.105,0,Loyal Customers,Swiggy Instamart,592.0509999999999
-1.0653,-1.393,1,At-Risk,Zepto,332.5455
-0.3945,-0.9729,1,At-Risk,Zepto,522.4290000000001
-0.0908,-0.8403,1,At-Risk,Swiggy Instamart,520.2255
0.5639,0.2662,0,Loyal Customers,Blinkit,984.0944
1.1297,0.3628,0,Loyal Customers,Blinkit,1000.782
-0.3887,-0.4626,1,At-Risk,Blinkit,743.1132
-0.8686,0.1316,2,Price-Sensitive,Swiggy Instamart,312.57375
-0.2918,0.1262,1,At-Risk,Swiggy Instamart,1119.9505
-0.588,2.9553,2,Price-Sensitive,Blinkit,1821.2058
0.1543,-1.1948,1,At-Risk,Blinkit,291.222
1.5274,2.0401,3,Price-Sensitive,Blinkit,940.7952
1.3251,1.4036,3,Price-Sensitive,Blinkit,669.0600000000001
-0.9107,-1.4505,1,At-Risk,Zepto,287.6345
0.8945,-0.8626,0,Loyal Customers,Swiggy Instamart,316.9515
0.3025,0.9401,3,Price-Sensitive,Zepto,578.592
-0.9786,-0.544,2,Price-Sensitive,Zepto,50.0
0.0835,1.3099,3,Price-Sensitive,Blinkit,824.7060000000001
1.2846,0.1142,0,Loyal Customers,Swiggy Instamart,803.0794999999999
0.916,-0.808,0,Loyal Customers,Blinkit,371.0972
-0.0047,-0.218,1,At-Risk,Zepto,776.7705000000001
0.2166,0.1445,3,Price-Sensitive,Blinkit,50.0
-0.0884,1.0073,3,Price-Sensitive,Zepto,634.39425
1.0631,1.0277,3,Price-Sensitive,Zepto,537.8025
-0.0526,-0.1532,1,At-Risk,Swiggy Instamart,885.73
1.6437,-0.6559,0,Loyal Customers,Blinkit,336.386
1.0668,-0.2197,0,Loyal Customers,Zepto,621.0435000000001
-0.4507,0.8874,2,Price-Sensitive,Zepto,636.13575
-1.2855,-0.6456,1,At-Risk,Blinkit,774.8784
0.5935,-1.5935,1,At-Risk,Blinkit,50.0
-1.2959,0.3284,2,Price-Sensitive,Swiggy Instamart,547.18725
-1.5322,-0.2684,1,At-Risk,Blinkit,1022.0548
0.8299,0.6657,3,Price-Sensitive,Swiggy Instamart,375.291
1.6428,-0.0731,0,Loyal Customers,Blinkit,579.1392000000001
-2.5603,0.6077,2,Price-Sensitive,Zepto,904.25775
1.4574,0.3512,3,Price-Sensitive,Swiggy Instamart,50.0
-0.6637,-1.0846,1,At-Risk,Blinkit,493.1712
0.0567,-0.186,0,Loyal Customers,Swiggy Instamart,880.6239999999999
-0.1021,-0.5166,1,At-Risk,Swiggy Instamart,670.036
0.2369,-0.2292,3,Price-Sensitive,Swiggy Instamart,50.0
-0.9215,-0.7638,1,At-Risk,Zepto,689.3435000000001
0.3772,-0.3707,0,Loyal Customers,Zepto,625.2875
-1.0536,-0.1237,1,At-Risk,Swiggy Instamart,1067.2714999999998
-0.9675,0.8694,2,Price-Sensitive,Blinkit,737.5488
-2.6545,1.2925,2,Price-Sensitive,Zepto,1303.6395
0.9176,-0.3625,0,Loyal Customers,Zepto,523.446
-1.3153,1.4914,2,Price-Sensitive,Blinkit,1101.0606000000002
1.0024,-0.3127,0,Loyal Customers,Zepto,545.0340000000001
-1.1676,-0.9999,1,At-Risk,Swiggy Instamart,573.583
-1.5503,-1.7041,1,At-Risk,Swiggy Instamart,225.8745
-1.263,-0.2483,2,Price-Sensitive,Zepto,125.4735
0.5087,-0.4011,0,Loyal Customers,Blinkit,609.1004
-1.7585,-1.3056,1,At-Risk,Zepto,487.65150000000006
-2.641,0.5178,2,Price-Sensitive,Zepto,835.89975
1.3316,-0.726,0,Loyal Customers,Blinkit,336.86280000000005
0.3014,-1.5696,0,Loyal Customers,Zepto,62.13050000000001
-0.4604,1.1549,2,Price-Sensitive,Blinkit,869.4336
-0.9443,-0.4014,1,At-Risk,Swiggy Instamart,864.9525
0.6331,0.0303,3,Price-Sensitive,Swiggy Instamart,50.0
-0.6927,-0.2236,2,Price-Sensitive,Swiggy Instamart,107.19375
0.4851,1.1683,3,Price-Sensitive,Zepto,604.7685
-1.9731,-1.5871,1,At-Risk,Zepto,446.84350000000006
0.0165,1.6216,3,Price-Sensitive,Swiggy Instamart,1020.2647499999998
-0.9608,-1.212,1,At-Risk,Swiggy Instamart,483.5945
2.606,0.8226,3,Price-Sensitive,Swiggy Instamart,215.47349999999992
-1.0689,-1.081,1,At-Risk,Zepto,519.1955
0.0848,-1.1384,1,At-Risk,Blinkit,348.8528
1.5179,-0.3991,0,Loyal Customers,Swiggy Instamart,488.7525
-0.4235,-0.9491,1,At-Risk,Swiggy Instamart,482.968
1.816,-0.7901,0,Loyal Customers,Swiggy Instamart,230.2325
0.3027,-0.7217,0,Loyal Customers,Zepto,465.3135
-0.6691,0.1118,2,Price-Sensitive,Blinkit,247.13100000000003
-1.4231,-0.9194,1,At-Risk,Swiggy Instamart,605.478
-1.1598,-0.3632,2,Price-Sensitive,Swiggy Instamart,136.965
-1.1095,0.4494,2,Price-Sensitive,Blinkit,515.4354000000001
1.7264,-1.054,0,Loyal Customers,Blinkit,50.0
-0.7922,1.2572,2,Price-Sensitive,Swiggy Instamart,1003.1685
0.1436,1.2659,3,Price-Sensitive,Swiggy Instamart,776.6122499999999
1.1271,0.6641,3,Price-Sensitive,Blinkit,290.5014
-0.9311,-0.9921,1,At-Risk,Zepto,515.8335
1.6556,0.4608,0,Loyal Customers,Swiggy Instamart,897.8625
1.8754,-0.0693,0,Loyal Customers,Blinkit,572.4000000000001
-0.9638,1.5027,2,Price-Sensitive,Swiggy Instamart,1082.5927499999998
2.3492,-1.0885,0,Loyal Customers,Swiggy Instamart,50.0
-1.9879,1.5158,2,Price-Sensitive,Swiggy Instamart,1306.3942499999998
-0.1211,-1.3412,1,At-Risk,Zepto,224.52150000000003
-1.4105,-0.1962,2,Price-Sensitive,Blinkit,261.8568
-0.3412,0.541,2,Price-Sensitive,Zepto,447.12975
-1.3715,-0.8827,1,At-Risk,Zepto,695.7590000000001
-0.5878,-1.3923,1,At-Risk,Zepto,207.732
1.11,1.4008,3,Price-Sensitive,Swiggy Instamart,827.0549999999998
-0.9904,1.6806,2,Price-Sensitive,Zepto,1169.31375
-0.2174,2.0648,3,Price-Sensitive,Swiggy Instamart,1357.7475
-0.7346,-0.5307,1,At-Risk,Blinkit,829.074
-1.1661,0.1723,1,At-Risk,Swiggy Instamart,1256.973
1.0621,-0.1154,0,Loyal Customers,Blinkit,732.8232
-0.9706,1.7069,2,Price-Sensitive,Blinkit,1219.374
-1.9312,1.4869,2,Price-Sensitive,Zepto,1238.1945
-1.4764,-0.9034,1,At-Risk,Blinkit,678.7444
-1.789,-0.8429,1,At-Risk,Zepto,791.4815
0.5541,-0.4034,0,Loyal Customers,Zepto,636.9615
1.8091,-0.6113,0,Loyal Customers,Blinkit,327.6072
-0.5282,-1.0627,1,At-Risk,Blinkit,505.2764
2.024,-0.0088,0,Loyal Customers,Swiggy Instamart,595.3285
-1.9564,0.6217,2,Price-Sensitive,Blinkit,808.866
0.7867,-0.0296,0,Loyal Customers,Blinkit,742.4968000000001
-0.7372,-1.0712,1,At-Risk,Blinkit,497.87840000000006
-0.9032,0.8853,2,Price-Sensitive,Zepto,753.84525
-0.7148,-1.2264,1,At-Risk,Swiggy Instamart,380.1325
0.5328,-1.392,0,Loyal Customers,Blinkit,142.32240000000002
-2.3277,-0.0764,2,Price-Sensitive,Zepto,441.36225
0.6058,0.4495,3,Price-Sensitive,Blinkit,336.47220000000004
-0.9213,-1.3752,1,At-Risk,Swiggy Instamart,363.837
0.3623,-0.8745,0,Loyal Customers,Blinkit,404.976
-0.9915,-0.3906,1,At-Risk,Zepto,876.2370000000001
-1.439,-0.5333,1,At-Risk,Zepto,913.332
0.2905,-0.8565,0,Loyal Customers,Blinkit,448.0148
1.0428,-0.8199,0,Loyal Customers,Zepto,267.44550000000004
-0.4208,-0.6881,1,At-Risk,Zepto,618.1195
0.4349,-1.2802,1,At-Risk,Zepto,135.42050000000003
-0.4101,-1.3065,1,At-Risk,Swiggy Instamart,191.5355
0.6453,1.3159,3,Price-Sensitive,Blinkit,749.523
0.8077,-1.3348,0,Loyal Customers,Zepto,50.0
-2.0515,1.0636,2,Price-Sensitive,Zepto,1043.55675
-2.0512,0.8507,2,Price-Sensitive,Zepto,899.78475
-0.2907,2.758,3,Price-Sensitive,Blinkit,1656.8064000000002
-1.4166,-1.0205,1,At-Risk,Blinkit,603.1476000000001
1.3121,0.2262,3,Price-Sensitive,Blinkit,50.0
-0.8011,2.0798,2,Price-Sensitive,Swiggy Instamart,1352.745
1.2303,1.6766,3,Price-Sensitive,Swiggy Instamart,873.864
1.2319,1.96,3,Price-Sensitive,Swiggy Instamart,1051.97025
-0.8921,1.3584,2,Price-Sensitive,Zepto,1009.2945
1.3942,2.0167,3,Price-Sensitive,Blinkit,1003.1826
0.8856,0.0223,0,Loyal Customers,Swiggy Instamart,820.653
1.4567,-0.4027,0,Loyal Customers,Swiggy Instamart,464.843
-1.6312,0.5894,2,Price-Sensitive,Zepto,730.84725
0.9353,1.0074,3,Price-Sensitive,Blinkit,506.6712
-0.0489,-1.5164,1,At-Risk,Zepto,168.93900000000002
0.862,1.3026,3,Price-Sensitive,Swiggy Instamart,693.3119999999999
0.5531,-0.2796,0,Loyal Customers,Blinkit,671.1428
-1.5193,0.8481,2,Price-Sensitive,Zepto,759.087
0.6548,1.7431,3,Price-Sensitive,Zepto,1008.57375
-1.2204,0.6562,2,Price-Sensitive,Swiggy Instamart,681.56475
-0.7022,-0.8991,1,At-Risk,Swiggy Instamart,547.7334999999999
1.4389,-0.3862,0,Loyal Customers,Blinkit,497.1564
-1.6329,-1.4448,1,At-Risk,Zepto,390.1545
-0.3842,2.4783,2,Price-Sensitive,Blinkit,1534.3482
-1.448,0.5867,2,Price-Sensitive,Blinkit,695.9520000000001
-1.8274,5.2695,2,Price-Sensitive,Zepto,4179.8715
1.6846,2.5629,3,Price-Sensitive,Blinkit,1318.1598
-0.0814,0.5139,2,Price-Sensitive,Swiggy Instamart,489.369
0.5762,-1.1031,0,Loyal Customers,Blinkit,274.8924
-0.4037,-0.0825,2,Price-Sensitive,Swiggy Instamart,106.7085
-0.96,0.5564,2,Price-Sensitive,Zepto,527.373
-0.5111,-0.0828,2,Price-Sensitive,Zepto,128.205
1.5535,0.7992,3,Price-Sensitive,Swiggy Instamart,315.45075
1.3979,1.9359,3,Price-Sensitive,Swiggy Instamart,1047.6135
0.6389,2.2305,3,Price-Sensitive,Swiggy Instamart,1247.8994999999998
0.7936,0.6253,3,Price-Sensitive,Swiggy Instamart,276.37575
-0.1708,-0.6516,1,At-Risk,Swiggy Instamart,690.828
0.734,-0.6868,0,Loyal Customers,Blinkit,425.5816
-1.6835,1.087,2,Price-Sensitive,Blinkit,972.5346000000002
0.0816,0.9181,3,Price-Sensitive,Blinkit,552.99
1.352,-0.3587,0,Loyal Customers,Zepto,459.2385
2.0469,-1.0448,0,Loyal Customers,Blinkit,50.0
-0.2704,-0.2251,2,Price-Sensitive,Blinkit,50.0
-2.6386,1.6576,2,Price-Sensitive,Zepto,1507.782
-0.016,-0.3751,1,At-Risk,Swiggy Instamart,756.7114999999999
0.5148,-0.6229,0,Loyal Customers,Blinkit,528.1848
0.5028,-1.3454,0,Loyal Customers,Zepto,66.549
1.0689,-1.2327,0,Loyal Customers,Blinkit,109.31480000000002
-1.9634,-0.8524,1,At-Risk,Zepto,807.9120000000001
1.588,-1.2185,0,Loyal Customers,Blinkit,50.0
0.207,-1.059,1,At-Risk,Blinkit,368.0828000000001
-0.318,-0.8596,1,At-Risk,Swiggy Instamart,503.202
-0.8851,0.9152,2,Price-Sensitive,Swiggy Instamart,802.6769999999999
-0.2014,-0.7009,1,At-Risk,Blinkit,588.5676000000001
-1.7308,-0.6881,1,At-Risk,Zepto,809.4135
-1.5047,1.0933,2,Price-Sensitive,Blinkit,1019.0772
0.3953,1.9426,3,Price-Sensitive,Swiggy Instamart,1122.14925
-1.1752,-0.7981,1,At-Risk,Zepto,654.9770000000001
-1.9785,-0.1877,1,At-Risk,Zepto,1176.063
0.5901,0.1547,3,Price-Sensitive,Zepto,50.0
1.0299,0.5868,0,Loyal Customers,Zepto,1083.9060000000002
-0.3612,-1.0296,1,At-Risk,Zepto,406.4735
1.0745,-0.4645,0,Loyal Customers,Swiggy Instamart,473.9035
0.4849,-0.9599,0,Loyal Customers,Swiggy Instamart,358.202
1.1719,0.1703,0,Loyal Customers,Swiggy Instamart,830.5989999999999
0.8733,-0.5624,0,Loyal Customers,Zepto,442.367
3.1837,-0.3726,0,Loyal Customers,Swiggy Instamart,261.1215
1.1857,-1.2757,0,Loyal Customers,Swiggy Instamart,50.0
1.8361,1.0,3,Price-Sensitive,Swiggy Instamart,303.30675
-0.2928,-1.1577,1,At-Risk,Swiggy Instamart,419.451
0.0463,-0.0515,3,Price-Sensitive,Zepto,50.0
-1.8055,1.4972,2,Price-Sensitive,Swiggy Instamart,1209.62625
-1.7449,-0.0278,2,Price-Sensitive,Zepto,385.60725
-0.2918,-1.1532,1,At-Risk,Swiggy Instamart,419.9685
-1.3481,0.3386,2,Price-Sensitive,Zepto,552.198
-2.1517,-1.1311,1,At-Risk,Blinkit,681.7468000000001
1.7956,0.3738,3,Price-Sensitive,Blinkit,50.0
-0.1176,-1.1255,1,At-Risk,Zepto,361.4205
-0.0996,-0.5907,1,At-Risk,Swiggy Instamart,630.5464999999999
-0.1386,-0.0478,1,At-Risk,Zepto,928.1265
0.2447,0.6947,0,Loyal Customers,Swiggy Instamart,1300.7879999999998
0.3308,1.8477,3,Price-Sensitive,Blinkit,1117.9902000000002
1.0576,0.388,0,Loyal Customers,Zepto,934.2795
-1.1479,-0.513,1,At-Risk,Swiggy Instamart,916.973
0.5343,1.3178,3,Price-Sensitive,Zepto,774.4747500000001
-0.2442,0.6403,3,Price-Sensitive,Swiggy Instamart,553.56975
-0.9898,-0.4874,1,At-Risk,Zepto,805.0575
0.2609,0.2154,0,Loyal Customers,Zepto,1043.7185
3.2347,1.0297,0,Loyal Customers,Swiggy Instamart,1024.9055
0.1466,-0.9076,1,At-Risk,Zepto,406.4865
-0.0753,-0.8734,0,Loyal Customers,Zepto,435.64
-0.4211,-1.0597,1,At-Risk,Blinkit,460.532
1.1075,0.3031,0,Loyal Customers,Blinkit,930.42
2.905,-0.3052,0,Loyal Customers,Blinkit,369.3804
2.1198,-0.4654,0,Loyal Customers,Swiggy Instamart,369.67
0.367,-0.4224,0,Loyal Customers,Zepto,597.051
-1.6565,-0.5616,1,At-Risk,Blinkit,921.8448
-0.9537,-1.898,1,At-Risk,Zepto,50.0
-1.0211,-0.0853,2,Price-Sensitive,Blinkit,196.3578
1.316,0.5024,3,Price-Sensitive,Swiggy Instamart,183.7125
1.4985,0.5587,0,Loyal Customers,Swiggy Instamart,1057.333
-0.4145,0.5694,1,At-Risk,Swiggy Instamart,1296.9499999999998
1.7234,-0.242,0,Loyal Customers,Swiggy Instamart,505.0915
-0.7774,-1.4334,1,At-Risk,Blinkit,232.8372
0.3138,1.6404,3,Price-Sensitive,Zepto,941.03325
-1.3354,-1.9648,1,At-Risk,Zepto,50.0
-0.0563,2.6637,3,Price-Sensitive,Swiggy Instamart,1589.5395
-0.2671,-0.534,1,At-Risk,Zepto,692.4285
1.2044,-0.0656,0,Loyal Customers,Blinkit,738.6120000000001
-0.4883,-0.6215,1,At-Risk,Swiggy Instamart,707.143
0.7594,-0.6241,0,Loyal Customers,Zepto,464.234
-0.6022,-0.8257,1,At-Risk,Blinkit,615.3192
-0.0068,-0.8057,1,At-Risk,Swiggy Instamart,536.857
-1.0449,0.7072,2,Price-Sensitive,Blinkit,699.6132
0.0321,-0.4998,1,At-Risk,Zepto,723.9165
-1.1143,-1.2297,1,At-Risk,Blinkit,466.6464
-0.1722,2.0311,3,Price-Sensitive,Zepto,1248.87375
0.144,-0.5563,0,Loyal Customers,Zepto,567.798
-2.1069,-0.2231,1,At-Risk,Swiggy Instamart,1193.2545
-0.9227,-1.2067,1,At-Risk,Zepto,376.8005
0.3564,-0.1003,0,Loyal Customers,Zepto,820.9110000000001
-1.2597,-0.2395,2,Price-Sensitive,Zepto,208.81350000000003
-0.4076,1.6196,2,Price-Sensitive,Swiggy Instamart,1093.6155
1.1015,-0.8142,0,Loyal Customers,Swiggy Instamart,358.915
-1.5496,0.1422,2,Price-Sensitive,Zepto,408.2955
-1.128,-0.7519,1,At-Risk,Zepto,691.706
1.2903,0.2814,3,Price-Sensitive,Blinkit,50.0
1.9404,-0.445,0,Loyal Customers,Swiggy Instamart,413.117
-0.5197,1.4924,2,Price-Sensitive,Swiggy Instamart,1014.73125
-1.3623,-0.9443,1,At-Risk,Swiggy Instamart,704.9959999999999
1.8818,1.294,3,Price-Sensitive,Blinkit,483.78240000000005
-0.9517,2.9958,2,Price-Sensitive,Blinkit,1970.667
-2.0129,-0.0092,1,At-Risk,Zepto,1274.6215
0.6422,0.6716,3,Price-Sensitive,Zepto,326.62575000000004
-0.9851,-1.9584,1,At-Risk,Swiggy Instamart,50.0
-2.3529,0.1691,2,Price-Sensitive,Zepto,570.2880000000001
0.8141,-1.4714,0,Loyal Customers,Swiggy Instamart,50.0
0.5093,-0.9882,0,Loyal Customers,Blinkit,272.3544
0.3121,-0.2524,0,Loyal Customers,Blinkit,703.6752000000001
-1.5417,-1.6256,1,At-Risk,Swiggy Instamart,349.83
-0.2381,1.8254,3,Price-Sensitive,Zepto,1154.2230000000002
-1.326,0.9517,2,Price-Sensitive,Zepto,823.4655000000001
0.6283,-1.3061,0,Loyal Customers,Swiggy Instamart,178.829
-1.189,-1.7256,1,At-Risk,Zepto,190.371
1.0517,1.8621,3,Price-Sensitive,Blinkit,1026.5112
-0.1056,-1.0841,1,At-Risk,Zepto,406.197
1.5216,-0.5814,0,Loyal Customers,Blinkit,366.8112
-0.4117,-0.7573,1,At-Risk,Swiggy Instamart,588.8539999999999
0.1876,-0.8711,1,At-Risk,Blinkit,445.1196000000001
-1.2708,2.4839,2,Price-Sensitive,Swiggy Instamart,1745.8552499999998
0.5502,-1.2756,0,Loyal Customers,Zepto,50.0
-1.1577,1.6948,2,Price-Sensitive,Zepto,1197.8032500000002
-1.0904,2.9255,2,Price-Sensitive,Swiggy Instamart,1930.7715
-1.5144,-0.6036,2,Price-Sensitive,Swiggy Instamart,50.0
2.4593,-1.0101,0,Loyal Customers,Swiggy Instamart,50.0
-2.5069,0.525,1,At-Risk,Zepto,1668.6445
0.6587,-0.8179,0,Loyal Customers,Zepto,384.8585
0.543,0.5827,3,Price-Sensitive,Zepto,347.9175
-1.7359,-0.8133,1,At-Risk,Zepto,736.9715000000001
1.1802,1.0169,3,Price-Sensitive,Swiggy Instamart,538.3327499999999
-1.3356,-1.1538,1,At-Risk,Blinkit,557.9580000000001
-2.0064,2.1491,2,Price-Sensitive,Blinkit,1642.4076
-1.1713,-1.5538,1,At-Risk,Zepto,216.0375
0.0765,-0.9931,1,At-Risk,Swiggy Instamart,364.2395
-1.8116,-2.1087,1,At-Risk,Zepto,103.572
0.7467,2.9723,3,Price-Sensitive,Blinkit,1617.2153999999998
-1.6659,-0.6212,1,At-Risk,Zepto,842.1125000000001
0.6978,2.5623,3,Price-Sensitive,Blinkit,1397.106
-0.6495,-0.4191,1,At-Risk,Swiggy Instamart,864.3399999999999
-0.7476,0.2626,2,Price-Sensitive,Zepto,411.519
2.238,-0.4483,0,Loyal Customers,Blinkit,341.0828000000001
1.8579,-0.8234,0,Loyal Customers,Blinkit,138.132
-0.5268,1.3893,2,Price-Sensitive,Swiggy Instamart,948.3705
1.4184,1.5724,3,Price-Sensitive,Swiggy Instamart,765.1965
1.2822,-0.0833,0,Loyal Customers,Blinkit,696.4824
0.8532,1.0283,3,Price-Sensitive,Blinkit,505.9422
0.2451,-0.0103,3,Price-Sensitive,Blinkit,50.0
0.7142,-0.5583,0,Loyal Customers,Blinkit,515.2788
-1.716,-1.7457,1,At-Risk,Swiggy Instamart,260.3975
-0.2627,1.7259,3,Price-Sensitive,Zepto,1053.2842500000002
-0.8322,-0.3343,1,At-Risk,Blinkit,897.804
0.1041,-1.5697,1,At-Risk,Blinkit,50.0
-0.5323,-0.347,1,At-Risk,Swiggy Instamart,853.3919999999999
1.276,-1.2034,0,Loyal Customers,Blinkit,50.0
-0.3121,-1.4212,1,At-Risk,Zepto,169.707
-0.9027,-0.9261,1,At-Risk,Blinkit,588.6512
-0.1475,1.144,3,Price-Sensitive,Zepto,825.732
-1.4104,-1.2218,1,At-Risk,Zepto,529.5375
-1.3198,-0.0605,1,At-Risk,Swiggy Instamart,1098.5949999999998
-1.5725,0.7906,2,Price-Sensitive,Zepto,802.191
1.0797,-0.6357,0,Loyal Customers,Blinkit,426.81360000000006
-1.1745,-0.6753,1,At-Risk,Zepto,740.1765
0.0165,0.6842,3,Price-Sensitive,Zepto,460.092
-0.3366,0.1922,1,At-Risk,Swiggy Instamart,1172.898
-0.0719,2.4907,3,Price-Sensitive,Zepto,1497.447
-0.0323,-0.1764,2,Price-Sensitive,Zepto,50.0
-0.0083,0.4103,3,Price-Sensitive,Blinkit,305.6892
0.1336,1.8557,3,Price-Sensitive,Swiggy Instamart,1035.1079999999995
-0.5294,-1.7733,1,At-Risk,Swiggy Instamart,66.585
-2.3542,1.4004,2,Price-Sensitive,Blinkit,1265.7336
-1.1824,-1.3552,1,At-Risk,Blinkit,424.82880000000006
-1.7238,1.0539,2,Price-Sensitive,Zepto,953.505
1.1899,0.6838,3,Price-Sensitive,Swiggy Instamart,273.60824999999994
-0.1691,-1.6354,1,At-Risk,Zepto,50.0
0.2972,-0.6643,0,Loyal Customers,Blinkit,561.3624
-2.0225,-0.7971,1,At-Risk,Zepto,858.4544999999999
-1.5436,-1.0085,1,At-Risk,Blinkit,609.3543999999999
1.5211,0.2719,0,Loyal Customers,Blinkit,816.6852000000001
-0.7705,-1.1654,1,At-Risk,Zepto,399.054
-1.0664,0.314,2,Price-Sensitive,Zepto,479.682
-1.5167,-0.8424,1,At-Risk,Zepto,699.98
-0.7749,-0.2404,2,Price-Sensitive,Blinkit,76.36859999999999
-2.1092,-0.2519,2,Price-Sensitive,Zepto,343.35825
0.7877,0.5933,3,Price-Sensitive,Zepto,253.35450000000003
1.6094,-0.0503,0,Loyal Customers,Swiggy Instamart,635.9499999999999
-1.6365,1.7495,2,Price-Sensitive,Swiggy Instamart,1412.0159999999996
0.1042,-0.2614,0,Loyal Customers,Blinkit,817.182
-1.6597,-0.5821,2,Price-Sensitive,Blinkit,108.83160000000002
-0.1791,-1.6114,1,At-Risk,Swiggy Instamart,134.97549999999998
1.3357,0.6791,0,Loyal Customers,Blinkit,1129.1372
2.7438,0.6532,0,Loyal Customers,Swiggy Instamart,936.5739999999998
0.7788,0.7517,3,Price-Sensitive,Swiggy Instamart,420.90375
-1.8079,0.5603,2,Price-Sensitive,Swiggy Instamart,742.8539999999999
-0.9908,-0.3267,2,Price-Sensitive,Zepto,119.74725
0.8019,0.547,0,Loyal Customers,Blinkit,1181.8104000000003
-0.2491,-0.2443,2,Price-Sensitive,Swiggy Instamart,50.0
-1.5692,0.538,2,Price-Sensitive,Blinkit,739.5624
-1.9416,-0.6497,1,At-Risk,Zepto,913.7915
0.4323,0.6364,3,Price-Sensitive,Blinkit,408.33720000000005
-0.1717,-0.9639,1,At-Risk,Blinkit,422.504
0.4165,-0.9604,0,Loyal Customers,Swiggy Instamart,337.9305
1.0063,-0.7635,0,Loyal Customers,Zepto,321.8985
0.6653,1.203,3,Price-Sensitive,Swiggy Instamart,659.31225
-0.5477,1.1466,3,Price-Sensitive,Zepto,781.0822499999999
0.4323,-0.4423,0,Loyal Customers,Swiggy Instamart,583.1909999999999
0.8057,-1.0504,0,Loyal Customers,Blinkit,236.5092
0.9251,-0.2706,0,Loyal Customers,Zepto,639.5070000000001
1.0443,0.4912,0,Loyal Customers,Blinkit,1044.5004
0.1836,1.2503,3,Price-Sensitive,Zepto,720.4395000000001
-0.1812,-1.5523,1,At-Risk,Blinkit,151.7832
-0.9597,0.4178,2,Price-Sensitive,Swiggy Instamart,524.469
-1.5787,-0.197,2,Price-Sensitive,Zepto,240.243
1.9874,-0.8574,0,Loyal Customers,Blinkit,141.95520000000002
0.162,2.2428,3,Price-Sensitive,Swiggy Instamart,1356.0225
0.9348,1.6104,3,Price-Sensitive,Blinkit,859.3614000000002
1.5946,-0.934,0,Loyal Customers,Blinkit,162.95960000000002
0.3329,-0.8929,0,Loyal Customers,Zepto,342.285
1.2462,-1.307,0,Loyal Customers,Blinkit,50.0
0.4458,-0.639,1,At-Risk,Swiggy Instamart,518.6859999999999
-0.0292,2.2917,3,Price-Sensitive,Swiggy Instamart,1364.5267499999998
2.1217,-0.8648,0,Loyal Customers,Swiggy Instamart,50.0
1.9684,-0.4515,0,Loyal Customers,Swiggy Instamart,333.3275
-0.2955,0.1577,3,Price-Sensitive,Zepto,267.057
0.9903,1.4006,3,Price-Sensitive,Zepto,739.7175
-0.4104,-1.6811,1,At-Risk,Blinkit,50.0
0.9742,2.6028,3,Price-Sensitive,Swiggy Instamart,1390.143
2.2909,-0.6121,0,Loyal Customers,Blinkit,270.4184
-1.3049,-0.6131,1,At-Risk,Zepto,809.0145
0.7118,-1.4459,0,Loyal Customers,Blinkit,50.0
0.6809,-0.689,0,Loyal Customers,Swiggy Instamart,475.423
0.1508,1.9112,3,Price-Sensitive,Blinkit,1129.7736
-0.9106,1.5872,2,Price-Sensitive,Blinkit,1147.8000000000002
2.5495,-0.3928,0,Loyal Customers,Zepto,366.2025
2.0477,0.8728,3,Price-Sensitive,Swiggy Instamart,269.48175000000003
1.4299,1.0182,3,Price-Sensitive,Blinkit,403.0236
0.5205,-0.8396,0,Loyal Customers,Blinkit,357.2316
0.8926,-0.1889,0,Loyal Customers,Blinkit,760.4280000000001
-1.2787,-0.9375,1,At-Risk,Zepto,599.2665000000001
0.3287,-0.7494,0,Loyal Customers,Swiggy Instamart,513.7164999999999
0.5655,-0.0759,0,Loyal Customers,Zepto,780.3720000000001
-0.8896,-1.1715,1,At-Risk,Zepto,364.99050000000005
-0.0586,-0.9095,1,At-Risk,Swiggy Instamart,510.793
-0.624,-1.4665,1,At-Risk,Blinkit,275.7456
1.0761,-0.4464,0,Loyal Customers,Swiggy Instamart,520.3059999999999
-0.2243,1.941,3,Price-Sensitive,Swiggy Instamart,1227.97575
0.1413,2.0788,3,Price-Sensitive,Zepto,1270.6815
-0.3755,1.2333,2,Price-Sensitive,Swiggy Instamart,826.01625
-1.0736,-1.063,1,At-Risk,Zepto,513.6305
3.2434,0.3852,0,Loyal Customers,Swiggy Instamart,694.9704999999999
-0.0526,-1.0226,1,At-Risk,Blinkit,428.2092
-0.6834,-0.6976,1,At-Risk,Swiggy Instamart,687.792
1.3402,-0.4669,0,Loyal Customers,Swiggy Instamart,429.7435
-1.3622,-0.6979,1,At-Risk,Blinkit,821.5668000000001
-0.31,0.4211,2,Price-Sensitive,Swiggy Instamart,441.56549999999993
-0.4012,0.3745,2,Price-Sensitive,Blinkit,379.9548
0.7249,1.6468,3,Price-Sensitive,Blinkit,886.7394000000002
-1.0447,0.5557,2,Price-Sensitive,Swiggy Instamart,558.693
-0.1399,-0.0749,2,Price-Sensitive,Blinkit,50.0
1.7183,-0.364,0,Loyal Customers,Zepto,506.34350000000006
0.3587,-0.71,0,Loyal Customers,Zepto,501.69000000000005
-1.6663,-1.8766,1,At-Risk,Zepto,144.35399999999998
1.1148,1.8255,3,Price-Sensitive,Blinkit,885.4128000000001
-0.0193,2.0836,3,Price-Sensitive,Blinkit,1182.2064000000005
-0.94,0.0567,2,Price-Sensitive,Swiggy Instamart,375.429
-0.5616,-0.8988,1,At-Risk,Zepto,505.0185000000001
1.439,-1.3206,0,Loyal Customers,Blinkit,50.0
1.1857,-0.647,0,Loyal Customers,Zepto,391.421
-1.3926,-0.4917,1,At-Risk,Zepto,890.706
-0.599,-0.9545,1,At-Risk,Zepto,500.5035
0.5285,0.4092,3,Price-Sensitive,Swiggy Instamart,270.825
0.6212,1.7905,3,Price-Sensitive,Swiggy Instamart,1010.664
1.3424,-0.7362,0,Loyal Customers,Swiggy Instamart,342.69249999999994
-0.6691,-1.376,1,At-Risk,Blinkit,338.23440000000005
1.0203,-0.8385,0,Loyal Customers,Zepto,325.422
-0.1948,-0.0142,1,At-Risk,Zepto,927.303
-0.2487,2.1837,3,Price-Sensitive,Zepto,1425.72825
-2.1843,-1.2945,1,At-Risk,Zepto,631.1315
-0.6736,1.7937,2,Price-Sensitive,Swiggy Instamart,1276.22025
0.5914,1.2273,3,Price-Sensitive,Swiggy Instamart,698.36625
0.8536,1.7932,3,Price-Sensitive,Swiggy Instamart,957.79125
-0.0311,-0.3238,1,At-Risk,Swiggy Instamart,794.6039999999999
-0.4113,-0.6747,1,At-Risk,Zepto,616.413
-0.1559,-1.5728,1,At-Risk,Blinkit,118.30320000000002
0.3529,-1.4568,1,At-Risk,Blinkit,50.0
1.8382,-0.535,0,Loyal Customers,Zepto,346.649
-0.2638,-0.5639,1,At-Risk,Zepto,643.6835
-0.5309,-1.7108,1,At-Risk,Swiggy Instamart,109.323
1.6135,1.4732,3,Price-Sensitive,Blinkit,628.5762000000001
0.5059,-0.0607,0,Loyal Customers,Blinkit,825.5088000000001
-2.1145,0.5634,2,Price-Sensitive,Swiggy Instamart,782.7405
1.5511,-0.7017,0,Loyal Customers,Blinkit,324.21320000000003
-0.0994,-1.0495,1,At-Risk,Zepto,376.5615
-0.0507,1.8929,3,Price-Sensitive,Blinkit,1137.447
1.2104,0.7215,0,Loyal Customers,Swiggy Instamart,1155.2324999999998
0.4255,-0.0679,0,Loyal Customers,Blinkit,804.1664000000001
0.856,-0.4608,0,Loyal Customers,Swiggy Instamart,548.7995
2.2462,-0.2796,0,Loyal Customers,Swiggy Instamart,458.703
-0.3566,-0.8794,1,At-Risk,Blinkit,493.94880000000006
-0.5364,1.1903,2,Price-Sensitive,Zepto,880.7107500000002
2.1352,-0.7948,0,Loyal Customers,Blinkit,191.742
-1.833,1.0675,2,Price-Sensitive,Zepto,1005.0
0.8237,0.2069,3,Price-Sensitive,Swiggy Instamart,50.0
-0.1731,0.3269,3,Price-Sensitive,Swiggy Instamart,389.0220000000001
-1.4733,0.5116,2,Price-Sensitive,Zepto,604.05975
0.0082,-0.0365,3,Price-Sensitive,Zepto,50.0
0.1638,0.2929,0,Loyal Customers,Zepto,1071.4725
1.1112,0.2483,0,Loyal Customers,Blinkit,919.4484
0.2105,-1.5115,1,At-Risk,Blinkit,112.77360000000002
0.5268,1.0892,3,Price-Sensitive,Blinkit,641.6946
0.4515,-0.8049,0,Loyal Customers,Blinkit,411.75
0.1392,-1.1816,1,At-Risk,Swiggy Instamart,267.2945
0.0033,-0.4087,1,At-Risk,Zepto,710.5245000000001
-0.1112,-0.8462,1,At-Risk,Swiggy Instamart,555.3505
-1.0042,-1.4124,1,At-Risk,Blinkit,361.30320000000006
3.1563,0.4125,0,Loyal Customers,Blinkit,666.7908
0.4624,-0.2661,0,Loyal Customers,Swiggy Instamart,703.0374999999999
0.3931,-1.5056,1,At-Risk,Zepto,50.0
0.4378,2.1765,3,Price-Sensitive,Zepto,1174.74525
0.8396,0.1517,0,Loyal Customers,Blinkit,927.0072
1.0593,2.0706,3,Price-Sensitive,Swiggy Instamart,1059.507
-1.6422,0.5589,2,Price-Sensitive,Zepto,710.64225
-1.1821,1.0645,2,Price-Sensitive,Blinkit,899.1138000000001
-0.3696,-1.0466,1,At-Risk,Swiggy Instamart,403.249
-0.3585,-1.0768,1,At-Risk,Blinkit,366.1816
-1.5292,-0.2849,2,Price-Sensitive,Blinkit,231.3522
0.1139,-0.324,1,At-Risk,Blinkit,754.3164
-2.1652,0.2136,2,Price-Sensitive,Zepto,607.8240000000001
1.7664,-1.2676,0,Loyal Customers,Blinkit,50.0
-1.5466,1.2181,2,Price-Sensitive,Blinkit,1068.7752
-0.1533,-1.2473,1,At-Risk,Swiggy Instamart,241.408
1.7514,0.1317,0,Loyal Customers,Swiggy Instamart,702.3189999999998
2.6156,-0.7412,0,Loyal Customers,Zepto,88.0995
-0.1896,-0.54,1,At-Risk,Blinkit,655.2236
-1.8021,-1.3193,1,At-Risk,Zepto,507.1605
-0.954,-1.633,1,At-Risk,Blinkit,115.33
1.0004,-0.3675,0,Loyal Customers,Swiggy Instamart,577.967
-0.8645,-0.8434,1,At-Risk,Blinkit,594.5184
-0.3551,0.8897,2,Price-Sensitive,Swiggy Instamart,716.49975
0.2491,0.6004,0,Loyal Customers,Zepto,1181.4935
-1.8371,-1.7035,1,At-Risk,Zepto,294.17600000000004
1.6591,-0.7232,0,Loyal Customers,Blinkit,270.0128
-1.9228,0.282,2,Price-Sensitive,Zepto,581.0205
0.1084,0.7665,3,Price-Sensitive,Zepto,523.73775
-1.5575,0.7571,2,Price-Sensitive,Zepto,783.9247500000001
0.4628,-1.2223,1,At-Risk,Swiggy Instamart,182.1485
2.3158,-0.6185,0,Loyal Customers,Blinkit,251.7792000000001
-1.7342,0.6719,2,Price-Sensitive,Zepto,758.37825
0.1879,-0.1249,3,Price-Sensitive,Blinkit,50.0
2.4282,-0.6848,0,Loyal Customers,Swiggy Instamart,204.083
2.2968,-0.8951,0,Loyal Customers,Zepto,97.10850000000002
0.9258,-0.9137,0,Loyal Customers,Swiggy Instamart,269.468
-1.2423,-0.4924,2,Price-Sensitive,Zepto,50.0
-0.5621,-1.6518,1,At-Risk,Zepto,50.0
-2.0669,0.2088,2,Price-Sensitive,Zepto,535.7677500000001
-0.8184,0.0094,2,Price-Sensitive,Blinkit,252.0684
1.3815,0.1054,0,Loyal Customers,Swiggy Instamart,785.588
-2.1145,1.7159,2,Price-Sensitive,Zepto,1403.37225
-0.8597,1.7715,2,Price-Sensitive,Swiggy Instamart,1269.09975
-1.129,-1.4984,1,At-Risk,Swiggy Instamart,353.7975
0.9151,-1.1152,0,Loyal Customers,Swiggy Instamart,204.777
-0.0512,-0.6553,1,At-Risk,Zepto,489.3475
1.5095,1.1481,3,Price-Sensitive,Swiggy Instamart,462.1792499999999
0.5366,-0.041,3,Price-Sensitive,Swiggy Instamart,50.0
0.8196,-1.3899,0,Loyal Customers,Blinkit,50.0
-1.5523,-1.18,1,At-Risk,Zepto,527.7255
-1.3701,-1.6775,1,At-Risk,Zepto,242.739
1.5092,-1.0186,0,Loyal Customers,Swiggy Instamart,116.7215
-1.6274,-0.1743,1,At-Risk,Zepto,1092.231
0.7956,0.1399,0,Loyal Customers,Zepto,843.9605
-0.1009,0.2684,3,Price-Sensitive,Blinkit,246.98520000000005
-0.1168,-0.4551,1,At-Risk,Zepto,727.0620000000001
-0.9962,-1.3766,1,At-Risk,Swiggy Instamart,380.6465
2.5688,0.2422,0,Loyal Customers,Blinkit,683.0880000000001
1.0764,-0.3955,0,Loyal Customers,Zepto,471.6935
-2.0057,2.442,2,Price-Sensitive,Blinkit,1801.8414
0.3347,-0.0434,0,Loyal Customers,Swiggy Instamart,927.889
-2.4756,0.9773,2,Price-Sensitive,Zepto,1001.90475
-0.4807,-1.7941,1,At-Risk,Blinkit,50.0
1.1437,-1.2744,0,Loyal Customers,Zepto,50.0
0.5069,0.3251,0,Loyal Customers,Swiggy Instamart,1021.209
0.2184,-0.0661,0,Loyal Customers,Zepto,836.4825
1.3726,0.1044,0,Loyal Customers,Blinkit,827.2464000000001
-0.765,1.2416,2,Price-Sensitive,Zepto,921.73725
-0.3635,-0.565,1,At-Risk,Swiggy Instamart,679.4544999999999
0.0788,0.8861,3,Price-Sensitive,Blinkit,583.1544
-1.4741,-1.4035,1,At-Risk,Blinkit,344.0956
1.9504,-0.472,0,Loyal Customers,Blinkit,355.03920000000005
1.059,2.4778,3,Price-Sensitive,Swiggy Instamart,1301.3055
-0.6257,1.6134,2,Price-Sensitive,Zepto,1065.582
0.8275,1.8722,3,Price-Sensitive,Blinkit,999.8604
0.8494,0.8852,3,Price-Sensitive,Swiggy Instamart,411.999
-0.845,-1.1391,1,At-Risk,Swiggy Instamart,472.9835
0.7997,1.2871,3,Price-Sensitive,Blinkit,722.2914000000002
-1.2205,0.1079,2,Price-Sensitive,Zepto,351.981
1.3643,-0.9309,0,Loyal Customers,Swiggy Instamart,173.86849999999998
-0.9002,-1.5882,1,At-Risk,Swiggy Instamart,256.532
-0.5772,-1.3571,1,At-Risk,Zepto,300.579
-0.7117,-1.6351,1,At-Risk,Blinkit,84.48519999999999
1.6124,1.3479,3,Price-Sensitive,Zepto,591.8760000000001
1.2349,-1.0052,0,Loyal Customers,Blinkit,163.9548
-0.4483,-1.446,1,At-Risk,Zepto,214.64300000000003
3.8113,-0.028,0,Loyal Customers,Swiggy Instamart,344.807
0.8795,-1.4207,0,Loyal Customers,Swiggy Instamart,50.0
0.7801,-0.8347,0,Loyal Customers,Blinkit,338.6772
0.0352,-0.0481,3,Price-Sensitive,Swiggy Instamart,50.0
-0.4334,-1.1444,1,At-Risk,Blinkit,378.378
-0.8221,0.2995,2,Price-Sensitive,Blinkit,395.3316
-1.0287,1.2523,2,Price-Sensitive,Swiggy Instamart,1044.60825
-0.3176,3.7425,3,Price-Sensitive,Swiggy Instamart,2284.21425
-1.3369,-0.2087,2,Price-Sensitive,Zepto,270.207
-0.4625,0.7132,2,Price-Sensitive,Zepto,530.01225
0.5432,-0.1491,0,Loyal Customers,Blinkit,833.0660000000001
0.6619,2.1029,3,Price-Sensitive,Swiggy Instamart,1176.4364999999998
0.3798,-1.2626,1,At-Risk,Blinkit,162.0992
-1.4484,1.7273,2,Price-Sensitive,Zepto,1290.138
-1.4546,-1.8643,1,At-Risk,Zepto,158.14050000000003
1.3742,0.4034,3,Price-Sensitive,Blinkit,98.29740000000004
-1.4081,1.2819,2,Price-Sensitive,Blinkit,1042.47
2.0122,0.3683,3,Price-Sensitive,Swiggy Instamart,50.0
0.9579,0.4351,3,Price-Sensitive,Blinkit,224.4348
-2.2593,2.6463,2,Price-Sensitive,Blinkit,1941.3708
0.4859,-1.1595,0,Loyal Customers,Zepto,253.44050000000004
-1.5224,-0.3859,2,Price-Sensitive,Swiggy Instamart,155.78924999999998
-0.051,-0.5351,1,At-Risk,Swiggy Instamart,660.5485
0.0307,0.6872,3,Price-Sensitive,Swiggy Instamart,459.4387499999999
0.627,-0.6981,0,Loyal Customers,Blinkit,418.67280000000005
0.3163,0.8001,3,Price-Sensitive,Swiggy Instamart,530.68125
0.09,-0.6319,1,At-Risk,Zepto,536.8965000000001
0.5935,2.4595,3,Price-Sensitive,Blinkit,1427.8662000000002
-2.0311,-0.1293,2,Price-Sensitive,Zepto,326.8755
2.2301,-0.2876,0,Loyal Customers,Swiggy Instamart,415.978
-1.7081,0.5607,2,Price-Sensitive,Zepto,681.2745
1.0912,-1.174,0,Loyal Customers,Blinkit,56.81999999999999
-0.9954,-1.9888,1,At-Risk,Swiggy Instamart,94.76
-0.2131,-1.461,1,At-Risk,Zepto,119.763
0.5938,-0.6234,0,Loyal Customers,Blinkit,482.8896
-0.1027,1.5854,3,Price-Sensitive,Swiggy Instamart,1035.36225
2.1957,2.3648,3,Price-Sensitive,Swiggy Instamart,1075.33425
-1.8139,-0.548,1,At-Risk,Zepto,874.0010000000001
0.583,-0.6808,0,Loyal Customers,Swiggy Instamart,450.1789999999999
1.1433,1.567,3,Price-Sensitive,Blinkit,782.3628
-1.4502,-1.6793,1,At-Risk,Zepto,281.238
1.2664,1.4717,3,Price-Sensitive,Blinkit,685.6002
-0.6286,-1.4561,1,At-Risk,Zepto,213.108
1.2119,-0.6054,0,Loyal Customers,Swiggy Instamart,447.4535
0.7248,-1.1713,0,Loyal Customers,Swiggy Instamart,228.7235
1.3661,-0.603,0,Loyal Customers,Swiggy Instamart,475.9085
0.3631,0.0188,3,Price-Sensitive,Swiggy Instamart,85.77299999999998
0.5285,-0.3327,0,Loyal Customers,Swiggy Instamart,583.4554999999999
-0.7861,-0.9252,1,At-Risk,Swiggy Instamart,564.512
1.0325,0.5008,3,Price-Sensitive,Swiggy Instamart,244.69725
-0.3867,-0.1389,2,Price-Sensitive,Swiggy Instamart,80.259
0.0407,-0.7666,1,At-Risk,Swiggy Instamart,495.374
-1.2891,-0.3581,2,Price-Sensitive,Blinkit,50.0
2.5459,0.5269,3,Price-Sensitive,Swiggy Instamart,50.0
3.0535,-0.554,0,Loyal Customers,Blinkit,166.1352
1.8899,0.0718,0,Loyal Customers,Blinkit,673.3368
-0.3615,1.42,3,Price-Sensitive,Blinkit,970.0104
0.3663,0.6803,3,Price-Sensitive,Zepto,387.92475
-0.2777,0.0587,1,At-Risk,Swiggy Instamart,972.259
2.4365,-0.273,0,Loyal Customers,Blinkit,380.5352
-0.3954,2.1927,2,Price-Sensitive,Blinkit,1389.7956
-0.3451,-0.1653,1,At-Risk,Zepto,887.9850000000001
-0.9743,1.7914,2,Price-Sensitive,Swiggy Instamart,1292.8035
0.8577,-0.4474,0,Loyal Customers,Blinkit,474.5704
1.6056,1.225,3,Price-Sensitive,Swiggy Instamart,518.1059999999999
1.0097,-0.7245,0,Loyal Customers,Zepto,337.52
-1.9443,1.1637,2,Price-Sensitive,Zepto,1113.84
1.1379,-0.8725,0,Loyal Customers,Blinkit,280.3788
0.8067,-1.0364,0,Loyal Customers,Blinkit,197.2944
-0.8699,-1.3171,1,At-Risk,Swiggy Instamart,417.0935
-1.7622,1.17,2,Price-Sensitive,Blinkit,1038.015
-1.1827,-0.3796,1,At-Risk,Zepto,883.052
-0.3377,-1.3994,1,At-Risk,Blinkit,188.6652
-0.5922,1.1239,2,Price-Sensitive,Blinkit,832.4856
-1.5744,-0.9768,1,At-Risk,Zepto,642.7425000000001
-1.8936,0.9621,2,Price-Sensitive,Blinkit,966.0738
-0.1915,2.1802,3,Price-Sensitive,Zepto,1282.26675
1.1072,0.0971,0,Loyal Customers,Zepto,774.719
0.0593,-0.9463,0,Loyal Customers,Zepto,429.6725
0.9622,-1.1916,0,Loyal Customers,Zepto,50.0
-0.5943,-1.0935,1,At-Risk,Zepto,395.1885
0.3879,1.3182,3,Price-Sensitive,Blinkit,774.849
-0.8999,-1.9727,1,At-Risk,Swiggy Instamart,50.0
2.0142,-0.2739,0,Loyal Customers,Swiggy Instamart,473.5815
-0.8159,0.5983,2,Price-Sensitive,Zepto,526.428
-0.498,-0.6005,1,At-Risk,Zepto,648.125
-0.031,-1.2067,1,At-Risk,Blinkit,236.918
-0.0424,-1.1461,1,At-Risk,Swiggy Instamart,323.6675
-1.4015,-0.8958,1,At-Risk,Swiggy Instamart,705.8699999999999
-0.7838,-1.6864,1,At-Risk,Blinkit,133.5064
-0.2533,-0.6371,1,At-Risk,Swiggy Instamart,622.3775
-0.0654,1.2132,3,Price-Sensitive,Zepto,782.6610000000001
-0.5279,-0.4943,1,At-Risk,Zepto,714.6045
-0.873,-0.1588,2,Price-Sensitive,Zepto,242.19450000000003
0.2297,-0.0078,3,Price-Sensitive,Zepto,50.0
2.5761,-0.6541,0,Loyal Customers,Swiggy Instamart,220.699
0.4385,-0.2689,0,Loyal Customers,Zepto,677.5545
0.7232,1.4175,3,Price-Sensitive,Swiggy Instamart,848.5852499999999
1.5653,-0.2884,0,Loyal Customers,Blinkit,593.5884000000001
-1.3751,-1.1267,1,At-Risk,Blinkit,565.9739999999999
-2.3411,0.1189,2,Price-Sensitive,Zepto,617.8252500000001
0.6098,-0.9744,0,Loyal Customers,Blinkit,329.25960000000003
-0.2167,0.9306,2,Price-Sensitive,Blinkit,636.3522
0.9323,0.6501,0,Loyal Customers,Zepto,1083.7890000000002
-0.8558,-1.2122,1,At-Risk,Blinkit,473.7312
2.8333,2.4226,3,Price-Sensitive,Blinkit,975.4002000000002
0.9887,0.7835,3,Price-Sensitive,Blinkit,481.8834000000001
1.5,0.4461,3,Price-Sensitive,Blinkit,140.0004
-0.6402,-0.4185,1,At-Risk,Zepto,793.004
-1.918,2.2217,2,Price-Sensitive,Zepto,1673.27325
-1.602,-1.7581,1,At-Risk,Zepto,208.154
1.1104,-1.2539,0,Loyal Customers,Blinkit,50.0
-1.4753,-0.8899,1,At-Risk,Swiggy Instamart,711.5509999999999
0.5447,0.5639,0,Loyal Customers,Swiggy Instamart,1157.023
-0.1757,-0.0015,0,Loyal Customers,Zepto,981.4515
-0.4561,-0.1063,2,Price-Sensitive,Zepto,50.0
0.114,1.5173,3,Price-Sensitive,Swiggy Instamart,884.067
-0.9747,0.6717,2,Price-Sensitive,Zepto,602.05575
-0.9651,1.9244,2,Price-Sensitive,Blinkit,1424.0592
-0.0777,-0.8855,1,At-Risk,Zepto,448.5995
1.0697,2.2236,3,Price-Sensitive,Zepto,1119.27675
0.5382,-1.3292,0,Loyal Customers,Swiggy Instamart,182.183
-0.7638,1.1792,2,Price-Sensitive,Zepto,822.7485
-0.9768,-1.8499,1,At-Risk,Zepto,50.0
0.9068,-0.5582,0,Loyal Customers,Swiggy Instamart,530.909
1.127,-0.4737,0,Loyal Customers,Zepto,455.8155
0.1926,-1.1997,0,Loyal Customers,Zepto,181.456
-1.455,-1.499,1,At-Risk,Zepto,385.35
-0.5523,-0.9573,1,At-Risk,Swiggy Instamart,525.3199999999999
1.7547,0.6672,0,Loyal Customers,Swiggy Instamart,1023.2585
-0.6654,-1.2437,1,At-Risk,Zepto,347.909
1.4478,0.4542,0,Loyal Customers,Swiggy Instamart,938.3655
-0.1862,-1.3238,1,At-Risk,Blinkit,187.8412
0.2502,-0.5155,0,Loyal Customers,Blinkit,607.2192
1.3513,1.4589,3,Price-Sensitive,Swiggy Instamart,675.4927499999999
1.3794,1.1559,3,Price-Sensitive,Swiggy Instamart,541.5674999999999
0.9772,-1.2875,0,Loyal Customers,Blinkit,50.0
-1.5207,-0.5654,1,At-Risk,Zepto,880.847
-0.539,1.0444,2,Price-Sensitive,Blinkit,811.5714000000002
-1.1704,-0.6824,1,At-Risk,Swiggy Instamart,807.8035
-2.3097,-0.3005,2,Price-Sensitive,Zepto,359.4465
0.3369,-0.9604,1,At-Risk,Zepto,307.19000000000005
-1.1757,2.3707,2,Price-Sensitive,Zepto,1611.65325
0.1486,-0.069,0,Loyal Customers,Swiggy Instamart,938.4
1.8998,0.5874,0,Loyal Customers,Swiggy Instamart,1035.9109999999998
3.2357,-0.5158,0,Loyal Customers,Blinkit,150.0756
-0.5216,1.114,2,Price-Sensitive,Blinkit,819.4608
0.4344,-1.2328,1,At-Risk,Swiggy Instamart,227.635
-1.2056,0.5901,2,Price-Sensitive,Swiggy Instamart,662.406
-0.7441,-0.3152,2,Price-Sensitive,Blinkit,50.0
1.2828,-0.6404,0,Loyal Customers,Swiggy Instamart,396.129
-0.2509,-0.0554,1,At-Risk,Blinkit,992.4876
-0.5184,2.4518,2,Price-Sensitive,Blinkit,1568.334
0.3376,-1.0463,0,Loyal Customers,Swiggy Instamart,288.8829999999999
-0.3282,-1.7291,1,At-Risk,Swiggy Instamart,50.0
0.6554,1.8169,3,Price-Sensitive,Zepto,955.35975
1.0476,-0.972,0,Loyal Customers,Swiggy Instamart,226.3315
0.6612,-0.5183,0,Loyal Customers,Swiggy Instamart,579.655
0.7127,0.089,0,Loyal Customers,Swiggy Instamart,862.5319999999999
-0.1439,0.0601,3,Price-Sensitive,Blinkit,81.7566
0.893,-1.2161,0,Loyal Customers,Zepto,77.9415
0.1274,0.8616,3,Price-Sensitive,Blinkit,571.0853999999999
-0.9692,-1.8188,1,At-Risk,Swiggy Instamart,80.601
0.5236,2.9266,3,Price-Sensitive,Swiggy Instamart,1640.47125
-0.3572,-0.8558,1,At-Risk,Swiggy Instamart,559.5669999999999
1.7628,-0.3919,0,Loyal Customers,Zepto,426.63
0.3705,0.1815,0,Loyal Customers,Zepto,990.0825
-0.6972,-1.3517,1,At-Risk,Swiggy Instamart,308.3525
-1.3979,-1.2294,1,At-Risk,Zepto,456.9705
0.8004,-0.1403,0,Loyal Customers,Zepto,723.6285
-0.9821,0.0662,2,Price-Sensitive,Blinkit,254.157
-2.3225,0.0134,2,Price-Sensitive,Blinkit,515.0256
-0.0346,0.1171,0,Loyal Customers,Zepto,1023.126
-1.38,0.3606,2,Price-Sensitive,Blinkit,527.4882
1.5581,-0.2175,0,Loyal Customers,Swiggy Instamart,570.5609999999999
-1.0444,-0.2549,2,Price-Sensitive,Blinkit,134.865
-2.2863,0.7235,2,Price-Sensitive,Zepto,879.939
-1.9353,-1.7163,1,At-Risk,Zepto,321.421
0.4299,-1.1534,0,Loyal Customers,Blinkit,161.61880000000002
-1.1446,0.0283,1,At-Risk,Blinkit,1149.5756
0.9193,-0.6477,0,Loyal Customers,Blinkit,459.4104
-1.5222,-0.3284,2,Price-Sensitive,Zepto,130.77225
-1.5864,0.171,2,Price-Sensitive,Zepto,501.34725
1.1069,0.6146,0,Loyal Customers,Swiggy Instamart,1102.3365
-0.347,1.2088,2,Price-Sensitive,Blinkit,836.9202
-0.3044,-0.8143,1,At-Risk,Swiggy Instamart,540.5484999999999
-0.5397,0.6671,2,Price-Sensitive,Zepto,530.7082500000001
2.8606,0.2668,0,Loyal Customers,Zepto,601.896
-0.9331,-0.4608,1,At-Risk,Swiggy Instamart,834.2444999999999
-2.117,-1.1483,1,At-Risk,Zepto,689.8080000000001
1.3783,0.3851,0,Loyal Customers,Swiggy Instamart,930.166
-2.0021,2.9305,2,Price-Sensitive,Blinkit,2097.6732
-0.9854,-1.0856,1,At-Risk,Zepto,534.662
0.4402,-0.8345,0,Loyal Customers,Zepto,458.15100000000007
0.0298,-0.8746,1,At-Risk,Blinkit,488.67840000000007
1.4576,-0.3941,0,Loyal Customers,Blinkit,549.8712
0.6036,2.344,3,Price-Sensitive,Swiggy Instamart,1330.7685
-0.3306,1.4176,3,Price-Sensitive,Zepto,928.1475
1.0624,0.823,3,Price-Sensitive,Swiggy Instamart,443.16975
1.2835,0.8049,3,Price-Sensitive,Zepto,299.26874999999995
0.1878,-0.4251,1,At-Risk,Blinkit,642.9456000000001
-0.0425,-0.4959,1,At-Risk,Swiggy Instamart,718.7284999999999
1.8209,1.7988,3,Price-Sensitive,Swiggy Instamart,807.3059999999999
1.7276,-0.6854,0,Loyal Customers,Blinkit,324.54800000000006
0.371,0.257,3,Price-Sensitive,Blinkit,196.9086
0.6945,-0.6435,0,Loyal Customers,Blinkit,474.3144
-1.3292,0.4901,2,Price-Sensitive,Swiggy Instamart,654.9675
0.4953,-1.1279,0,Loyal Customers,Zepto,241.332
-0.533,-0.3861,1,At-Risk,Zepto,792.3635
1.7668,0.8325,3,Price-Sensitive,Swiggy Instamart,323.9242499999999
0.7009,-0.5657,0,Loyal Customers,Swiggy Instamart,503.769
0.3331,-1.511,1,At-Risk,Swiggy Instamart,73.72649999999999
0.9772,-1.2102,0,Loyal Customers,Zepto,50.0
0.4825,-0.0385,3,Price-Sensitive,Zepto,50.0
1.6012,-0.2069,0,Loyal Customers,Blinkit,530.5500000000001
-1.4907,1.783,2,Price-Sensitive,Zepto,1318.725
-2.33,1.4527,2,Price-Sensitive,Blinkit,1295.4444
-0.7971,-0.3806,1,At-Risk,Zepto,797.302
-1.508,0.2354,1,At-Risk,Zepto,1354.668
-1.0814,-1.8511,1,At-Risk,Swiggy Instamart,122.5095
0.1346,-0.841,1,At-Risk,Blinkit,442.8956
2.6458,1.1238,3,Price-Sensitive,Swiggy Instamart,348.0052499999999
0.2832,2.4583,3,Price-Sensitive,Swiggy Instamart,1461.1439999999998
-1.2395,0.1811,2,Price-Sensitive,Blinkit,367.1682
-0.006,-0.9201,1,At-Risk,Zepto,444.2445
-0.6466,-0.12,1,At-Risk,Swiggy Instamart,1043.317
0.5983,1.4551,3,Price-Sensitive,Swiggy Instamart,797.1089999999999
-0.8683,-0.3643,1,At-Risk,Swiggy Instamart,908.8194999999998
-0.6481,-0.2007,2,Price-Sensitive,Blinkit,152.7174
-1.1799,-0.764,1,At-Risk,Swiggy Instamart,742.9895
1.405,0.335,3,Price-Sensitive,Blinkit,50.0
-1.198,-1.2223,1,At-Risk,Zepto,476.49
0.135,-1.6647,1,At-Risk,Blinkit,50.0
-0.6712,1.0572,2,Price-Sensitive,Blinkit,805.5450000000001
2.0058,0.1597,0,Loyal Customers,Blinkit,718.3268
0.9804,0.2713,0,Loyal Customers,Swiggy Instamart,945.2655
0.456,-0.0193,3,Price-Sensitive,Blinkit,59.97240000000001
-0.3019,-0.8567,1,At-Risk,Swiggy Instamart,560.6595
-0.5467,1.2818,2,Price-Sensitive,Blinkit,922.3974
0.1082,0.6511,3,Price-Sensitive,Swiggy Instamart,512.44575
0.103,-1.3839,1,At-Risk,Blinkit,221.7768
-1.5251,1.4982,2,Price-Sensitive,Blinkit,1219.6782
-1.1642,-0.4485,2,Price-Sensitive,Blinkit,50.0
0.9699,1.4337,3,Price-Sensitive,Swiggy Instamart,739.8907499999999
-0.5982,-1.2229,1,At-Risk,Blinkit,364.1976000000001
-1.1505,0.2598,2,Price-Sensitive,Blinkit,493.938
0.7251,0.3097,0,Loyal Customers,Zepto,924.678
0.4611,0.1131,0,Loyal Customers,Blinkit,835.1068000000001
-0.0911,0.8413,3,Price-Sensitive,Blinkit,654.2046
-0.9934,-0.6346,1,At-Risk,Zepto,695.8665000000001
-1.4032,-0.3724,1,At-Risk,Blinkit,1001.322
0.769,-0.5147,0,Loyal Customers,Blinkit,506.4444
0.1634,2.0262,3,Price-Sensitive,Zepto,1186.84125
-0.9525,1.388,2,Price-Sensitive,Blinkit,1049.6496000000002
-2.3525,0.8866,2,Price-Sensitive,Zepto,971.04675
0.1875,0.9886,3,Price-Sensitive,Blinkit,627.5718
-2.2147,1.2114,2,Price-Sensitive,Blinkit,1155.2496
0.3199,-1.0655,1,At-Risk,Swiggy Instamart,408.678
0.3005,-0.7072,0,Loyal Customers,Zepto,506.549
-0.679,0.738,2,Price-Sensitive,Swiggy Instamart,590.20875
0.7096,0.4808,0,Loyal Customers,Zepto,1086.792
2.2578,-0.5555,0,Loyal Customers,Blinkit,236.7008
1.7441,-0.3393,0,Loyal Customers,Swiggy Instamart,444.852
-2.043,-0.6159,1,At-Risk,Zepto,962.514
0.8565,1.4377,3,Price-Sensitive,Swiggy Instamart,747.4214999999999
-0.5147,-1.6187,1,At-Risk,Blinkit,50.0
0.1559,-0.7552,1,At-Risk,Blinkit,472.4568
-0.8267,0.116,2,Price-Sensitive,Swiggy Instamart,317.48625
0.2967,2.5273,3,Price-Sensitive,Swiggy Instamart,1456.038
-0.1275,-1.6723,1,At-Risk,Blinkit,50.0
-1.513,0.186,2,Price-Sensitive,Swiggy Instamart,456.4867499999999
-0.4917,1.1438,2,Price-Sensitive,Blinkit,787.0139999999999
0.6869,-0.503,0,Loyal Customers,Zepto,505.596
0.318,-0.0848,0,Loyal Customers,Blinkit,853.3080000000001
0.1335,-0.1199,3,Price-Sensitive,Blinkit,50.0
-1.5517,0.8323,2,Price-Sensitive,Blinkit,783.6912000000001
-2.2109,-0.4573,2,Price-Sensitive,Zepto,196.35525
-0.8017,-0.5918,1,At-Risk,Blinkit,749.8424
-0.4861,1.2667,2,Price-Sensitive,Swiggy Instamart,931.9274999999998
-1.8856,-1.7836,1,At-Risk,Zepto,299.7015
0.8646,0.5564,0,Loyal Customers,Swiggy Instamart,1118.4209999999998
-0.3289,-1.0207,1,At-Risk,Swiggy Instamart,450.041
0.8265,1.1202,3,Price-Sensitive,Blinkit,617.6442000000001
2.2106,0.1353,0,Loyal Customers,Swiggy Instamart,677.6415
-0.4477,-0.9681,1,At-Risk,Swiggy Instamart,539.768
-0.8939,-1.4692,1,At-Risk,Zepto,279.8225
2.747,-0.5988,0,Loyal Customers,Blinkit,160.45440000000002
0.7134,0.682,3,Price-Sensitive,Blinkit,329.8026
2.37,1.2978,3,Price-Sensitive,Blinkit,491.24700000000007
1.8098,-0.2812,0,Loyal Customers,Swiggy Instamart,555.303
0.7287,1.5947,3,Price-Sensitive,Swiggy Instamart,905.499
-0.2345,0.9183,3,Price-Sensitive,Zepto,606.5955
1.4736,0.2937,0,Loyal Customers,Swiggy Instamart,879.0385
2.0469,-0.2889,0,Loyal Customers,Swiggy Instamart,502.5194999999999
-1.6001,0.4156,2,Price-Sensitive,Zepto,608.78475
0.4405,2.5814,3,Price-Sensitive,Swiggy Instamart,1498.0244999999998
-2.491,1.2785,2,Price-Sensitive,Zepto,1249.236
0.6923,0.1878,3,Price-Sensitive,Blinkit,106.3164
0.4888,-1.4243,0,Loyal Customers,Blinkit,50.0
0.5369,0.71,3,Price-Sensitive,Zepto,431.29425
0.4518,2.1306,3,Price-Sensitive,Blinkit,1225.3656
0.0817,1.5102,3,Price-Sensitive,Swiggy Instamart,968.4149999999998
-2.0113,-0.9857,1,At-Risk,Zepto,746.6445000000001
-0.6909,-0.322,1,At-Risk,Zepto,914.7515
0.6061,-1.3889,0,Loyal Customers,Blinkit,50.0
0.8213,2.2492,3,Price-Sensitive,Blinkit,1219.5036
-0.9213,0.5511,2,Price-Sensitive,Swiggy Instamart,574.7647499999999
1.4977,0.2717,3,Price-Sensitive,Swiggy Instamart,50.0
0.476,0.3452,3,Price-Sensitive,Blinkit,274.1526
-0.5178,-1.3536,1,At-Risk,Blinkit,325.05840000000006
-1.7493,-1.7257,1,At-Risk,Zepto,236.783
-0.8716,2.0523,2,Price-Sensitive,Blinkit,1408.5120000000002
-0.1182,2.748,3,Price-Sensitive,Swiggy Instamart,1679.0805
-1.5524,-1.446,1,At-Risk,Zepto,367.061
-0.7705,-1.2456,1,At-Risk,Swiggy Instamart,419.405
1.8019,-1.0105,0,Loyal Customers,Blinkit,50.0
1.4131,1.2961,3,Price-Sensitive,Zepto,610.82325
1.232,0.1291,0,Loyal Customers,Zepto,765.9555
1.6241,-0.2735,0,Loyal Customers,Blinkit,504.5412
0.758,-1.0174,0,Loyal Customers,Zepto,333.50550000000004
-0.417,-0.9742,1,At-Risk,Swiggy Instamart,479.4925
0.0729,0.7866,0,Loyal Customers,Swiggy Instamart,1383.229
0.1892,-0.853,1,At-Risk,Blinkit,444.3336000000001
1.0298,-1.0611,0,Loyal Customers,Blinkit,144.3504
1.5316,0.3663,0,Loyal Customers,Blinkit,879.9704
0.641,1.3076,3,Price-Sensitive,Blinkit,754.2396000000001
3.0149,-0.279,0,Loyal Customers,Blinkit,320.7264
1.2889,-1.235,0,Loyal Customers,Swiggy Instamart,50.0
0.4627,-0.2875,0,Loyal Customers,Blinkit,690.3468
2.0993,1.927,3,Price-Sensitive,Blinkit,900.9288
0.665,-1.1713,0,Loyal Customers,Zepto,190.934
-0.8201,-0.7856,1,At-Risk,Blinkit,579.0604000000001
-0.476,-1.2227,1,At-Risk,Zepto,294.17
0.9172,1.241,3,Price-Sensitive,Swiggy Instamart,664.5967499999999
